trip_id,rider_id,zone,distance_km,duration_min,fare_amount,ride_date,surge_flag,name,age,gender,city,signup_date,total_rides,cancelled_rides,avg_rating,population_density,traffic_index,avg_speed_kmph,zone_type,traffic_level,hour,day_of_week,month,gender_encoded,payment_mode_Credit Card,payment_mode_UPI,payment_mode_Wallet,zone_name_Zone_10,zone_name_Zone_2,zone_name_Zone_3,zone_name_Zone_4,zone_name_Zone_5,zone_name_Zone_6,zone_name_Zone_7,zone_name_Zone_8,zone_name_Zone_9,traffic_level_encoded,ride_frequency,log_fare,log_distance,sqrt_duration,avg_ride_distance,avg_ride_fare,is_peak_hour,days_since_signup,ride_cancellation_rate,surge_feature
T00001,R0037,Zone_10,0.8726004754791625,0.41503907389977185,-0.32982197212745307,2023-11-13,0.0,Aadhya Iyer,32.0,Male,Ahmedabad,2023-10-16 00:03:47.581311,0.16831122664114473,1.3809839546849962,3.36,2440.0,1.54,35.4,Industrial,Low,0,Monday,November,1,False,False,False,True,False,False,False,False,False,False,False,False,0.0,Low,4.662306377358901,2.551786178627545,8.636550237218563,0.9838757986626461,1.0679200880966029,0,1.5104710415185625,0.6893753966844082,0
T00002,R0104,Zone_9,-0.9877554341656454,-0.7290723495424977,-1.1759535838457937,2023-07-28,1.0,Diya Gupta,52.0,Female,Kolkata,2024-10-12 00:03:47.581311,0.5590549577479722,-0.026056301031792503,3.7,11037.0,1.83,56.1,Mixed,Low,0,Friday,July,0,False,False,False,False,False,False,False,False,False,False,False,True,0.0,Low,3.7252113833613265,1.5810384379124023,5.965735495309862,-1.7112490162600968,-1.464277387544063,0,0.21861849776883668,-0.3042589321795199,0
T00003,R0045,Zone_8,-0.7916827912419766,-0.8628453775142092,-1.0983039281741258,2024-01-14,1.0,Saanvi Iyer,34.0,Male,Ahmedabad,2025-11-24 00:03:47.581311,0.5590549577479722,-0.7295764288901869,4.88,4516.0,1.93,31.0,Business,Low,0,Sunday,January,1,False,False,False,False,False,False,False,False,False,False,True,False,0.0,Low,3.858411235979497,1.7404661748405046,5.570457790882182,0.9628412371079327,1.2276882915521163,0,-1.2373921040264342,-0.701712663725091,0
T00004,R0089,Zone_2,0.6928672194657998,-0.028230762208246083,1.6772442546752437,2023-12-13,0.0,Saanvi Reddy,48.0,Male,Surat,2024-03-31 00:03:47.581311,0.5590549577479722,-1.4330965567485814,3.91,6371.0,0.91,58.4,Residential,Low,0,Wednesday,December,1,False,False,False,False,True,False,False,False,False,False,False,False,0.0,Low,5.555437133417177,2.4898941912990393,7.712327793863536,1.1134388762545167,0.9096210175464279,0,0.9145059177445176,-1.0991663952706623,1
T00005,R0003,Zone_5,-0.18945967369070885,0.20968574148705682,-0.752099456609246,2023-03-15,1.0,Kavya Reddy,34.0,Male,Pune,2024-07-05 00:03:47.581311,0.9497986888547996,-0.026056301031792503,3.76,2590.0,1.31,43.9,Business,Low,0,Wednesday,March,1,False,True,False,False,False,False,False,True,False,False,False,False,0.0,Low,4.300545392805998,2.1138429683971687,8.221313763626833,-0.7800317884589186,-1.043168804390227,0,0.5719151879103362,-0.383749678488634,0
T00006,R0255,Zone_2,1.5145049612411727,0.5954566445195141,2.004134852494379,2024-02-10,1.0,Reyansh Sharma,37.0,Female,Bengaluru,2023-10-26 00:03:47.581311,0.16831122664114473,-0.026056301031792503,3.12,6371.0,0.91,58.4,Residential,Low,0,Saturday,February,0,False,True,False,False,True,False,False,False,False,False,False,False,0.0,Low,5.647282667416716,2.7459880404426023,8.985543945694106,0.5367481341747186,0.7370759488548032,0,1.4747845071608352,-0.204895499293127,0
T00007,R0224,Zone_4,-0.8430351501029374,-0.5976462167983602,-0.9407710395948884,2023-08-21,1.0,Ishaan Sharma,29.0,Male,Ahmedabad,2025-10-08 00:03:47.581311,-0.22243250446568272,-0.7295764288901869,4.31,4038.0,2.46,48.2,Business,Low,0,Monday,August,1,True,False,False,False,False,False,True,False,False,False,False,False,0.0,Low,4.083957469335614,1.7011051009599243,6.330086887239385,-1.2570240872564888,-1.856499144946689,0,-1.0696653925451163,-0.5881544547120707,0
T00008,R0039,Zone_3,0.8539268904388131,1.0463538901171472,-0.3630628568735308,2024-03-10,0.0,Aadhya Iyer,24.0,Male,Chennai,2025-12-07 00:03:47.581311,-0.22243250446568272,1.3809839546849962,4.2,12971.0,2.11,38.0,Business,Low,0,Sunday,March,1,False,False,True,False,False,True,False,False,False,False,False,False,0.0,Low,4.638121286127777,2.545531271604435,9.803570778037969,-1.9178764602817142,-1.7995492572519067,0,-1.2837845986914795,0.9448813669637038,0
T00009,R0223,Zone_5,0.37775047190990396,0.1809362749492766,0.6013169614514101,2024-05-20,0.0,Meera Ghosh,30.0,Male,Surat,2025-09-25 00:03:47.581311,0.16831122664114473,0.6774638268266019,4.04,2590.0,1.31,43.9,Business,Low,0,Monday,May,1,True,False,False,False,False,False,False,True,False,False,False,False,0.0,Low,5.174736304776682,2.3711778844596574,8.161494961096281,-0.6138505675223849,-0.2175666130338627,0,-1.023272897880071,0.2422399486956406,0
T00010,R0236,Zone_5,-0.1684518905203158,-0.2743613992000572,-0.41574900226158257,2023-03-01,1.0,Arjun Gupta,28.0,Female,Ahmedabad,2025-12-08 00:03:47.581311,1.3405424199616272,0.6774638268266019,3.36,2590.0,1.31,43.9,Business,Low,0,Wednesday,March,0,False,True,False,False,False,False,False,True,False,False,False,False,0.0,Low,4.598548309679204,2.124653884501384,7.147726911403373,-2.0892312330904557,-1.9871584832459817,0,-1.2873532521272524,-0.12359814511335115,0
T00011,R0191,Zone_10,1.3511110921381158,0.8172382435252464,0.5525724229502448,2023-09-09,0.0,Meera Gupta,33.0,Male,Surat,2025-07-31 00:03:47.581311,1.3405424199616272,-0.026056301031792503,4.56,2440.0,1.54,35.4,Industrial,Low,0,Saturday,September,1,True,False,False,True,False,False,False,False,False,False,False,False,0.0,Low,5.153522781644804,2.700018029404946,9.396807968666806,-0.3127743387463294,-0.4040108476384331,0,-0.8234283054767984,-0.4487875618324548,0
T00012,R0199,Zone_1,0.7722299558872846,0.13077138945988495,0.12306865917582634,2023-12-15,0.0,Aarav Das,29.0,Male,Ahmedabad,2024-06-07 00:03:47.581311,0.9497986888547996,-0.7295764288901869,3.91,4921.0,2.43,30.9,Residential,Low,0,Friday,December,1,False,False,True,False,False,False,False,False,False,False,False,False,0.0,Low,4.9441393028078915,2.517696472610991,8.056053624449133,0.24946676819400834,0.9689188944381358,0,0.6718374841119725,-0.7414580368796482,0
T00013,R0248,Zone_6,-1.1931648696094883,-1.2210402616226737,-1.2091944685918712,2023-12-12,1.0,Vivaan Ghosh,18.0,Male,Chennai,2024-10-14 00:03:47.581311,-0.22243250446568272,0.6774638268266019,3.65,14627.0,0.54,37.6,Mixed,Low,0,Tuesday,December,1,False,False,True,False,False,False,False,False,True,False,False,False,0.0,Low,3.6622787723167574,1.3812818192963463,4.338202392696772,0.09077801365228189,0.1379746997273161,0,0.21148119089729125,0.43386942640511234,0
T00014,R0300,Zone_2,0.7255459932864109,0.30766861723826666,1.5695069997670081,2024-08-10,0.0,Saanvi Iyer,38.0,Male,Kolkata,2025-10-02 00:03:47.581311,-0.6131762355725101,-0.026056301031792503,3.67,6371.0,0.91,58.4,Residential,Low,0,Saturday,August,1,False,False,False,False,True,False,False,False,False,False,False,False,0.0,Low,5.52321937087711,2.501435951739211,8.421995013059554,0.6217048458237153,1.1947980786338606,0,-1.04825347193048,0.09319479936605132,1
T00015,R0270,Zone_10,1.582196707012439,0.9207949954419442,1.7809085158003632,2023-08-24,0.0,Aadhya Reddy,35.0,Female,Hyderabad,2024-05-11 00:03:47.581311,0.16831122664114473,1.3809839546849962,3.08,2440.0,1.54,35.4,Industrial,Low,0,Thursday,August,0,True,False,False,True,False,False,False,False,False,False,False,False,0.0,Low,5.585486807626805,2.7644305345383176,9.582797086446107,-0.4193831813200574,0.17513261256299836,0,0.768191126877836,0.6893753966844082,0
T00016,R0216,Zone_2,-0.17312028678040325,0.08999408488078847,0.206893498970283,2024-08-04,1.0,Ishaan Ghosh,44.0,Male,Chennai,2025-12-31 00:03:47.581311,-1.0039199666793377,0.6774638268266019,3.4,6371.0,0.91,58.4,Residential,Low,0,Sunday,August,1,False,False,False,False,True,False,False,False,False,False,False,False,0.0,Low,4.988594163219376,2.122261538862764,7.969316156358712,-1.275039680610298,-0.9390770652147628,0,-1.369432281150025,1.0470837550754222,0
T00017,R0168,Zone_3,-0.31083797645297995,-0.12093312369741449,-0.6098074479926369,2023-12-03,1.0,Diya Das,23.0,Female,Pune,2024-10-26 00:03:47.581311,-1.0039199666793377,-0.026056301031792503,4.03,12971.0,2.11,38.0,Business,Low,0,Sunday,December,0,False,False,False,False,False,True,False,False,False,False,False,False,0.0,Low,4.437579593794131,2.048982334195127,7.504665215717488,-0.64095814256877,-0.5328911995468982,0,0.16865734966801857,0.3316670382933942,0
T00018,R0126,Zone_6,-0.8033537818921949,-0.61114086435691,-0.7905958172045058,2024-01-19,0.0,Diya Reddy,29.0,Female,Surat,2025-07-23 00:03:47.581311,-0.6131762355725101,-0.026056301031792503,3.65,14627.0,0.54,37.6,Mixed,Low,0,Friday,January,0,False,True,False,False,False,False,False,False,True,False,False,False,0.0,Low,4.260000233663683,1.7316555451583497,6.293647591023825,-1.2620751881968093,-1.9879498116518113,0,-0.7948790779906166,0.09319479936605132,0
T00019,R0255,Zone_1,-0.03773679523787019,0.062124704053348696,-0.38277089130796416,2023-05-26,1.0,Reyansh Sharma,37.0,Female,Bengaluru,2024-02-02 00:03:47.581311,0.16831122664114473,-1.4330965567485814,3.12,4921.0,2.43,30.9,Residential,Low,0,Friday,May,0,True,False,False,False,False,False,False,False,False,False,False,False,0.0,Low,4.623501142672815,2.189416394888408,7.909487973314076,0.5367481341747186,0.7370759488548032,0,1.1214878170193356,-1.0991663952706623,0
T00020,R0061,Zone_2,0.7792325502774154,0.6171654253745729,1.2847915956375604,2023-06-19,0.0,Meera Reddy,25.0,Male,Mumbai,2023-09-15 00:03:47.581311,-1.394663697786165,1.3809839546849962,3.69,6371.0,0.91,58.4,Residential,Low,0,Monday,June,1,False,True,False,False,True,False,False,False,False,False,False,False,0.0,Low,5.432717132027692,2.5201129055226197,9.026627277117406,0.3098695169386701,0.634727886796362,0,1.6210992980275167,2.4779171886394784,0
T00021,R0289,Zone_4,-0.9760844435154268,-0.8323357395557488,-0.6698512595695439,2024-08-15,0.0,Aarav Gupta,21.0,Female,Chennai,2025-03-26 00:03:47.581311,0.16831122664114473,-1.4330965567485814,4.17,4038.0,2.46,48.2,Business,Low,0,Thursday,August,0,False,False,False,False,False,False,True,False,False,False,False,False,0.0,Low,4.382026634673881,1.5912739418064292,5.6630380539071075,0.1028796096551321,0.7679001936249273,0,-0.37020931913366256,-1.0991663952706623,0
T00022,R0112,Zone_10,-1.5923127498469567,-1.5076548412901343,-1.476172641730329,2024-03-28,0.0,Meera Nair,41.0,Male,Delhi,2025-07-28 00:03:47.581311,0.9497986888547996,-0.7295764288901869,3.24,2440.0,1.54,35.4,Industrial,Low,0,Thursday,March,1,True,False,False,True,False,False,False,False,False,False,False,False,0.0,Low,2.924773184613497,0.8197798314933114,3.0083217912982647,0.5075780262443694,-0.49438155326572436,0,-0.8127223451694803,-0.7414580368796482,0
T00023,R0153,Zone_3,-0.46022665677577496,-0.3717575511443735,-0.14837666843443625,2024-02-26,0.0,Aadhya Ghosh,20.0,Female,Mumbai,2025-02-24 00:03:47.581311,-1.0039199666793377,-1.4330965567485814,4.54,12971.0,2.11,38.0,Business,Low,0,Monday,February,0,False,True,False,False,False,True,False,False,False,False,False,False,0.0,Low,4.784905066885279,1.9629077254238845,6.911584478250989,-1.3693268981629414,-1.249269786847839,0,-0.2631497160604809,-1.0991663952706623,0
T00024,R0214,Zone_3,-1.6319941180576991,-1.4589567653179762,-1.486158045843775,2023-01-10,1.0,Aarav Kumar,20.0,Female,Kolkata,2025-04-21 00:03:47.581311,-0.6131762355725101,-1.4330965567485814,4.53,12971.0,2.11,38.0,Business,Low,0,Tuesday,January,0,False,False,False,False,False,True,False,False,False,False,False,False,0.0,Low,2.8831233291713367,0.7419373447293773,3.2726136343907144,-0.765102979013084,-0.5219388137376026,0,-0.4629943084637534,-1.0991663952706623,0
T00025,R0272,Zone_2,0.5901625017438779,-0.1206397617939678,0.5302366505912204,2023-01-15,0.0,Kavya Ghosh,21.0,Female,Kolkata,2026-01-29 00:03:47.581311,-0.22243250446568272,0.6774638268266019,4.79,6371.0,0.91,58.4,Residential,Low,0,Sunday,January,0,False,True,False,False,True,False,False,False,False,False,False,False,0.0,Low,5.143649886535898,2.4527277514237653,7.505331438384317,-1.376566809510734,-0.9433648345370564,0,-1.472923230787434,0.43386942640511234,0
T00026,R0045,Zone_3,-0.5185816100268669,-0.3427147227031468,-0.5685519625765563,2024-02-14,1.0,Saanvi Iyer,34.0,Female,Ahmedabad,2025-04-24 00:03:47.581311,0.5590549577479722,-0.026056301031792503,4.88,12971.0,2.11,38.0,Business,Low,0,Wednesday,February,0,True,False,False,False,False,True,False,False,False,False,False,False,0.0,Low,4.47403591796329,1.927164106234258,6.982836100038436,0.9628412371079327,1.2276882915521163,0,-0.4737002687710716,-0.3042589321795199,0
T00027,R0096,Zone_9,-1.7066884582190964,-1.6173721931792135,-1.486158045843775,2023-01-12,0.0,Reyansh Das,40.0,Female,Kolkata,2024-09-07 00:03:47.581311,-1.0039199666793377,1.3809839546849962,4.46,11037.0,1.83,56.1,Mixed,Low,0,Thursday,January,0,False,True,False,False,False,False,False,False,False,False,False,True,0.0,Low,2.8831233291713367,0.5766133643039938,2.3043437243605824,-1.5378652995382918,-1.9079995989433145,0,0.343521368020882,1.7625004718574506,0
T00028,R0191,Zone_1,-0.4275478829551636,-0.059033762070153255,0.05882046691957365,2023-05-14,0.0,Meera Gupta,33.0,Female,Surat,2024-03-04 00:03:47.581311,1.3405424199616272,-1.4330965567485814,4.56,4921.0,2.43,30.9,Residential,Low,0,Sunday,May,0,False,True,False,False,False,False,False,False,False,False,False,False,0.0,Low,4.908676393786758,1.9823798288367047,7.643951857514541,-0.3127743387463294,-0.4040108476384331,0,1.0108595605103812,-1.0991663952706623,0
T00029,R0197,Zone_6,-0.24548042881175705,-0.5207853980953154,-0.7507855876469504,2024-06-13,1.0,Saanvi Das,29.0,Female,Bengaluru,2023-10-17 00:03:47.581311,0.9497986888547996,1.3809839546849962,3.87,14627.0,0.54,37.6,Mixed,Low,0,Thursday,June,0,True,False,False,False,False,False,False,False,True,False,False,False,0.0,Low,4.301900590194597,2.0844290831908747,6.5337584895678535,-0.5796714511595517,-1.035400764153252,0,1.5069023880827896,0.3316670382933942,0
T00030,R0284,Zone_1,0.5037971709322621,0.8210519482700542,1.1323827960112753,2024-03-15,0.0,Vivaan Das,28.0,Female,Surat,2025-10-08 00:03:47.581311,-0.22243250446568272,-1.4330965567485814,4.95,4921.0,2.43,30.9,Residential,Low,0,Friday,March,0,False,False,False,False,False,False,False,False,False,False,False,False,0.0,Low,5.38068045697316,2.4203681286504293,9.403722667114339,0.35932821364597145,0.3313020962633371,0,-1.0696653925451163,-1.0991663952706623,0
T00031,R0251,Zone_1,-0.19179387182075266,-0.4709138745093703,0.5335213229969593,2023-04-08,1.0,Vivaan Iyer,46.0,Male,Mumbai,2024-05-29 00:03:47.581311,-1.0039199666793377,-0.7295764288901869,4.48,4921.0,2.43,30.9,Residential,Low,0,Saturday,April,1,True,False,False,False,False,False,False,False,False,False,False,False,0.0,Low,5.14510791029753,2.1126345090356,6.662582082045969,-0.24141605818944292,0.7448357252191853,0,0.703955365033927,-0.383749678488634,1
T00032,R0228,Zone_5,2.1587436451332267,2.755773701501276,0.8203389174660798,2023-11-30,1.0,Kavya Ghosh,21.0,Male,Pune,2025-06-28 00:03:47.581311,-1.394663697786165,-1.4330965567485814,4.84,2590.0,1.31,43.9,Business,Low,0,Thursday,November,1,False,True,False,False,False,False,False,True,False,False,False,False,0.0,Low,5.264863990288817,2.9090844668283187,12.424974849069113,0.8947449133199121,1.0132958902600024,0,-0.7056627420962985,-1.0991663952706623,0
T00033,R0083,Zone_10,-0.6259547240088758,-0.7736633588664016,0.0477839676362909,2024-04-19,0.0,Kavya Patel,45.0,Female,Mumbai,2026-02-28 00:03:47.581311,0.9497986888547996,0.6774638268266019,4.4,2440.0,1.54,35.4,Industrial,Low,0,Friday,April,0,False,False,False,True,False,False,False,False,False,False,False,False,0.0,Low,4.902455994582567,1.8578592709325787,5.836951259004995,0.6896702151429129,0.3817872744843101,0,-1.5799828338606157,-0.02604132009762001,1
T00034,R0105,Zone_8,-0.0937575503589182,0.350206093238043,-0.8522162715361675,2024-06-21,1.0,Diya Das,31.0,Female,Jaipur,2024-09-18 00:03:47.581311,1.7312861510684545,-0.026056301031792503,3.69,4516.0,1.93,31.0,Business,Low,0,Friday,June,0,False,True,False,False,False,False,False,False,False,False,True,False,0.0,Low,4.191471272952824,2.162172939277301,8.50764362206128,-0.0933065539504982,-0.6788422080277071,0,0.30426618022738205,-0.5029857979523055,0
T00035,R0221,Zone_4,-0.1404415129597917,-0.47003378879903,-0.8439388970737055,2023-08-15,1.0,Diya Patel,21.0,Female,Delhi,2026-01-21 00:03:47.581311,0.16831122664114473,-0.7295764288901869,4.41,4038.0,2.46,48.2,Business,Low,0,Tuesday,August,0,True,False,False,False,False,False,True,False,False,False,False,False,0.0,Low,4.200954297280359,2.138889000323256,6.664833081180653,-0.44221836682108845,-0.5777474999791323,0,-1.4443740033012522,-0.6520309472818946,0
T00036,R0081,Zone_1,-0.35051934466372237,-0.3092714657102189,-0.05824525762096087,2023-07-29,0.0,Diya Reddy,42.0,Male,Mumbai,2025-12-12 00:03:47.581311,-0.6131762355725101,-1.4330965567485814,3.9,4921.0,2.43,30.9,Residential,Low,0,Saturday,July,1,True,False,False,False,False,False,False,False,False,False,False,False,0.0,Low,4.840637486991133,2.0268315914075385,7.063993204979744,0.429201776653735,0.1772399000740926,0,-1.3016278658703433,-1.0991663952706623,0
T00037,R0067,Zone_10,0.1443306589055366,-0.07604875247006389,-0.31169058044777426,2024-06-07,1.0,Saanvi Iyer,32.0,Female,Pune,2025-04-21 00:03:47.581311,2.122029882175282,1.3809839546849962,3.38,2440.0,1.54,35.4,Industrial,Low,0,Friday,June,0,False,False,False,True,False,False,False,False,False,False,False,False,0.0,Low,4.675255793554779,2.2731562823032334,7.605918747922567,0.35712645169762713,0.4338649281973977,0,-0.4629943084637534,0.0014747074709196375,0
T00038,R0026,Zone_1,0.6111702849142713,0.13722535133571312,0.5646600174033641,2023-10-27,0.0,Aarav Kumar,26.0,Male,Surat,2024-11-02 00:03:47.581311,0.5590549577479722,-0.7295764288901869,3.17,4921.0,2.43,30.9,Residential,Low,0,Friday,October,1,False,False,False,False,False,False,False,False,False,False,False,False,0.0,Low,5.158825387729438,2.460443177609626,8.069696400732806,0.42330882555669486,-0.7222918137030796,0,0.14367677561760953,-0.701712663725091,0
T00039,R0077,Zone_5,1.5425153388016966,2.4729728265786233,2.026996172438322,2024-03-07,1.0,Reyansh Das,28.0,Male,Mumbai,2026-02-07 00:03:47.581311,2.5127736132821092,-0.7295764288901869,3.79,2590.0,1.31,43.9,Business,Low,0,Thursday,March,1,False,False,True,False,False,False,False,True,False,False,False,False,0.0,Low,5.6534010450952765,2.7536607123542622,12.030793822520607,1.4133246098594512,1.137265784680176,0,-1.5050411117093885,-0.8436604249913665,0
T00040,R0110,Zone_9,-1.853742940411848,-1.7361837640751416,-1.486158045843775,2024-08-15,1.0,Vivaan Patel,19.0,Male,Kolkata,2023-09-21 00:03:47.581311,-0.22243250446568272,-1.4330965567485814,4.43,11037.0,1.83,56.1,Mixed,Low,0,Thursday,August,1,False,True,False,False,False,False,False,False,False,False,False,True,0.0,Low,2.8831233291713367,0.1397619423751587,1.1224972160321824,0.24231104186188815,0.23799116916143737,0,1.5996873774128804,-1.0991663952706623,0
T00041,R0056,Zone_1,-0.616617931488701,-0.7719031874457211,-0.27739860053186016,2024-02-24,0.0,Meera Patel,40.0,Male,Hyderabad,2024-06-26 00:03:47.581311,0.5590549577479722,-0.7295764288901869,3.25,4921.0,2.43,30.9,Residential,Low,0,Saturday,February,1,False,False,False,False,False,False,False,False,False,False,False,False,0.0,Low,4.699297848712789,1.864080130807681,5.842088667591412,-0.432478628202369,-0.8547708734419384,0,0.6040330688322908,-0.701712663725091,0
T00042,R0120,Zone_4,-0.5442577894573473,-0.4383507032267826,-0.9493111878498096,2024-02-25,1.0,Ishaan Gupta,18.0,Male,Surat,2025-04-04 00:03:47.581311,0.16831122664114473,1.3809839546849962,4.55,4038.0,2.46,48.2,Business,Low,0,Sunday,February,1,True,False,False,False,False,False,True,False,False,False,False,False,0.0,Low,4.072950669534428,1.9110228900548727,6.745368781616021,0.25535971929104845,-0.10707863647178281,0,-0.4023272000556171,0.6893753966844082,0
T00043,R0178,Zone_2,1.0733415146629184,0.31206904578996747,0.5797695104697631,2023-08-07,1.0,Saanvi Ghosh,27.0,Female,Delhi,2025-11-03 00:03:47.581311,-0.22243250446568272,-0.7295764288901869,3.13,6371.0,0.91,58.4,Residential,Low,0,Monday,August,0,False,False,False,False,True,False,False,False,False,False,False,False,0.0,Low,5.165414347883809,2.6166656393003573,8.430895563343197,0.5571630004751797,0.6169959773192546,0,-1.162450381875207,-0.5881544547120707,0
T00044,R0164,Zone_3,-0.4368846754753383,-0.7413935494872607,0.2576088409148918,2024-04-02,0.0,Aadhya Ghosh,37.0,Female,Ahmedabad,2024-03-29 00:03:47.581311,1.7312861510684545,1.3809839546849962,4.02,12971.0,2.11,38.0,Business,Low,0,Tuesday,April,0,False,True,False,False,False,True,False,False,False,False,False,False,0.0,Low,5.0145609120987285,1.9768549529047348,5.930430001273095,0.1561617091575382,0.5640717761302595,0,0.9216432246160631,0.09319479936605132,1
T00045,R0221,Zone_9,-1.5432945891160395,-1.5510724030002514,-1.4058806522475165,2024-07-11,1.0,Diya Patel,21.0,Female,Delhi,2025-03-30 00:03:47.581311,0.16831122664114473,-1.4330965567485814,4.41,11037.0,1.83,56.1,Mixed,Low,0,Thursday,July,0,True,False,False,False,False,False,False,False,False,False,False,True,0.0,Low,3.177220149599368,0.9082585601768908,2.751363298439521,-0.44221836682108845,-0.5777474999791323,0,-0.3844839328767535,-1.0991663952706623,0
T00046,R0247,Zone_2,0.0813073093943571,0.6391675681330781,-0.7816615082608961,2023-08-13,0.0,Aadhya Das,37.0,Female,Bengaluru,2024-06-27 00:03:47.581311,1.7312861510684545,-0.026056301031792503,4.92,6371.0,0.91,58.4,Residential,Low,0,Sunday,August,0,False,False,False,False,True,False,False,False,False,False,False,False,0.0,Low,4.26955757977876,2.244955980157409,9.068075870878012,0.873628505222185,0.835705268246608,0,0.6004644153965181,-0.5029857979523055,0
T00047,R0207,Zone_1,-0.061078776538306845,0.0198805899570186,0.3769081426913284,2023-09-03,0.0,Ishaan Iyer,31.0,Female,Mumbai,2025-04-21 00:03:47.581311,0.16831122664114473,-0.7295764288901869,3.93,4921.0,2.43,30.9,Residential,Low,0,Sunday,September,0,False,False,False,False,False,False,False,False,False,False,False,False,0.0,Low,5.07310918535161,2.178155014615869,7.8179281142768255,-0.09306101432145507,0.7916588273284412,0,-0.4629943084637534,-0.6520309472818946,0
T00048,R0077,Zone_10,0.18868042337636629,0.4710711974580983,-0.510610341339322,2023-08-03,0.0,Reyansh Das,28.0,Male,Mumbai,2025-10-08 00:03:47.581311,2.5127736132821092,-0.026056301031792503,3.79,2440.0,1.54,35.4,Industrial,Low,0,Thursday,August,1,False,False,True,True,False,False,False,False,False,False,False,False,0.0,Low,4.523092074952484,2.2925347571405443,8.74642784226795,1.4133246098594512,1.137265784680176,0,-1.0696653925451163,-0.5881544547120707,0
T00049,R0115,Zone_6,-1.2351804359502747,-0.9534942056792505,-1.2650338994894323,2024-08-08,0.0,Aarav Ghosh,40.0,Female,Bengaluru,2025-05-27 00:03:47.581311,1.3405424199616272,1.3809839546849962,4.4,14627.0,0.54,37.6,Mixed,Low,0,Thursday,August,0,False,True,False,False,False,False,False,False,True,False,False,False,0.0,Low,3.5467396869528134,1.33500106673234,5.285830114561004,-0.29616693110921594,-0.21003522005749173,0,-0.5914658321515714,0.20159127160575266,0
T00050,R0010,Zone_3,1.9860129835099951,0.8946857860351847,0.8286162919285421,2023-03-20,0.0,Vivaan Gupta,25.0,Female,Surat,2025-01-19 00:03:47.581311,0.5590549577479722,-0.7295764288901869,3.38,12971.0,2.11,38.0,Business,Low,0,Monday,March,0,False,False,False,False,False,True,False,False,False,False,False,False,0.0,Low,5.268115857814915,2.8678989020441064,9.536246641105713,0.81355314264958,0.16741507376964454,0,-0.13467819237266287,-0.701712663725091,0
T00051,R0230,Zone_3,-0.3995375053946395,-0.36677039878577916,-0.4546395235455313,2023-07-18,1.0,Kavya Gupta,32.0,Male,Chennai,2024-12-26 00:03:47.581311,0.16831122664114473,0.6774638268266019,3.65,12971.0,2.11,38.0,Business,Low,0,Tuesday,July,1,False,False,True,False,False,True,False,False,False,False,False,False,0.0,Low,4.5682987112121864,1.998773638612381,6.923871749245504,-0.4473746990309987,-0.4927535703649966,0,-0.049030509914117525,0.2422399486956406,0
T00052,R0032,Zone_1,-0.2408120325516698,-0.7064834829770992,-0.38066870096829114,2024-05-24,0.0,Kavya Reddy,18.0,Female,Mumbai,2026-04-01 00:03:47.581311,-0.6131762355725101,-0.026056301031792503,4.0,4921.0,2.43,30.9,Residential,Low,0,Friday,May,0,False,True,False,False,False,False,False,False,False,False,False,False,0.0,Low,4.625070847694428,2.0869135565185366,6.029925372672534,0.09035708857392151,1.2079651822979531,0,-1.6941797438053428,0.09319479936605132,0
T00053,R0082,Zone_3,-1.0717865668472175,-1.0620381099545428,-0.9137053389715998,2024-07-22,0.0,Kavya Singh,26.0,Male,Pune,2025-10-12 00:03:47.581311,-1.7854074288929924,-0.7295764288901869,3.15,12971.0,2.11,38.0,Business,Low,0,Monday,July,1,True,False,False,False,False,True,False,False,False,False,False,False,0.0,Low,4.118061088839417,1.5040773967762742,4.923413450036469,0.06776744270193463,-1.0168896895459931,0,-1.0839400062882072,0.09319479936605132,0
T00054,R0228,Zone_7,-1.1091337369279162,-0.8317490157488552,-0.6532965106446198,2023-01-13,0.0,Kavya Ghosh,21.0,Female,Pune,2025-12-24 00:03:47.581311,-1.394663697786165,-0.026056301031792503,4.84,11070.0,0.64,45.2,Industrial,Low,0,Friday,January,0,False,True,False,False,False,False,False,False,False,True,False,False,0.0,Low,4.397653890559581,1.4678743481123135,5.664803615307419,0.8947449133199121,1.0132958902600024,0,-1.344451707099616,0.6893753966844082,0
T00055,R0266,Zone_9,-1.4475924657842487,-1.3562800991116188,-1.112230939174459,2024-01-23,1.0,Diya Reddy,29.0,Male,Chennai,2023-09-30 00:03:47.581311,0.5590549577479722,-0.7295764288901869,3.9,11037.0,1.83,56.1,Mixed,Low,0,Tuesday,January,1,True,False,False,False,False,False,False,False,False,False,False,True,0.0,Low,3.835789699428557,1.0612565021243408,3.769615364994153,0.009492704075647248,0.28501916284195544,0,1.567569496490926,-0.701712663725091,0
T00056,R0158,Zone_3,-0.481234439946168,-0.5380937503986727,0.09679127992991514,2023-08-05,1.0,Aarav Iyer,27.0,Female,Ahmedabad,2024-11-22 00:03:47.581311,-1.394663697786165,-1.4330965567485814,3.57,12971.0,2.11,38.0,Business,Low,0,Saturday,August,0,False,False,False,False,False,True,False,False,False,False,False,False,0.0,Low,4.929786706232935,1.9501867058225735,6.488451279003334,-1.01751771766964,-1.1161387993822363,0,0.07230370690215505,-1.0991663952706623,0
T00057,R0154,Zone_5,-1.139478312618484,-1.1494599571816702,-0.902668839688317,2023-01-05,0.0,Kavya Patel,18.0,Female,Kolkata,2025-06-28 00:03:47.581311,2.122029882175282,-0.026056301031792503,4.68,2590.0,1.31,43.9,Business,Low,0,Thursday,January,0,False,False,True,False,False,False,False,True,False,False,False,False,0.0,Low,4.131640346965797,1.43746264769429,4.610856753359402,1.5153179942313024,0.8079005153852908,0,-0.7056627420962985,-0.5488458438998713,0
T00059,R0043,Zone_10,-1.5526313816362143,-1.5328839649865538,-1.486158045843775,2023-12-21,0.0,Diya Kumar,28.0,Male,Ahmedabad,2025-06-23 00:03:47.581311,0.5590549577479722,0.6774638268266019,4.68,2440.0,1.54,35.4,Industrial,Low,0,Thursday,December,1,False,True,False,True,False,False,False,False,False,False,False,False,0.0,Low,2.8831233291713367,0.8919980393051105,2.8618176042508368,-0.3709300278555048,-1.1160194323336776,0,-0.6878194749174349,0.09319479936605132,0
T00060,R0146,Zone_4,-1.3378851536721963,-1.2641644614293437,-1.3421580075761819,2024-03-25,0.0,Kavya Gupta,30.0,Male,Surat,2025-01-18 00:03:47.581311,-0.22243250446568272,0.6774638268266019,3.89,4038.0,2.46,48.2,Business,Low,0,Monday,March,1,False,True,False,False,False,False,True,False,False,False,False,False,0.0,Low,3.3614165116503107,1.2119409739751128,4.165333119931706,0.9090563659841525,0.13499970559400737,0,-0.13110953893689015,0.43386942640511234,0
T00061,R0235,Zone_8,-0.4905712324663427,-0.45947276027494754,-0.9938513456716289,2024-02-15,0.0,Aarav Ghosh,34.0,Male,Delhi,2023-10-23 00:03:47.581311,0.16831122664114473,1.3809839546849962,4.06,4516.0,1.93,31.0,Business,Low,0,Thursday,February,1,True,False,False,False,False,False,False,False,False,False,True,False,0.0,Low,4.01349597435878,1.944480556245719,6.691786009728643,-0.6690969840571369,-0.8597934715620631,0,1.4854904674681533,0.6893753966844082,0
T00062,R0292,Zone_3,0.7652273614971533,1.1584181372338005,1.6099741638057115,2023-04-04,1.0,Diya Patel,37.0,Male,Jaipur,2025-09-11 00:03:47.581311,0.5590549577479722,-0.7295764288901869,4.39,12971.0,2.11,38.0,Business,Low,0,Tuesday,April,1,False,True,False,False,False,True,False,False,False,False,False,False,0.0,Low,5.535442715382666,2.5152741864043966,9.996499387285532,0.42789223196550363,-0.11737633993013644,0,-0.9733117497792527,-0.701712663725091,1
T00063,R0143,Zone_7,-0.5045764212466048,-0.7968389492386937,-0.0776905182629352,2023-07-09,0.0,Meera Kumar,42.0,Male,Kolkata,2024-07-21 00:03:47.581311,0.16831122664114473,-0.026056301031792503,4.56,11070.0,0.64,45.2,Industrial,Low,0,Sunday,July,1,False,False,True,False,False,False,False,False,False,True,False,False,0.0,Low,4.828873580560815,1.9358598132018119,5.768882040742383,-1.1508457362401752,-0.631090797563891,0,0.5148167329379727,-0.204895499293127,0
T00064,R0243,Zone_7,0.7675615596271974,1.2009556132335768,1.6148354789662047,2023-02-10,1.0,Ishaan Patel,33.0,Male,Jaipur,2023-11-02 00:03:47.581311,-0.22243250446568272,1.3809839546849962,3.7,11070.0,0.64,45.2,Industrial,Low,0,Friday,February,1,False,False,False,False,False,False,False,False,False,True,False,False,0.0,Low,5.536901102350124,2.5160822672564502,10.0687635785135,-0.11210787411724529,0.18250516746875955,0,1.449803933110426,0.9448813669637038,1
T00065,R0215,Zone_7,-1.1721570864390953,-1.1025220526301924,-0.7472381414487523,2024-04-15,1.0,Saanvi Gupta,26.0,Male,Hyderabad,2024-09-24 00:03:47.581311,-1.0039199666793377,-0.026056301031792503,3.24,11070.0,0.64,45.2,Industrial,Low,0,Monday,April,1,False,True,False,False,False,False,False,False,False,True,False,False,0.0,Low,4.305550475963267,1.4036429994545037,4.7812132351527685,-2.6292398427101413,-1.71356720458635,0,0.2828542596127457,0.3316670382933942,0
T00066,R0207,Zone_3,0.048628535573745954,0.07268573257743116,0.7126016625578441,2023-01-26,0.0,Ishaan Iyer,31.0,Male,Mumbai,2026-03-18 00:03:47.581311,0.16831122664114473,-0.7295764288901869,3.93,12971.0,2.11,38.0,Business,Low,0,Thursday,January,1,True,False,False,False,False,True,False,False,False,False,False,False,0.0,Low,5.221544307742123,2.2300144001592104,7.932212806020776,-0.09306101432145507,0.7916588273284412,0,-1.6442185957045246,-0.6520309472818946,0
T00068,R0211,Zone_6,-1.1511493032687024,-1.1855434713056185,-0.8468294087907557,2023-01-05,0.0,Arjun Reddy,36.0,Female,Mumbai,2024-07-23 00:03:47.581311,-0.22243250446568272,0.6774638268266019,3.63,14627.0,0.54,37.6,Mixed,Low,0,Thursday,January,0,False,True,False,False,False,False,False,False,True,False,False,False,0.0,Low,4.197652973753796,1.425515074273172,4.47548880012005,-0.8891355687698352,-1.2254698337813625,0,0.5076794260664272,0.43386942640511234,0
T00069,R0077,Zone_10,0.4687841989816069,-0.04319221928402955,0.6409958041127362,2023-02-03,0.0,Reyansh Das,28.0,Female,Mumbai,2024-04-11 00:03:47.581311,2.5127736132821092,-1.4330965567485814,3.79,2440.0,1.54,35.4,Industrial,Low,0,Friday,February,0,False,False,False,True,False,False,False,False,False,False,False,False,0.0,Low,5.191678256058324,2.4069451083182885,7.679192665899196,1.4133246098594512,1.137265784680176,0,0.8752507299510177,-1.0991663952706623,0
T00070,R0156,Zone_9,0.2190249990669338,0.08031314206704623,-0.13037666365098702,2023-08-31,1.0,Ishaan Iyer,33.0,Male,Jaipur,2025-08-26 00:03:47.581311,-1.7854074288929924,0.6774638268266019,4.28,11037.0,1.83,56.1,Mixed,Low,0,Thursday,August,1,False,False,False,False,False,False,False,False,False,False,False,True,0.0,Low,4.7962862904635415,2.305580601973844,7.948584779695062,-0.018662506721321876,1.0388312565709097,0,-0.9162132948068892,2.4779171886394784,0
T00071,R0232,Zone_2,-1.1278073219682656,-0.915357158231175,-0.9699389305578497,2024-03-01,1.0,Meera Das,38.0,Female,Jaipur,2024-09-26 00:03:47.581311,2.122029882175282,1.3809839546849962,3.94,6371.0,0.91,58.4,Residential,Low,0,Friday,March,0,False,False,True,False,True,False,False,False,False,False,False,False,0.0,Low,4.045854353061666,1.449269160281279,5.407402333838309,-0.5435884582884439,-0.5039447609027993,0,0.2757169527412003,0.0014747074709196375,0
T00072,R0263,Zone_9,-0.7076516585604045,-0.3600230750065041,-1.1239243729388895,2023-07-21,1.0,Ishaan Das,31.0,Female,Chennai,2024-01-28 00:03:47.581311,1.7312861510684545,-1.4330965567485814,3.84,11037.0,1.83,56.1,Mixed,Low,0,Friday,July,0,False,True,False,False,False,False,False,False,False,False,False,True,0.0,Low,3.816392774412896,1.801709800081223,6.940461079784253,0.3692901071671584,-0.09128086669907033,0,1.1393310841981992,-1.0991663952706623,0
T00073,R0025,Zone_9,1.2997587332771547,1.6075552114107525,-0.17741317250116806,2024-02-23,0.0,Meera Das,21.0,Female,Mumbai,2025-05-28 00:03:47.581311,-1.0039199666793377,1.3809839546849962,4.01,11037.0,1.83,56.1,Mixed,Low,0,Friday,February,0,False,False,False,False,False,False,False,False,False,False,False,True,0.0,Low,4.766268106330419,2.6851226964585053,10.734989520255713,0.8004576957672684,0.45956684332517017,0,-0.5950344855873442,1.7625004718574506,0
T00074,R0048,Zone_7,0.1373280645154053,-0.06666117155976833,-0.5526541481327799,2023-10-09,1.0,Kavya Sharma,35.0,Female,Hyderabad,2023-10-14 00:03:47.581311,-1.0039199666793377,-0.7295764288901869,3.02,11070.0,0.64,45.2,Industrial,Low,0,Monday,October,0,False,False,True,False,False,False,False,False,False,True,False,False,0.0,Low,4.487737089095996,2.2700619012884857,7.626925986267338,-1.3351477818001083,-0.9495887111524564,0,1.517608348390108,-0.383749678488634,0
T00075,R0008,Zone_5,-1.4359214751340306,-1.3574535467254056,-1.289734635980589,2023-01-04,0.0,Ishaan Ghosh,28.0,Male,Jaipur,2025-08-24 00:03:47.581311,0.16831122664114473,-1.4330965567485814,4.02,2590.0,1.31,43.9,Business,Low,0,Wednesday,January,1,False,False,False,False,False,False,False,True,False,False,False,False,0.0,Low,3.4910380856619447,1.0784095813505903,3.7643060449437424,-1.2141949605333575,-0.5317590490017221,0,-0.9090759879353437,-1.0991663952706623,0
T00076,R0055,Zone_1,0.7839009465375028,1.5582704116317012,0.057243824164818914,2023-11-11,1.0,Kavya Singh,32.0,Female,Delhi,2024-06-13 00:03:47.581311,0.16831122664114473,1.3809839546849962,4.19,4921.0,2.43,30.9,Residential,Low,0,Saturday,November,0,False,False,False,False,False,False,False,False,False,False,False,False,0.0,Low,4.90779013080408,2.5217206229107165,10.656453443805777,0.5131763297865582,0.1910405673036116,0,0.6504255634973362,0.6893753966844082,0
T00077,R0115,Zone_4,-0.5816049595380461,-0.17579179964195402,-0.9970046311811384,2023-11-26,0.0,Aarav Ghosh,40.0,Male,Bengaluru,2025-02-01 00:03:47.581311,1.3405424199616272,-0.7295764288901869,4.4,4038.0,2.46,48.2,Business,Low,0,Sunday,November,1,False,False,True,False,False,False,True,False,False,False,False,False,0.0,Low,4.009149716158869,1.8870696490323797,7.379024325749306,-0.29616693110921594,-0.21003522005749173,0,-0.18107068703770826,-0.7739769785515586,0
T00078,R0220,Zone_4,0.39875825508029694,0.29916112203831113,0.8468790705044502,2024-06-02,0.0,Meera Ghosh,32.0,Female,Kolkata,2024-02-23 00:03:47.581311,-1.0039199666793377,0.6774638268266019,3.78,4038.0,2.46,48.2,Business,Low,0,Sunday,June,0,True,False,False,False,False,False,True,False,False,False,False,False,0.0,Low,5.275253426949485,2.379546134130174,8.404760555780278,1.8081523333611471,3.076900570830175,0,1.0465460948681085,1.0470837550754222,0
T00079,R0080,Zone_10,0.4174318401206464,-0.17989886629020832,0.1744409356015827,2023-03-23,1.0,Reyansh Kumar,19.0,Female,Mumbai,2024-10-28 00:03:47.581311,-0.6131762355725101,-0.7295764288901869,4.6,2440.0,1.54,35.4,Industrial,Low,0,Thursday,March,0,True,False,False,True,False,False,False,False,False,False,False,False,0.0,Low,4.971617227075527,2.3869262414277967,7.369531871157082,0.6442944916957033,0.3513872418406023,0,0.16152004279647314,-0.5029857979523055,0
T00080,R0020,Zone_2,-1.3262141630219777,-1.37505526093221,-0.9850484236242488,2023-08-16,1.0,Diya Das,35.0,Female,Chennai,2025-03-07 00:03:47.581311,-0.6131762355725101,-0.026056301031792503,4.03,6371.0,0.91,58.4,Residential,Low,0,Wednesday,August,0,True,False,False,False,True,False,False,False,False,False,False,False,0.0,Low,4.025530246221741,1.2267122912954254,3.6837480912787726,-1.274843248907063,-1.073690040498625,0,-0.30240490385398083,0.09319479936605132,0
T00081,R0278,Zone_5,0.9006108530396864,0.9345830049039408,1.9677406822387924,2023-01-06,0.0,Aarav Reddy,20.0,Male,Mumbai,2026-02-20 00:03:47.581311,0.5590549577479722,-0.7295764288901869,4.27,2590.0,1.31,43.9,Business,Low,0,Friday,January,1,False,True,False,False,False,False,False,True,False,False,False,False,0.0,Low,5.637464593618552,2.5610957881455465,9.60728889958036,1.6189231259117443,3.0677772554880267,0,-1.5514336063744338,-0.701712663725091,1
T00082,R0264,Zone_9,-1.1978332658695758,-1.0444363957477387,-0.8162162619692692,2023-08-03,1.0,Aadhya Das,27.0,Female,Delhi,2024-02-17 00:03:47.581311,-1.7854074288929924,-0.7295764288901869,3.59,11037.0,1.83,56.1,Mixed,Low,0,Thursday,August,0,True,False,False,False,False,False,False,False,False,False,False,True,0.0,Low,4.232075457910378,1.3762440252663892,4.983974317750845,-2.324770702696396,-2.2019290193142984,0,1.0679580154827448,0.09319479936605132,0
T00083,R0213,Zone_1,-1.5456287872460832,-1.457196593897296,-1.4513405183429429,2023-01-22,1.0,Kavya Ghosh,29.0,Male,Chennai,2025-06-05 00:03:47.581311,0.5590549577479722,-0.026056301031792503,3.74,4921.0,2.43,30.9,Residential,Low,0,Sunday,January,1,False,False,False,False,False,False,False,False,False,False,False,False,0.0,Low,3.021400020302569,0.9042181506398859,3.281767816284388,-0.7683768407336619,-0.43676583355062903,0,-0.6235837130735259,-0.3042589321795199,0
T00084,R0129,Zone_7,-1.0507787836768243,-0.8783935583968863,-1.3146981462642047,2023-10-16,1.0,Vivaan Singh,35.0,Female,Hyderabad,2025-07-07 00:03:47.581311,1.3405424199616272,1.3809839546849962,3.9,11070.0,0.64,45.2,Industrial,Low,0,Monday,October,0,False,False,False,False,False,False,False,False,False,True,False,False,0.0,Low,3.4314032237192214,1.5238800240724537,5.522680508593631,0.046695678173123416,0.12664997458493465,0,-0.7377806230182531,0.20159127160575266,0
T00085,R0042,Zone_3,-0.42521368482512,-0.2338774565244078,0.3462949958698421,2023-01-22,0.0,Arjun Reddy,18.0,Male,Chennai,2024-04-18 00:03:47.581311,-1.0039199666793377,1.3809839546849962,3.03,12971.0,2.11,38.0,Business,Low,0,Sunday,January,1,False,False,False,False,False,True,False,False,False,False,False,False,0.0,Low,5.0584090689010965,1.9837562915454279,7.243617880589782,0.6719913618517916,0.5443211206341212,0,0.8502701559006086,1.7625004718574506,1
T00086,R0254,Zone_2,0.1069834888248378,-0.18048559009710188,-0.7783768358551572,2023-01-20,1.0,Meera Kumar,18.0,Female,Delhi,2026-03-14 00:03:47.581311,-0.22243250446568272,-0.7295764288901869,3.68,6371.0,0.91,58.4,Residential,Low,0,Friday,January,0,False,False,True,False,True,False,False,False,False,False,False,False,0.0,Low,4.273048472104136,2.256541154492639,7.368174807915458,2.165938649967161,1.4389443564364945,0,-1.6299439819614339,-0.5881544547120707,0
T00087,R0227,Zone_7,-0.9223978865244225,-0.6871215973496144,-1.2585959415741843,2023-04-03,1.0,Arjun Nair,25.0,Male,Pune,2025-05-12 00:03:47.581311,-1.0039199666793377,-0.026056301031792503,4.12,11070.0,0.64,45.2,Industrial,Low,0,Monday,April,1,True,False,False,False,False,False,False,False,False,True,False,False,0.0,Low,3.5607619513334936,1.6370530794670737,6.084406298070503,-1.43061358957216,-0.9368292918695955,0,-0.5379360306149805,0.3316670382933942,0
T00088,R0145,Zone_3,0.8469242960486822,0.8216386720769476,0.37336069649313064,2023-11-29,1.0,Saanvi Nair,36.0,Male,Jaipur,2025-10-13 00:03:47.581311,-1.394663697786165,-0.026056301031792503,4.3,12971.0,2.11,38.0,Business,Low,0,Wednesday,November,1,True,False,False,False,False,True,False,False,False,False,False,False,0.0,Low,5.071416766356115,2.543175557911976,9.404786015641186,2.058602754985357,0.991231350437957,0,-1.0875086597239798,0.6893753966844082,0
T00089,R0154,Zone_3,0.2727115560579384,0.11903691332201537,0.7140469184163694,2023-02-15,0.0,Kavya Patel,18.0,Female,Kolkata,2026-03-22 00:03:47.581311,2.122029882175282,0.6774638268266019,4.68,12971.0,2.11,38.0,Business,Low,0,Wednesday,February,0,True,False,False,False,False,True,False,False,False,False,False,False,0.0,Low,5.222138019809219,2.3282528397426234,8.031189202104505,1.5153179942313024,0.8079005153852908,0,-1.6584932094476155,-0.2736855682144758,0
T00090,R0009,Zone_7,-0.831364159452719,-0.6246355119154599,-0.657369504427736,2024-07-12,0.0,Diya Patel,42.0,Male,Ahmedabad,2024-10-17 00:03:47.581311,-0.22243250446568272,1.3809839546849962,4.11,11070.0,0.64,45.2,Industrial,Low,0,Friday,July,1,False,False,False,False,False,False,False,False,False,True,False,False,0.0,Low,4.393831680123644,1.7101878155342434,6.256996084384263,0.6935427258638249,0.03073324454087231,0,0.20077523058997307,0.9448813669637038,0
T00091,R0205,Zone_1,1.0149865614118265,0.8008099769322291,0.05829491933465515,2023-02-27,1.0,Diya Singh,31.0,Female,Surat,2025-01-23 00:03:47.581311,-1.394663697786165,-1.4330965567485814,4.66,4921.0,2.43,30.9,Residential,Low,0,Monday,February,0,False,False,True,False,False,False,False,False,False,False,False,False,0.0,Low,4.908381060057499,2.5982353350950036,9.366963221877194,-1.0042585777013,-1.9956627594048362,0,-0.14895280611575376,-1.0991663952706623,0
T00092,R0059,Zone_4,1.3347717052278099,1.7609834869133956,-0.19147157039773063,2024-01-22,0.0,Aarav Sharma,43.0,Female,Delhi,2026-01-30 00:03:47.581311,-1.394663697786165,1.3809839546849962,3.27,4038.0,2.46,48.2,Business,Low,0,Monday,January,0,False,False,False,False,False,False,True,False,False,False,False,False,0.0,Low,4.75711844226015,2.6953026282797072,10.975882652433926,0.3879511189744532,0.12269834096341725,0,-1.4764918842232067,2.4779171886394784,0
T00093,R0119,Zone_4,-0.13577311669970446,-0.3805584082477757,0.16774020389387545,2024-04-21,0.0,Saanvi Iyer,47.0,Female,Hyderabad,2026-04-04 00:03:47.581311,-1.0039199666793377,1.3809839546849962,4.39,4038.0,2.46,48.2,Business,Low,0,Sunday,April,0,False,True,False,False,False,False,True,False,False,False,False,False,0.0,Low,4.96807567967746,2.1412419425852827,6.8898476035395735,-1.3233618796060276,-1.5259442412456272,0,-1.704885704112661,1.7625004718574506,0
T00094,R0271,Zone_7,-0.27115660824223753,-0.044365666897816465,-0.3273256210990916,2024-04-18,1.0,Saanvi Iyer,22.0,Female,Bengaluru,2024-12-16 00:03:47.581311,0.16831122664114473,0.6774638268266019,4.37,11070.0,0.64,45.2,Industrial,Low,0,Thursday,April,0,False,False,True,False,False,False,False,False,False,True,False,False,0.0,Low,4.664099253517379,2.0706530356467567,7.676587783644502,0.021114913183699048,-0.45899565082452587,0,-0.013343975556390296,0.2422399486956406,0
T00095,R0004,Zone_3,-1.6856806750487034,-1.595956774227602,-1.486158045843775,2024-04-09,0.0,Aarav Nair,19.0,Female,Kolkata,2025-01-13 00:03:47.581311,-0.6131762355725101,-1.4330965567485814,3.19,12971.0,2.11,38.0,Business,Low,0,Tuesday,April,0,False,True,False,False,False,True,False,False,False,False,False,False,0.0,Low,2.8831233291713367,0.6259384308664953,2.4576411454889016,-1.11376925225463,-0.6553177173809809,0,-0.11326627175802653,-1.0991663952706623,0
T00096,R0298,Zone_5,-0.4975738268564738,-0.29020294198618113,-0.2927708673907182,2023-02-16,0.0,Vivaan Singh,35.0,Female,Ahmedabad,2024-09-25 00:03:47.581311,-0.22243250446568272,0.6774638268266019,3.88,2590.0,1.31,43.9,Business,Low,0,Thursday,February,0,False,False,False,False,False,False,False,True,False,False,False,False,0.0,Low,4.688591794127164,1.9401794743463283,7.109852319141376,0.5512700493781397,0.10940531162172483,0,0.27928560617697296,0.43386942640511234,0
T00097,R0061,Zone_4,-0.36219033531394074,-0.20043419953147992,0.2568205195375144,2023-12-24,0.0,Meera Reddy,25.0,Female,Mumbai,2024-09-27 00:03:47.581311,-1.394663697786165,-1.4330965567485814,3.69,4038.0,2.46,48.2,Business,Low,0,Sunday,December,0,False,True,False,False,False,False,True,False,False,False,False,False,0.0,Low,5.014162399872412,2.020222182019865,7.321885003194191,0.3098695169386701,0.634727886796362,0,0.27214829930542755,-1.0991663952706623,0
T00098,R0127,Zone_8,0.2657089616678075,-0.06666117155976833,0.8837987883449555,2023-09-07,1.0,Vivaan Kumar,38.0,Female,Chennai,2024-06-23 00:03:47.581311,0.5590549577479722,-0.7295764288901869,4.83,4516.0,1.93,31.0,Business,Low,0,Thursday,September,0,False,False,True,False,False,False,False,False,False,False,True,False,0.0,Low,5.289528860514958,2.325324579963535,7.626925986267338,-0.1319381222533172,0.8470359557790273,0,0.614739029139609,-0.701712663725091,0
T00099,R0290,Zone_2,-0.21747005125123295,0.11346303715652746,-0.1729460180293633,2023-07-01,0.0,Saanvi Kumar,34.0,Female,Chennai,2025-11-05 00:03:47.581311,0.5590549577479722,-1.4330965567485814,4.28,6371.0,0.91,58.4,Residential,Low,0,Saturday,July,0,True,False,False,False,True,False,False,False,False,False,False,False,0.0,Low,4.7691580360935415,2.0992441689760155,8.019351594736323,-0.30152415937925287,-0.3385542988287802,0,-1.1695876887467525,-1.0991663952706623,0
T00100,R0127,Zone_4,0.2633747635377639,0.1304780275564381,0.9289958806479227,2023-04-02,0.0,Vivaan Kumar,38.0,Female,Chennai,2023-11-14 00:03:47.581311,0.5590549577479722,0.6774638268266019,4.83,4038.0,2.46,48.2,Business,Low,0,Sunday,April,0,False,False,True,False,False,False,True,False,False,False,False,False,0.0,Low,5.306731865149055,2.3243465847755584,8.055432949258531,-0.1319381222533172,0.8470359557790273,0,1.4069800918811535,0.09319479936605132,0
T00101,R0296,Zone_7,1.7689325574159331,1.7911997629684093,2.026996172438322,2024-01-11,1.0,Reyansh Patel,37.0,Female,Hyderabad,2026-03-31 00:03:47.581311,-0.22243250446568272,1.3809839546849962,3.97,11070.0,0.64,45.2,Industrial,Low,0,Thursday,January,0,False,False,False,False,False,False,False,False,False,True,False,False,0.0,Low,5.6534010450952765,2.813610696762703,11.022703842524301,1.920960254361632,1.2824029984694925,0,-1.6906110903695701,0.9448813669637038,0
T00102,R0088,Zone_5,-0.6399599127891379,-0.21011514234522213,-0.054172263837844604,2023-05-10,0.0,Diya Iyer,22.0,Male,Jaipur,2025-10-18 00:03:47.581311,0.16831122664114473,-1.4330965567485814,4.78,2590.0,1.31,43.9,Business,Low,0,Wednesday,May,1,True,False,False,False,False,False,False,True,False,False,False,False,0.0,Low,4.843084116205751,1.8484548129046001,7.299315036357863,-0.1829285185513184,-0.6036960599196656,0,-1.1053519269028436,-1.0991663952706623,0
T00103,R0247,Zone_5,-0.5932759501882644,-0.5776976073639821,-0.06152993002669977,2024-04-15,1.0,Aadhya Das,37.0,Male,Bengaluru,2025-02-26 00:03:47.581311,1.7312861510684545,-1.4330965567485814,4.92,2590.0,1.31,43.9,Business,Low,0,Monday,April,1,False,True,False,False,False,False,False,True,False,False,False,False,0.0,Low,4.838660029356445,1.8794650496471605,6.383572667401852,0.873628505222185,0.835705268246608,0,-0.27028702293202633,-1.0991663952706623,0
T00104,R0021,Zone_1,-1.5502971835061705,-1.5108818222280487,-1.486158045843775,2023-06-28,1.0,Diya Ghosh,37.0,Female,Pune,2023-11-18 00:03:47.581311,-1.394663697786165,-0.026056301031792503,3.91,4921.0,2.43,30.9,Residential,Low,0,Wednesday,June,0,False,True,False,False,False,False,False,False,False,False,False,False,0.0,Low,2.8831233291713367,0.8960880245566356,2.9899832775452104,0.3467004612951715,0.5515933285155454,0,1.3927054781380626,0.6893753966844082,0
T00105,R0210,Zone_5,-0.030734200847739115,-0.4298432080268273,-0.8690337942535507,2024-06-22,1.0,Meera Iyer,34.0,Female,Mumbai,2026-02-20 00:03:47.581311,-1.394663697786165,1.3809839546849962,3.4,2590.0,1.31,43.9,Business,Low,0,Saturday,June,0,False,True,False,False,False,False,False,True,False,False,False,False,0.0,Low,4.171922696867475,2.192770226986839,6.766830868286867,1.2041248459145242,-0.014399305346597396,0,-1.5514336063744338,2.4779171886394784,0
T00106,R0073,Zone_1,1.1176912791337483,0.7500583676359441,0.8361053450136268,2023-10-13,1.0,Meera Das,41.0,Female,Ahmedabad,2025-03-02 00:03:47.581311,0.5590549577479722,-0.7295764288901869,3.01,4921.0,2.43,30.9,Residential,Low,0,Friday,October,0,False,False,True,False,False,False,False,False,False,False,False,False,0.0,Low,5.271048939393843,2.6304489550786583,9.274157643689264,0.3787843061568347,0.38877667428145524,0,-0.28456163667511725,-0.701712663725091,0
T00107,R0051,Zone_3,-1.711356854479184,-1.5727811838553099,-1.486158045843775,2023-05-22,0.0,Aarav Nair,21.0,Female,Kolkata,2023-12-19 00:03:47.581311,0.9497986888547996,0.6774638268266019,4.02,12971.0,2.11,38.0,Business,Low,0,Monday,May,0,True,False,False,False,False,True,False,False,False,False,False,False,0.0,Low,2.8831233291713367,0.5653138090500605,2.613426869074396,-1.280932631707338,-0.588556645330157,0,1.282077221629108,-0.02604132009762001,0
T00108,R0185,Zone_5,-0.7986853856321077,-0.8534577966039136,-1.0239389449081973,2024-02-03,1.0,Vivaan Sharma,27.0,Female,Delhi,2026-03-23 00:03:47.581311,-0.22243250446568272,-0.7295764288901869,4.05,2590.0,1.31,43.9,Business,Low,0,Saturday,February,0,False,False,False,False,False,False,False,True,False,False,False,False,0.0,Low,3.971234865059992,1.7351891177396608,5.599107071667768,-1.0869703555990426,-0.7481013307079293,0,-1.6620618628833883,-0.5881544547120707,0
T00109,R0162,Zone_2,0.020618158013221644,-0.31836568471706755,-0.4793402600366877,2024-01-14,1.0,Meera Patel,30.0,Female,Hyderabad,2026-03-15 00:03:47.581311,-0.6131762355725101,1.3809839546849962,4.28,6371.0,0.91,58.4,Residential,Low,0,Sunday,January,0,True,False,False,False,True,False,False,False,False,False,False,False,0.0,Low,4.548599834499697,2.217027204632399,7.042016756583302,0.44982710549337585,0.5025610177998875,0,-1.6335126353972065,1.285555994002765,0
T00110,R0075,Zone_4,0.9706367969409968,1.6541997540587836,0.9568499026485886,2023-06-30,1.0,Diya Reddy,18.0,Female,Mumbai,2024-05-11 00:03:47.581311,-1.7854074288929924,-1.4330965567485814,4.83,4038.0,2.46,48.2,Business,Low,0,Friday,June,0,True,False,False,False,False,False,True,False,False,False,False,False,0.0,Low,5.317188187298288,2.583997552432231,10.808792717042916,-0.5863501290695303,-0.33175955914159194,0,0.768191126877836,-1.0991663952706623,0
T00111,R0046,Zone_8,0.4244344345107772,0.6922660726569373,1.3231565693365905,2023-03-31,1.0,Vivaan Singh,31.0,Female,Kolkata,2025-07-28 00:03:47.581311,0.16831122664114473,-1.4330965567485814,3.87,4516.0,1.93,31.0,Business,Low,0,Friday,March,0,False,False,True,False,False,False,False,False,False,False,True,False,0.0,Low,5.445400271249282,2.3896797998449792,9.167333309092673,1.1260432438787409,0.8854537812536175,0,-0.8127223451694803,-1.0991663952706623,1
T00112,R0148,Zone_1,0.3590768868695545,0.6247928348641877,0.9902221742908958,2024-07-23,1.0,Aarav Kumar,44.0,Male,Ahmedabad,2025-09-21 00:03:47.581311,-1.394663697786165,1.3809839546849962,3.36,4921.0,2.43,30.9,Residential,Low,0,Tuesday,July,1,False,False,False,False,False,False,False,False,False,False,False,False,0.0,Low,5.329573756198591,2.363680192353857,9.041017641836564,-1.3519426924266726,-0.9197891865838057,0,-1.00899828413698,2.4779171886394784,0
T00113,R0100,Zone_5,-0.28282759889245584,0.16744162739072693,-0.5900994135582035,2024-04-29,1.0,Ishaan Gupta,28.0,Female,Delhi,2026-02-14 00:03:47.581311,1.7312861510684545,-1.4330965567485814,3.79,2590.0,1.31,43.9,Business,Low,0,Monday,April,0,True,False,False,False,False,False,False,True,False,False,False,False,0.0,Low,4.455160918661383,2.064327903869788,8.133265027035575,0.21361798235368046,0.23335159497734753,0,-1.5300216857597975,-1.0991663952706623,0
T00114,R0038,Zone_3,0.5411443410129609,1.137296080185635,0.46047020869332617,2023-12-29,0.0,Aarav Singh,37.0,Male,Kolkata,2024-12-29 00:03:47.581311,-1.0039199666793377,-1.4330965567485814,4.07,12971.0,2.11,38.0,Business,Low,0,Friday,December,1,False,False,True,False,False,True,False,False,False,False,False,False,0.0,Low,5.112168494919695,2.4344901638739844,9.960421677820673,-1.2644323686356256,-1.2963408051348704,0,-0.059736470221435696,-1.0991663952706623,0
T00115,R0165,Zone_7,1.162041043604578,0.672317463222559,1.6217989844663712,2024-07-07,1.0,Meera Reddy,37.0,Female,Kolkata,2024-02-28 00:03:47.581311,-0.6131762355725101,-1.4330965567485814,3.27,11070.0,0.64,45.2,Industrial,Low,0,Sunday,July,0,True,False,False,False,False,False,False,False,False,True,False,False,0.0,Low,5.538986444728065,2.644044871126298,9.130169768410662,-0.18071866188992822,-0.0010944704726304911,0,1.0287028276892447,-1.0991663952706623,0
T00116,R0215,Zone_2,-1.7627092133401447,-1.656976050144523,-1.486158045843775,2023-12-09,0.0,Saanvi Gupta,26.0,Female,Hyderabad,2025-01-03 00:03:47.581311,-1.0039199666793377,0.6774638268266019,3.24,6371.0,0.91,58.4,Residential,Low,0,Saturday,December,0,False,True,False,False,True,False,False,False,False,False,False,False,0.0,Low,2.8831233291713367,0.43178241642553783,1.98997487421324,-2.6292398427101413,-1.71356720458635,0,-0.0775797374002993,1.0470837550754222,0
T00117,R0093,Zone_5,0.8282507110083328,0.008732837626042773,0.5718862966959894,2024-08-16,1.0,Diya Patel,33.0,Male,Surat,2026-04-02 00:03:47.581311,-1.0039199666793377,0.6774638268266019,3.77,2590.0,1.31,43.9,Business,Low,0,Friday,August,1,True,False,False,False,False,False,False,True,False,False,False,False,0.0,Low,5.16198204659078,2.5368663887187113,7.793587107359486,1.1964640094883718,0.8481671881161373,0,-1.6977483972411156,1.0470837550754222,0
T00118,R0266,Zone_2,-0.13577311669970446,-0.5014235124678308,-0.5393840716135947,2023-05-02,1.0,Diya Reddy,29.0,Female,Chennai,2024-07-22 00:03:47.581311,0.5590549577479722,-0.026056301031792503,3.9,6371.0,0.91,58.4,Residential,Low,0,Tuesday,May,0,False,False,False,False,True,False,False,False,False,False,False,False,0.0,Low,4.499031589926425,2.1412419425852827,6.5840716885526085,0.009492704075647248,0.28501916284195544,0,0.5112480795022,-0.3042589321795199,0
T00119,R0108,Zone_7,-0.6399599127891379,-0.8569781394452746,0.041477396617271976,2023-06-30,0.0,Reyansh Gupta,18.0,Male,Pune,2023-09-30 00:03:47.581311,-0.22243250446568272,-0.7295764288901869,4.88,11070.0,0.64,45.2,Industrial,Low,0,Friday,June,1,False,False,True,False,False,False,False,False,False,True,False,False,0.0,Low,4.898884030671591,1.8484548129046001,5.588380803059147,-1.0979144076364031,-0.16523859122475718,0,1.567569496490926,-0.5881544547120707,1
T00120,R0175,Zone_2,-0.903724301484073,-0.9177040534587488,-1.1714864293739886,2024-03-04,1.0,Diya Patel,35.0,Female,Chennai,2025-06-28 00:03:47.581311,-0.22243250446568272,1.3809839546849962,3.48,6371.0,0.91,58.4,Residential,Low,0,Monday,March,0,False,False,False,False,True,False,False,False,False,False,False,False,0.0,Low,3.7333746940004877,1.6524974018945473,5.4,-0.20976249229676938,-0.10616370772046754,0,-0.7056627420962985,0.9448813669637038,0
T00121,R0236,Zone_5,-1.6319941180576991,-1.5704342886277358,-1.4727565824283604,2023-12-29,0.0,Arjun Gupta,28.0,Female,Ahmedabad,2023-12-16 00:03:47.581311,1.3405424199616272,1.3809839546849962,3.36,2590.0,1.31,43.9,Business,Low,0,Friday,December,0,False,False,True,False,False,False,False,True,False,False,False,False,0.0,Low,2.9386326815134183,0.7419373447293773,2.6286878856189833,-2.0892312330904557,-1.9871584832459817,0,1.2927831819364264,0.20159127160575266,0
T00122,R0278,Zone_1,1.960336804079514,1.943454590857265,2.026996172438322,2023-11-14,0.0,Aarav Reddy,20.0,Male,Mumbai,2024-03-15 00:03:47.581311,0.5590549577479722,1.3809839546849962,4.27,4921.0,2.43,30.9,Residential,Low,0,Tuesday,November,1,False,False,False,False,False,False,False,False,False,False,False,False,0.0,Low,5.6534010450952765,2.8616292890305104,11.255665240224586,1.6189231259117443,3.0677772554880267,0,0.9716043727168813,0.4906485309116225,0
T00123,R0009,Zone_10,-0.824361565062588,-0.748727597073429,-1.0532382227673882,2023-10-27,1.0,Diya Patel,42.0,Female,Ahmedabad,2025-04-25 00:03:47.581311,-0.22243250446568272,-0.026056301031792503,4.11,2440.0,1.54,35.4,Industrial,Low,0,Friday,October,0,True,False,False,True,False,False,False,False,False,False,False,False,0.0,Low,3.928289977892018,1.7155981082624912,5.909314681077663,0.6935427258638249,0.03073324454087231,0,-0.47726892220684425,-0.07714251415347918,0
T00124,R0297,Zone_8,-1.2865327948112353,-1.380335775194251,-1.058887859305259,2024-05-25,1.0,Saanvi Gupta,47.0,Male,Pune,2024-07-14 00:03:47.581311,-1.394663697786165,0.6774638268266019,3.87,4516.0,1.93,31.0,Business,Low,0,Saturday,May,1,False,True,False,False,False,False,False,False,False,False,True,False,0.0,Low,3.9197927426925068,1.275362800412609,3.6592348927063973,-1.27386109039089,-0.9697856157685915,0,0.5397973069883818,1.5836462926619435,0
T00125,R0002,Zone_9,-0.553594581977522,-0.5574556360261574,-0.007267141883893023,2024-03-30,0.0,Ishaan Nair,39.0,Female,Mumbai,2026-01-29 00:03:47.581311,-0.22243250446568272,-0.026056301031792503,4.12,11037.0,1.83,56.1,Mixed,Low,0,Saturday,March,0,True,False,False,False,False,False,False,False,False,False,False,True,0.0,Low,4.8708366843821915,1.9050881545350582,6.437390775772433,1.603582745278179,1.2548252750750044,0,-1.472923230787434,-0.07714251415347918,0
T00126,R0287,Zone_1,-0.8920533108338546,-0.8625520156107626,-0.7911213647894241,2023-07-13,0.0,Saanvi Singh,18.0,Male,Delhi,2023-11-23 00:03:47.581311,-0.6131762355725101,1.3809839546849962,3.33,4921.0,2.43,30.9,Residential,Low,0,Thursday,July,1,False,False,False,False,False,False,False,False,False,False,False,False,0.0,Low,4.259435182087693,1.6620303625532709,5.571355310873647,-0.8122465877894053,-0.3043785946183545,0,1.3748622109591988,1.285555994002765,0
T00127,R0098,Zone_8,0.12332287573514315,-0.4920359315575352,-0.15061024567033873,2024-04-15,1.0,Diya Singh,21.0,Male,Bengaluru,2024-04-28 00:03:47.581311,0.16831122664114473,-0.7295764288901869,3.5,4516.0,1.93,31.0,Business,Low,0,Monday,April,1,False,True,False,False,False,False,False,False,False,False,True,False,0.0,Low,4.783483721384507,2.263844264677615,6.608328079022711,0.452036962154766,0.06650400733423714,0,0.8145836215428814,-0.6520309472818946,0
T00128,R0113,Zone_10,1.74792477424554,2.1801976469387805,2.026996172438322,2024-08-23,1.0,Aadhya Singh,26.0,Female,Chennai,2024-09-30 00:03:47.581311,0.16831122664114473,-1.4330965567485814,4.61,2440.0,1.54,35.4,Industrial,Low,0,Friday,August,0,False,False,True,True,False,False,False,False,False,False,False,False,0.0,Low,5.6534010450952765,2.8081971497071487,11.60861748874516,-0.7155039739463284,0.05253806265286683,0,0.26144233899810937,-1.0991663952706623,0
T00129,R0047,Zone_4,-0.7053174604303607,-0.9209310343966629,-0.27766137432431937,2023-03-14,1.0,Reyansh Iyer,51.0,Female,Bengaluru,2024-08-31 00:03:47.581311,-0.22243250446568272,0.6774638268266019,4.86,4038.0,2.46,48.2,Business,Low,0,Tuesday,March,0,False,False,True,False,False,False,True,False,False,False,False,False,0.0,Low,4.699115798830619,1.803358605071407,5.389805191284746,0.4704524343330167,0.9841480310729339,0,0.36850194207129106,0.43386942640511234,0
T00130,R0297,Zone_6,0.15833584768579834,-0.14293526645591967,0.8283535181360829,2024-01-21,0.0,Saanvi Gupta,47.0,Male,Pune,2025-01-28 00:03:47.581311,-1.394663697786165,0.6774638268266019,3.87,14627.0,0.54,37.6,Mixed,Low,0,Sunday,January,1,False,True,False,False,False,False,False,False,True,False,False,False,0.0,Low,5.268012786283181,2.2793164660546914,7.454528824815154,-1.27386109039089,-0.9697856157685915,0,-0.16679607329461738,1.5836462926619435,0
T00131,R0246,Zone_1,-1.361227134972633,-1.1931708807952337,-0.9968732442849088,2024-04-15,0.0,Vivaan Das,29.0,Female,Mumbai,2025-08-16 00:03:47.581311,1.7312861510684545,-0.026056301031792503,4.79,4921.0,2.43,30.9,Residential,Low,0,Monday,April,0,False,False,True,False,False,False,False,False,False,False,False,False,0.0,Low,4.009331187895144,1.1817271953786161,4.446346815083142,-0.6560833837178401,-0.025472894620583223,0,-0.880526760449162,-0.5029857979523055,0
T00132,R0220,Zone_1,1.7525931705056272,0.5491054637749299,1.425769735291874,2023-01-24,1.0,Meera Ghosh,32.0,Female,Kolkata,2023-12-05 00:03:47.581311,-1.0039199666793377,0.6774638268266019,3.78,4921.0,2.43,30.9,Residential,Low,0,Tuesday,January,0,True,False,False,False,False,False,False,False,False,False,False,False,0.0,Low,5.4785534168509695,2.8094026953624978,8.89719056781409,1.8081523333611471,3.076900570830175,0,1.3320383697299263,1.0470837550754222,0
T00133,R0060,Zone_4,0.2003514140265844,0.5942831969057274,-0.6932381270984048,2023-07-28,1.0,Aarav Nair,40.0,Female,Hyderabad,2025-11-11 00:03:47.581311,-0.6131762355725101,1.3809839546849962,4.57,4038.0,2.46,48.2,Business,Low,0,Friday,July,0,False,False,False,False,False,False,True,False,False,False,False,False,0.0,Low,4.359525369327368,2.2975725511705014,8.983317872590282,-0.1266999435003933,-0.26179210452486745,0,-1.1909996093613888,1.285555994002765,0
T00134,R0039,Zone_9,-1.2841985966811917,-1.3735884514149763,-1.0471944255408285,2023-07-30,1.0,Aadhya Iyer,24.0,Male,Chennai,2024-02-18 00:03:47.581311,-0.22243250446568272,1.3809839546849962,4.2,11037.0,1.83,56.1,Mixed,Low,0,Sunday,July,1,False,True,False,False,False,False,False,False,False,False,False,True,0.0,Low,3.9373008126124147,1.2781522025001875,3.690528417449187,-1.9178764602817142,-1.7995492572519067,0,1.064389362046972,0.9448813669637038,0
T00135,R0233,Zone_9,1.033660146452176,0.7579791390290059,2.026996172438322,2024-01-13,0.0,Ishaan Iyer,30.0,Male,Hyderabad,2026-01-08 00:03:47.581311,-0.6131762355725101,-0.026056301031792503,4.37,11037.0,1.83,56.1,Mixed,Low,0,Saturday,January,1,True,False,False,False,False,False,False,False,False,False,False,True,0.0,Low,5.6534010450952765,2.604170070614818,9.288702815786497,1.9623512204003664,2.1979771188826325,0,-1.3979815086362068,0.09319479936605132,1
T00136,R0009,Zone_3,1.3791214696986396,1.1792468323785186,0.3336818538318046,2023-03-17,1.0,Diya Patel,42.0,Male,Ahmedabad,2024-04-18 00:03:47.581311,-0.22243250446568272,1.3809839546849962,4.11,12971.0,2.11,38.0,Business,Low,0,Friday,March,1,True,False,False,False,False,True,False,False,False,False,False,False,0.0,Low,5.052288942696368,2.70805020110221,10.031948963187562,0.6935427258638249,0.03073324454087231,0,0.8502701559006086,0.9448813669637038,0
T00137,R0003,Zone_10,0.16767264020597325,-0.13618794267664483,-0.774829389656959,2023-01-25,1.0,Kavya Reddy,34.0,Male,Pune,2025-06-24 00:03:47.581311,0.9497986888547996,-0.7295764288901869,3.76,2440.0,1.54,35.4,Industrial,Low,0,Wednesday,January,1,False,True,False,True,False,False,False,False,False,False,False,False,0.0,Low,4.276804998260776,2.2834022735772717,7.469939758793239,-0.7800317884589186,-1.043168804390227,0,-0.6913881283532076,-0.7414580368796482,0
T00138,R0132,Zone_1,-1.8420719497616296,-1.7150617070269767,-1.486158045843775,2023-12-18,0.0,Aadhya Iyer,23.0,Male,Surat,2025-09-17 00:03:47.581311,1.3405424199616272,-0.026056301031792503,3.32,4921.0,2.43,30.9,Residential,Low,0,Monday,December,1,False,False,True,False,False,False,False,False,False,False,False,False,0.0,Low,2.8831233291713367,0.18232155679395465,1.407124727947029,-1.0504646715303652,-0.9341307618375628,0,-0.9947236703938891,-0.4487875618324548,0
T00139,R0053,Zone_7,2.063041521801436,0.7365637200773941,2.026996172438322,2023-03-09,0.0,Arjun Reddy,45.0,Male,Delhi,2025-05-06 00:03:47.581311,-1.394663697786165,-0.7295764288901869,4.85,11070.0,0.64,45.2,Industrial,Low,0,Thursday,March,1,False,True,False,False,False,False,False,False,False,True,False,False,0.0,Low,5.6534010450952765,2.8864752876170416,9.249324299644812,1.7138651158085034,1.2694759406283251,0,-0.5165241100003443,-0.204895499293127,0
T00140,R0101,Zone_2,0.34040330182920514,0.09762149437040375,0.44995925699496153,2024-07-18,0.0,Aarav Singh,37.0,Male,Delhi,2026-01-16 00:03:47.581311,-1.0039199666793377,-1.4330965567485814,3.03,6371.0,0.91,58.4,Residential,Low,0,Thursday,July,1,True,False,False,False,True,False,False,False,False,False,False,False,0.0,Low,5.1073384426629,2.3561258599220753,7.985612061701971,0.569454012763292,0.14177135890696843,0,-1.4265307361223887,-1.0991663952706623,0
T00141,R0112,Zone_4,1.3441084977479845,2.2635124275176537,0.07366718619351341,2023-08-24,0.0,Meera Nair,41.0,Male,Delhi,2024-01-17 00:03:47.581311,0.9497986888547996,-0.7295764288901869,3.24,4038.0,2.46,48.2,Business,Low,0,Thursday,August,1,False,False,False,False,False,False,True,False,False,False,False,False,0.0,Low,4.9169837380148005,2.6979998652487085,11.730302638892145,0.5075780262443694,-0.49438155326572436,0,1.178586271991699,-0.7414580368796482,0
T00142,R0277,Zone_8,-0.6633018940895746,-0.6698132450462572,-0.4857782179519359,2023-02-11,0.0,Kavya Gupta,42.0,Male,Jaipur,2024-02-28 00:03:47.581311,0.5590549577479722,-1.4330965567485814,3.06,4516.0,1.93,31.0,Business,Low,0,Saturday,February,1,False,False,False,False,False,False,False,False,False,False,True,False,0.0,Low,4.543401159590459,1.8325814637483102,6.132699242584786,0.923554896460998,0.8555936549526215,0,1.0287028276892447,-1.0991663952706623,0
T00143,R0278,Zone_1,-0.48590283620625546,-0.7457939780389616,0.13594457500632307,2024-01-21,0.0,Aarav Reddy,20.0,Female,Mumbai,2023-09-20 00:03:47.581311,0.5590549577479722,-1.4330965567485814,4.27,4921.0,2.43,30.9,Residential,Low,0,Sunday,January,0,False,False,False,False,False,False,False,False,False,False,False,False,0.0,Low,4.9510975813800595,1.9473377010464987,5.917769850205397,1.6189231259117443,3.0677772554880267,0,1.6032560308486532,-1.0991663952706623,1
T00144,R0227,Zone_2,0.1069834888248378,-0.38730573202705054,0.13909786051583214,2023-05-11,1.0,Arjun Nair,25.0,Male,Pune,2025-03-20 00:03:47.581311,-1.0039199666793377,-0.7295764288901869,4.12,6371.0,0.91,58.4,Residential,Low,0,Thursday,May,1,True,False,False,False,True,False,False,False,False,False,False,False,0.0,Low,4.952794294406406,2.256541154492639,6.8731361109758335,-1.43061358957216,-0.9368292918695955,0,-0.34879739851902625,-0.383749678488634,0
T00145,R0182,Zone_6,1.2787509501067618,1.5107457832733298,0.6106454310837087,2023-09-26,0.0,Meera Patel,43.0,Female,Jaipur,2025-05-24 00:03:47.581311,-1.0039199666793377,-0.026056301031792503,4.4,14627.0,0.54,37.6,Mixed,Low,0,Tuesday,September,0,False,True,False,False,False,False,False,False,True,False,False,False,0.0,Low,5.178745231407191,2.6789646202071133,10.580170130957253,1.0691762657923034,0.8879659985217454,0,-0.5807598718442533,0.3316670382933942,0
T00146,R0288,Zone_2,0.1443306589055366,0.13106475136333143,0.17102487629961435,2024-07-17,0.0,Diya Ghosh,42.0,Female,Ahmedabad,2023-09-17 00:03:47.581311,0.16831122664114473,1.3809839546849962,4.56,6371.0,0.91,58.4,Residential,Low,0,Wednesday,July,0,False,False,True,False,True,False,False,False,False,False,False,False,0.0,Low,4.969813299576001,2.2731562823032334,8.056674251823763,-0.932069926762557,-0.9116905914431296,0,1.6139619911559713,0.6893753966844082,0
T00147,R0043,Zone_6,-1.4872738339949914,-1.450449270118021,-1.335588662764704,2023-08-04,0.0,Diya Kumar,28.0,Female,Ahmedabad,2023-11-07 00:03:47.581311,0.5590549577479722,1.3809839546849962,4.68,14627.0,0.54,37.6,Mixed,Low,0,Friday,August,0,False,False,True,False,False,False,False,False,True,False,False,False,0.0,Low,3.3786108829893595,1.000631880307906,3.3166247903554,-0.3709300278555048,-1.1160194323336776,0,1.4319606659315625,0.4906485309116225,0
T00148,R0162,Zone_3,0.28438254670815694,0.19912471296297435,-0.3727854871945178,2023-06-10,0.0,Meera Patel,30.0,Male,Hyderabad,2024-01-03 00:03:47.581311,-0.6131762355725101,-1.4330965567485814,4.28,12971.0,2.11,38.0,Business,Low,0,Saturday,June,1,True,False,False,False,False,True,False,False,False,False,False,False,0.0,Low,4.630935393874117,2.333114298028869,8.19939022122987,0.44982710549337585,0.5025610177998875,0,1.2285474200925173,-1.0991663952706623,0
T00149,R0232,Zone_4,1.880974067658029,1.593767201948756,0.4048935515882241,2023-09-24,1.0,Meera Das,38.0,Male,Jaipur,2025-11-08 00:03:47.581311,2.122029882175282,-1.4330965567485814,3.94,4038.0,2.46,48.2,Business,Low,0,Sunday,September,1,True,False,False,False,False,False,True,False,False,False,False,False,0.0,Low,5.086361004624392,2.8419981736119486,10.713076122197583,-0.5435884582884439,-0.5039447609027993,0,-1.1802936490540707,-1.0991663952706623,0
T00150,R0240,Zone_9,0.05563112996387683,-0.3573828178754836,-0.719515506344316,2023-06-12,1.0,Aarav Iyer,30.0,Male,Delhi,2024-06-15 00:03:47.581311,0.16831122664114473,-0.026056301031792503,4.07,11037.0,1.83,56.1,Mixed,Low,0,Monday,June,1,False,False,True,False,False,False,False,False,False,False,False,True,0.0,Low,4.333623895445714,2.2332350148592526,6.9469417731833625,2.0173520973060755,0.750380783728771,0,0.6432882566257907,-0.204895499293127,0
T00151,R0260,Zone_6,0.13032547012527443,0.6074844825608307,0.8547622842782235,2023-05-30,0.0,Reyansh Das,55.0,Male,Mumbai,2024-07-02 00:03:47.581311,-0.6131762355725101,0.6774638268266019,4.24,14627.0,0.54,37.6,Mixed,Low,0,Tuesday,May,1,False,False,True,False,False,False,False,False,True,False,False,False,0.0,Low,5.278318720041347,2.2669579153508947,9.008329478876759,-1.0568040583165752,-0.4993508953180304,0,0.5826211482176544,0.6893753966844082,1
T00152,R0238,Zone_7,-1.4942764283851224,-1.4833058033040554,-1.288814927706982,2023-01-25,1.0,Reyansh Patel,30.0,Female,Pune,2024-07-20 00:03:47.581311,-0.6131762355725101,-0.7295764288901869,4.91,11070.0,0.64,45.2,Industrial,Low,0,Wednesday,January,0,False,True,False,False,False,False,False,False,False,True,False,False,0.0,Low,3.4931686602009657,0.9895411936137477,3.1432467291003423,-0.9644811577962785,-1.0019045339115444,0,0.5183853863737454,-0.5029857979523055,0
T00153,R0252,Zone_10,-1.6576702974881794,-1.546085250641657,-1.4324208052858867,2023-02-06,1.0,Reyansh Gupta,38.0,Male,Ahmedabad,2024-09-14 00:03:47.581311,3.294261075495764,-1.4330965567485814,4.83,2440.0,1.54,35.4,Industrial,Low,0,Monday,February,1,False,True,False,True,False,False,False,False,False,False,False,False,0.0,Low,3.08922261664133,0.688134638736401,2.7820855486487113,-1.0701859680994372,-0.8012439342440127,0,0.3185407939704729,-1.0991663952706623,0
T00154,R0096,Zone_8,-0.7660066118114961,-0.9655220437205667,-1.1394280266939771,2023-05-01,0.0,Reyansh Das,40.0,Male,Kolkata,2024-08-03 00:03:47.581311,-1.0039199666793377,1.3809839546849962,4.46,4516.0,1.93,31.0,Business,Low,0,Monday,May,1,False,True,False,False,False,False,False,False,False,False,True,False,0.0,Low,3.7900813346229034,1.75958057086382,5.246903848937962,-1.5378652995382918,-1.9079995989433145,0,0.4684242382729273,1.7625004718574506,0
T00155,R0134,Zone_3,-0.40187170352468315,-0.397866760551133,0.2206891230743865,2024-01-08,1.0,Aadhya Singh,34.0,Male,Jaipur,2024-06-24 00:03:47.581311,-0.22243250446568272,-0.026056301031792503,4.59,12971.0,2.11,38.0,Business,Low,0,Monday,January,1,False,False,False,False,False,True,False,False,False,False,False,False,0.0,Low,4.995724681360501,1.9974177062012453,6.846897107449476,-0.06917351612452413,0.824112235552521,0,0.6111703757038363,-0.07714251415347918,0
T00156,R0272,Zone_10,0.09998089443470651,0.6793581489052806,0.13055771226091095,2023-02-14,0.0,Kavya Ghosh,21.0,Male,Kolkata,2025-11-28 00:03:47.581311,-0.22243250446568272,-0.7295764288901869,4.79,2440.0,1.54,35.4,Industrial,Low,0,Tuesday,February,1,False,False,False,True,False,False,False,False,False,False,False,False,0.0,Low,4.948192353473037,2.253394848803274,9.143303560529969,-1.376566809510734,-0.9433648345370564,0,-1.251666717769525,-0.5881544547120707,0
T00157,R0191,Zone_3,0.1723410364660605,0.160400941708005,0.09600295855253778,2023-02-01,0.0,Meera Gupta,33.0,Male,Surat,2023-10-04 00:03:47.581311,1.3405424199616272,-0.026056301031792503,4.56,12971.0,2.11,38.0,Business,Low,0,Wednesday,February,1,False,False,True,False,False,True,False,False,False,False,False,False,0.0,Low,4.929352929476567,2.285438934159075,8.118497397917917,-0.3127743387463294,-0.4040108476384331,0,1.553294882747835,-0.4487875618324548,0
T00158,R0193,Zone_4,1.8482952938374184,1.747195477451399,1.5229960385017454,2024-03-14,1.0,Kavya Singh,33.0,Female,Chennai,2024-06-09 00:03:47.581311,-0.22243250446568272,-0.7295764288901869,4.41,4038.0,2.46,48.2,Business,Low,0,Thursday,March,0,False,False,False,False,False,False,True,False,False,False,False,False,0.0,Low,5.508983396351134,2.8338014064077703,10.954451150103322,-0.046443561893082935,0.49832676689057426,0,0.6647001772404271,-0.5881544547120707,0
T00159,R0156,Zone_9,0.04629433744370192,-0.17344490441438018,0.8514776118724846,2024-02-27,0.0,Ishaan Iyer,33.0,Male,Jaipur,2025-02-10 00:03:47.581311,-1.7854074288929924,-0.7295764288901869,4.28,11037.0,1.83,56.1,Mixed,Low,0,Tuesday,February,1,False,False,True,False,False,False,False,False,False,False,False,True,0.0,Low,5.277042656269182,2.2289385528257473,7.384443106964803,-0.018662506721321876,1.0388312565709097,0,-0.2131885679596628,0.09319479936605132,1
T00160,R0284,Zone_6,1.22039599685567,0.7744074056220231,2.026996172438322,2023-07-04,0.0,Vivaan Das,28.0,Female,Surat,2025-01-17 00:03:47.581311,-0.22243250446568272,-1.4330965567485814,4.95,14627.0,0.54,37.6,Mixed,Low,0,Tuesday,July,0,False,False,True,False,False,False,False,False,True,False,False,False,0.0,Low,5.6534010450952765,2.6616571615324998,9.318798205777396,0.35932821364597145,0.3313020962633371,0,-0.12754088550111742,-1.0991663952706623,0
T00161,R0052,Zone_9,-0.06808137092843793,0.5147821210716618,-0.3717343920246814,2023-11-24,1.0,Reyansh Singh,23.0,Male,Hyderabad,2024-08-10 00:03:47.581311,-1.7854074288929924,-0.026056301031792503,4.74,11037.0,1.83,56.1,Mixed,Low,0,Friday,November,1,False,True,False,False,False,False,False,False,False,False,False,True,0.0,Low,4.631714741210204,2.174751721484161,8.831194709664146,1.2404647110129392,1.149567149310765,0,0.44344366422251824,1.285555994002765,0
T00162,R0040,Zone_8,1.668562037824055,1.686176201534478,-0.028420432176851716,2023-11-05,1.0,Aarav Gupta,34.0,Female,Surat,2023-12-16 00:03:47.581311,0.9497986888547996,-0.026056301031792503,4.41,4516.0,1.93,31.0,Business,Low,0,Sunday,November,0,True,False,False,False,False,False,False,False,False,False,True,False,0.0,Low,4.858416081118745,2.787477334733532,10.859097568398582,-0.027501933366882544,-0.5258503800980654,0,1.2927831819364264,-0.383749678488634,0
T00163,R0200,Zone_2,-1.5736391648066073,-1.456023146283509,-1.2706835360273032,2023-12-31,0.0,Kavya Kumar,30.0,Male,Bengaluru,2023-10-16 00:03:47.581311,-1.394663697786165,1.3809839546849962,3.6,6371.0,0.91,58.4,Residential,Low,0,Sunday,December,1,False,False,False,False,True,False,False,False,False,False,False,False,0.0,Low,3.5342703358865175,0.8544153281560676,3.2878564445547194,1.1201502927817009,-0.25190300365581025,0,1.5104710415185625,2.4779171886394784,0
T00164,R0098,Zone_9,-0.7193226492106228,-0.7117639972391404,-0.7121578401554609,2023-01-26,0.0,Diya Singh,21.0,Male,Bengaluru,2024-01-16 00:03:47.581311,0.16831122664114473,1.3809839546849962,3.5,11037.0,1.83,56.1,Mixed,Low,0,Thursday,January,1,False,False,True,False,False,False,False,False,False,False,False,True,0.0,Low,4.340944189572651,1.7934247485471162,6.014981296729027,0.452036962154766,0.06650400733423714,0,1.182154925427472,0.6893753966844082,0
T00165,R0055,Zone_3,1.127028071653923,1.5494695545282993,2.026996172438322,2024-04-22,1.0,Kavya Singh,32.0,Female,Delhi,2025-11-24 00:03:47.581311,0.16831122664114473,-1.4330965567485814,4.19,12971.0,2.11,38.0,Business,Low,0,Monday,April,0,False,False,True,False,False,True,False,False,False,False,False,False,0.0,Low,5.6534010450952765,2.6333266549062735,10.64236815751081,0.5131763297865582,0.1910405673036116,0,-1.2373921040264342,-1.0991663952706623,1
T00166,R0230,Zone_8,-0.2221384475113204,-0.29871043718613643,-0.09516497546146613,2023-02-24,1.0,Kavya Gupta,32.0,Female,Chennai,2026-01-21 00:03:47.581311,0.16831122664114473,-1.4330965567485814,3.65,4516.0,1.93,31.0,Business,Low,0,Friday,February,0,False,False,False,False,False,False,False,False,False,False,True,False,0.0,Low,4.818182590102842,2.096790180014449,7.089428749906441,-0.4473746990309987,-0.4927535703649966,0,-1.4443740033012522,-1.0991663952706623,0
T00167,R0287,Zone_9,1.0663389202727873,0.5273966829198716,2.026996172438322,2024-03-27,1.0,Saanvi Singh,18.0,Female,Delhi,2025-10-19 00:03:47.581311,-0.6131762355725101,0.6774638268266019,3.33,11037.0,1.83,56.1,Mixed,Low,0,Wednesday,March,0,False,True,False,False,False,False,False,False,False,False,False,True,0.0,Low,5.6534010450952765,2.614471854142644,8.855506761332183,-0.8122465877894053,-0.3043785946183545,0,-1.1089205803386162,0.6893753966844082,1
T00168,R0131,Zone_9,0.4291028307708645,0.10084847530831782,0.35483514412476325,2024-01-19,1.0,Reyansh Ghosh,24.0,Male,Surat,2025-09-28 00:03:47.581311,-1.0039199666793377,1.3809839546849962,3.6,11037.0,1.83,56.1,Mixed,Low,0,Friday,January,1,False,False,False,False,False,False,False,False,False,False,False,True,0.0,Low,5.062531739884758,2.391511302188447,7.992496481075234,-1.5897232691922456,-1.3912100624970747,0,-1.033978858187389,1.7625004718574506,0
T00169,R0043,Zone_1,1.0826783071830932,0.6764245298708134,1.0740470140853524,2024-03-09,0.0,Diya Kumar,28.0,Female,Ahmedabad,2024-07-29 00:03:47.581311,0.5590549577479722,-0.7295764288901869,4.68,4921.0,2.43,30.9,Residential,Low,0,Saturday,March,0,False,False,True,False,False,False,False,False,False,False,False,False,0.0,Low,5.360023755984015,2.6195832197798796,9.137833441248533,-0.3709300278555048,-1.1160194323336776,0,0.4862675054517909,-0.701712663725091,0
T00170,R0120,Zone_10,0.6952014175958434,1.2170905179231475,1.6141785444850572,2024-08-05,1.0,Ishaan Gupta,18.0,Male,Surat,2024-09-23 00:03:47.581311,0.16831122664114473,-0.026056301031792503,4.55,2440.0,1.54,35.4,Industrial,Low,0,Monday,August,1,False,False,True,True,False,False,False,False,False,False,False,False,0.0,Low,5.53670414727494,2.4907230351094403,10.09603882718366,0.25535971929104845,-0.10707863647178281,0,0.2864229130485184,-0.204895499293127,1
T00171,R0279,Zone_7,0.7652273614971533,1.3077393460881885,1.6216675975701418,2023-10-17,0.0,Diya Singh,25.0,Male,Pune,2024-05-23 00:03:47.581311,-1.0039199666793377,-1.4330965567485814,3.73,11070.0,0.64,45.2,Industrial,Low,0,Tuesday,October,1,True,False,False,False,False,False,False,False,False,True,False,False,0.0,Low,5.5389471388695215,2.5152741864043966,10.24792661956554,0.12866127070468267,0.32496488653809685,0,0.7253672856485633,-1.0991663952706623,1
T00172,R0084,Zone_9,1.7199143966850161,0.5447050352232291,2.026996172438322,2023-07-23,0.0,Kavya Sharma,38.0,Female,Jaipur,2025-02-17 00:03:47.581311,0.16831122664114473,-0.026056301031792503,4.67,11037.0,1.83,56.1,Mixed,Low,0,Sunday,July,0,False,False,False,False,False,False,False,False,False,False,False,True,0.0,Low,5.6534010450952765,2.800933195248924,8.888756943465156,0.7488943736681674,1.403309357264293,0,-0.23816914201007183,-0.204895499293127,0
T00173,R0015,Zone_7,1.1293622697839665,0.6435679966847788,1.6696238146939297,2023-08-31,0.0,Saanvi Patel,28.0,Female,Chennai,2025-03-09 00:03:47.581311,-1.0039199666793377,-0.026056301031792503,3.87,11070.0,0.64,45.2,Industrial,Low,0,Thursday,August,0,False,True,False,False,False,False,False,False,False,True,False,False,0.0,Low,5.5531921160237,2.6340447877917144,9.076342875850383,-1.2326104327116083,-0.27909114448522276,0,-0.3095422107255263,0.3316670382933942,0
T00174,R0080,Zone_7,1.1386990623041413,0.9612789381175936,0.372309601323294,2023-09-23,1.0,Reyansh Kumar,19.0,Male,Mumbai,2024-05-16 00:03:47.581311,-0.6131762355725101,0.6774638268266019,4.6,11070.0,0.64,45.2,Industrial,Low,0,Saturday,September,1,True,False,False,False,False,False,False,False,False,True,False,False,0.0,Low,5.070914758313443,2.6369121732688705,9.654532614269838,0.6442944916957033,0.3513872418406023,0,0.7503478596989724,0.6893753966844082,0
T00175,R0300,Zone_2,0.0019445729728722395,0.24371572228687807,0.22752124167832355,2023-10-02,1.0,Saanvi Iyer,38.0,Male,Kolkata,2024-12-29 00:03:47.581311,-0.6131762355725101,1.3809839546849962,3.67,6371.0,0.91,58.4,Residential,Low,0,Monday,October,1,False,False,True,False,True,False,False,False,False,False,False,False,0.0,Low,4.999237249143887,2.2082744135228043,8.2915619758885,0.6217048458237153,1.1947980786338606,0,-0.059736470221435696,1.285555994002765,0
T00176,R0040,Zone_1,-0.7006490641702734,-0.9118368153898142,-1.0742601261641171,2023-09-04,1.0,Aarav Gupta,34.0,Female,Surat,2025-09-08 00:03:47.581311,0.9497986888547996,-1.4330965567485814,4.41,4921.0,2.43,30.9,Residential,Low,0,Monday,September,0,False,False,False,False,False,False,False,False,False,False,False,False,0.0,Low,3.89630004496291,1.8066480817218056,5.418486873657627,-0.027501933366882544,-0.5258503800980654,0,-0.9626057894719345,-1.0991663952706623,0
T00177,R0147,Zone_10,-0.7916827912419766,-0.9135969868104945,-0.4030044733273157,2023-06-06,0.0,Saanvi Nair,35.0,Female,Mumbai,2023-10-02 00:03:47.581311,0.16831122664114473,-0.026056301031792503,3.91,2440.0,1.54,35.4,Industrial,Low,0,Tuesday,June,0,False,False,False,True,False,False,False,False,False,False,False,False,0.0,Low,4.608265390895394,1.7404661748405046,5.412947441089743,-0.08716806322441498,-0.018448602916935477,0,1.5604321896193805,-0.204895499293127,0
T00178,R0019,Zone_3,0.8539268904388131,1.201835698943917,0.45284976871201177,2023-04-26,0.0,Kavya Patel,40.0,Female,Mumbai,2023-09-28 00:03:47.581311,-1.0039199666793377,-1.4330965567485814,4.08,12971.0,2.11,38.0,Business,Low,0,Wednesday,April,0,False,False,False,False,False,True,False,False,False,False,False,False,0.0,Low,5.1086690343676215,2.545531271604435,10.070253224224304,-0.2013439907295691,-0.11189647419322601,0,1.5747068033624714,-1.0991663952706623,0
T00179,R0270,Zone_3,-0.9107268958742039,-0.7006162449081643,-0.409442431242564,2024-01-02,0.0,Aadhya Reddy,35.0,Male,Hyderabad,2024-01-07 00:03:47.581311,0.16831122664114473,-0.7295764288901869,3.08,12971.0,2.11,38.0,Business,Low,0,Tuesday,January,1,True,False,False,False,False,True,False,False,False,False,False,False,0.0,Low,4.603368564041463,1.6467336971777973,6.04648658313239,-0.4193831813200574,0.17513261256299836,0,1.2142728063494264,-0.6520309472818946,0
T00180,R0281,Zone_7,-1.5479629853761268,-1.4243400607112615,-1.2742309822255014,2023-05-23,0.0,Arjun Iyer,21.0,Male,Jaipur,2024-04-15 00:03:47.581311,-1.0039199666793377,0.6774638268266019,4.74,11070.0,0.64,45.2,Industrial,Low,0,Tuesday,May,1,False,False,True,False,False,False,False,False,False,True,False,False,0.0,Low,3.5263605246161616,0.9001613499442714,3.448187929913334,-0.2744165843328677,-0.7881456961848574,0,0.8609761162079268,1.0470837550754222,0
T00181,R0057,Zone_10,-1.146480907008615,-1.2034385474158695,-0.7130775484290679,2024-03-09,1.0,Aadhya Reddy,39.0,Male,Bengaluru,2024-07-21 00:03:47.581311,1.7312861510684545,-0.7295764288901869,3.66,2440.0,1.54,35.4,Industrial,Low,0,Saturday,March,1,True,False,False,True,False,False,False,False,False,False,False,False,0.0,Low,4.3400320779712045,1.430311246536665,4.406812907306141,-0.7498795220123965,-0.9787656906524701,0,0.5148167329379727,-0.8010760966114839,0
T00182,R0051,Zone_8,-0.31083797645297995,-0.3186590466205145,0.32461615799196525,2023-07-18,0.0,Aarav Nair,21.0,Male,Kolkata,2023-09-06 00:03:47.581311,0.9497986888547996,-1.4330965567485814,4.02,4516.0,1.93,31.0,Business,Low,0,Tuesday,July,1,True,False,False,False,False,False,False,False,False,False,True,False,0.0,Low,5.047866850701583,2.048982334195127,7.041306696913578,-1.280932631707338,-0.588556645330157,0,1.6532171789494714,-1.0991663952706623,0
T00183,R0023,Zone_7,-0.6843096772599676,-0.35503592264790956,-0.39315045611009897,2024-03-11,1.0,Meera Iyer,24.0,Male,Jaipur,2023-10-21 00:03:47.581311,-0.22243250446568272,-1.4330965567485814,3.21,11070.0,0.64,45.2,Industrial,Low,0,Monday,March,1,True,False,False,False,False,False,False,False,False,True,False,False,0.0,Low,4.615714399863762,1.8180767775454285,6.952697318307479,-0.74854659259759,0.11280530491693588,0,1.4926277743396987,-1.0991663952706623,0
T00184,R0125,Zone_7,1.446813215469906,1.2804566890676423,2.026996172438322,2023-09-12,0.0,Saanvi Ghosh,44.0,Male,Ahmedabad,2025-10-21 00:03:47.581311,-0.6131762355725101,1.3809839546849962,3.89,11070.0,0.64,45.2,Industrial,Low,0,Tuesday,September,1,False,False,True,False,False,False,False,False,False,True,False,False,0.0,Low,5.6534010450952765,2.727199019940971,10.202450685987166,0.7091169537631454,1.6511842156771257,0,-1.1160578872101616,1.285555994002765,0
T00185,R0103,Zone_4,0.6788620306855376,0.4229598452928336,-0.5258512213019506,2023-03-08,0.0,Ishaan Gupta,37.0,Female,Surat,2026-03-22 00:03:47.581311,0.5590549577479722,-0.026056301031792503,3.07,4038.0,2.46,48.2,Business,Low,0,Wednesday,March,0,False,True,False,False,False,False,True,False,False,False,False,False,0.0,Low,4.510419849442281,2.4849066497880004,8.652167358529306,-0.09134223691815115,0.09274639385583802,0,-1.6584932094476155,-0.3042589321795199,0
T00187,R0282,Zone_9,1.2180617987256264,1.2666686796056459,1.4580909117643448,2024-05-01,1.0,Reyansh Kumar,22.0,Male,Bengaluru,2024-04-19 00:03:47.581311,0.5590549577479722,-0.026056301031792503,4.47,11037.0,1.83,56.1,Mixed,Low,0,Wednesday,May,1,False,False,True,False,False,False,False,False,False,False,False,True,0.0,Low,5.488772423238713,2.6609585935683597,10.179390944452424,1.3124896688656529,0.8859312494478517,0,0.8467015024648359,-0.3042589321795199,0
T00188,R0050,Zone_1,1.1807146286449275,0.8295594434700094,0.45153589974971625,2024-08-14,0.0,Diya Das,49.0,Male,Ahmedabad,2023-10-10 00:03:47.581311,-0.22243250446568272,-0.7295764288901869,3.42,4921.0,2.43,30.9,Residential,Low,0,Wednesday,August,1,False,True,False,False,False,False,False,False,False,False,False,False,0.0,Low,5.108064439427801,2.649714624089247,9.419129471453294,0.2911383509516494,0.027994361053062782,0,1.5318829621331986,-0.5881544547120707,0
T00189,R0076,Zone_10,2.604575487971568,1.0947586041858588,1.9256968754453345,2024-06-21,0.0,Reyansh Reddy,40.0,Male,Bengaluru,2025-08-22 00:03:47.581311,-1.0039199666793377,0.6774638268266019,3.34,2440.0,1.54,35.4,Industrial,Low,0,Friday,June,1,False,False,False,True,False,False,False,False,False,False,False,False,0.0,Low,5.626001097136171,3.0081547935525483,9.88736567544662,1.922475584643727,1.3221829200234607,0,-0.9019386810637983,1.0470837550754222,0
T00190,R0115,Zone_6,-0.6866438753900113,-0.6944556449357828,-0.061267156234240706,2023-12-02,0.0,Aarav Ghosh,40.0,Female,Bengaluru,2026-04-01 00:03:47.581311,1.3405424199616272,-0.026056301031792503,4.4,14627.0,0.54,37.6,Mixed,Low,0,Saturday,December,0,False,True,False,False,False,False,False,False,True,False,False,False,0.0,Low,4.838818369947386,1.8164520818184267,6.063827174318213,-0.29616693110921594,-0.21003522005749173,0,-1.6941797438053428,-0.4487875618324548,1
T00191,R0272,Zone_9,-1.7767144021204067,-1.6440681263928667,-1.486158045843775,2024-07-01,0.0,Kavya Ghosh,21.0,Male,Kolkata,2026-01-03 00:03:47.581311,-0.22243250446568272,1.3809839546849962,4.79,11037.0,1.83,56.1,Mixed,Low,0,Monday,July,1,False,True,False,False,False,False,False,False,False,False,False,True,0.0,Low,2.8831233291713367,0.3920420877760237,2.0976176963403033,-1.376566809510734,-0.9433648345370564,0,-1.380138241457343,0.9448813669637038,0
T00192,R0110,Zone_2,-0.29216439141263056,-0.2629202849656347,-0.6133548941908349,2023-03-24,0.0,Vivaan Patel,19.0,Male,Kolkata,2023-09-28 00:03:47.581311,-0.22243250446568272,-0.7295764288901869,4.43,6371.0,0.91,58.4,Residential,Low,0,Friday,March,1,False,False,False,False,True,False,False,False,False,False,False,False,0.0,Low,4.4343818650078095,2.0592388343623163,7.174956445860839,0.24231104186188815,0.23799116916143737,0,1.5747068033624714,-0.5881544547120707,0
T00193,R0158,Zone_7,-0.9830870379055578,-0.8596183965762951,-0.6963914126079142,2023-10-18,1.0,Aarav Iyer,27.0,Female,Ahmedabad,2024-10-25 00:03:47.581311,-1.394663697786165,-0.7295764288901869,3.57,11070.0,0.64,45.2,Industrial,Low,0,Wednesday,October,0,False,False,False,False,False,False,False,False,False,True,False,False,0.0,Low,4.356452383554451,1.5851452198650557,5.580322571321482,-1.01751771766964,-1.1161387993822363,0,0.1722260031037913,-0.204895499293127,0
T00194,R0189,Zone_10,-0.32017476897315467,-0.679787549763446,-0.41049352641240044,2023-07-09,1.0,Reyansh Gupta,29.0,Male,Delhi,2023-11-20 00:03:47.581311,0.16831122664114473,1.3809839546849962,3.28,2440.0,1.54,35.4,Industrial,Low,0,Sunday,July,1,True,False,False,True,False,False,False,False,False,False,False,False,0.0,Low,4.602566800117977,2.0438143640366846,6.104916051838878,0.537484753061849,1.283400565946733,0,1.385568171266517,0.6893753966844082,0
T00195,R0223,Zone_9,-1.2468514266004929,-1.1755691665884296,-1.1031652433346193,2024-02-05,1.0,Meera Ghosh,30.0,Male,Surat,2024-11-07 00:03:47.581311,0.16831122664114473,0.6774638268266019,4.04,11037.0,1.83,56.1,Mixed,Low,0,Monday,February,1,False,False,True,False,False,False,False,False,False,False,False,True,0.0,Low,3.8505730431119236,1.3217558399823195,4.513313638558703,-0.6138505675223849,-0.2175666130338627,0,0.1258335084387459,0.2422399486956406,0
T00196,R0185,Zone_7,0.6415148606048388,0.9507179095935111,0.45429502457053705,2024-06-22,1.0,Vivaan Sharma,27.0,Male,Delhi,2024-02-19 00:03:47.581311,-0.22243250446568272,1.3809839546849962,4.05,11070.0,0.64,45.2,Industrial,Low,0,Saturday,June,1,False,True,False,False,False,False,False,False,False,True,False,False,0.0,Low,5.109333666880532,2.4714836294558595,9.635870484808313,-1.0869703555990426,-0.7481013307079293,0,1.0608207086111994,0.9448813669637038,0
T00197,R0187,Zone_5,0.576157312963616,0.5772682065058168,0.49147751620350116,2023-05-24,0.0,Saanvi Reddy,27.0,Male,Surat,2025-01-17 00:03:47.581311,-0.22243250446568272,0.6774638268266019,4.71,2590.0,1.31,43.9,Business,Low,0,Wednesday,May,1,False,False,False,False,False,False,False,True,False,False,False,False,0.0,Low,5.126282717622217,2.4475508632442313,8.9509776002401,1.594322393554259,2.141326304672151,0,-0.12754088550111742,0.43386942640511234,0
T00198,R0247,Zone_4,-0.05174198401813214,0.006972666205362292,-0.22852267513446534,2023-05-13,1.0,Aadhya Das,37.0,Male,Bengaluru,2025-02-07 00:03:47.581311,1.7312861510684545,1.3809839546849962,4.92,4038.0,2.46,48.2,Business,Low,0,Saturday,May,1,False,True,False,False,False,False,True,False,False,False,False,False,0.0,Low,4.73259547424333,2.1826747963214883,7.789736837660179,0.873628505222185,0.835705268246608,0,-0.2024826076523446,0.09319479936605132,0
T00199,R0051,Zone_6,0.34273749995924874,-0.23769116126921525,1.2995069280152705,2024-02-02,1.0,Aarav Nair,21.0,Female,Kolkata,2024-02-11 00:03:47.581311,0.9497986888547996,1.3809839546849962,4.02,14627.0,0.54,37.6,Mixed,Low,0,Friday,February,0,False,True,False,False,False,False,False,False,True,False,False,False,0.0,Low,5.4376009336504225,2.3570732782781154,7.234638899074369,-1.280932631707338,-0.588556645330157,0,1.089369936097381,0.3316670382933942,1
T00200,R0223,Zone_1,-0.18712547556066522,0.12813113232886425,0.042265717994649336,2023-05-16,1.0,Meera Ghosh,30.0,Female,Surat,2024-08-16 00:03:47.581311,0.16831122664114473,-1.4330965567485814,4.04,4921.0,2.43,30.9,Residential,Low,0,Tuesday,May,0,True,False,False,False,False,False,False,False,False,False,False,False,0.0,Low,4.8993312245375815,2.1150499691472033,8.050465825031493,-0.6138505675223849,-0.2175666130338627,0,0.4220317436078819,-1.0991663952706623,0
T00201,R0100,Zone_10,0.8562610885688567,0.5370776257336138,0.7689666410403234,2023-12-12,0.0,Ishaan Gupta,28.0,Female,Delhi,2024-05-01 00:03:47.581311,1.7312861510684545,-0.7295764288901869,3.79,2440.0,1.54,35.4,Industrial,Low,0,Tuesday,December,0,False,True,False,True,False,False,False,False,False,False,False,False,0.0,Low,5.244441793578718,2.546315277916644,8.874119674649425,0.21361798235368046,0.23335159497734753,0,0.8038776612355633,-0.8010760966114839,0
T00202,R0295,Zone_2,0.060299526223964076,-0.45067190317154554,-0.43322345946011354,2024-08-08,0.0,Kavya Gupta,18.0,Male,Delhi,2024-10-28 00:03:47.581311,0.5590549577479722,1.3809839546849962,3.59,6371.0,0.91,58.4,Residential,Low,0,Thursday,August,1,False,False,False,False,True,False,False,False,False,False,False,False,0.0,Low,4.585069514281089,2.2353763433005955,6.714164132637808,-1.836965306330289,-2.371944424784545,0,0.16152004279647314,0.4906485309116225,0
T00203,R0098,Zone_1,-0.331845759623373,-0.1511493997524283,-0.5726249563596724,2023-03-21,0.0,Diya Singh,21.0,Male,Bengaluru,2023-12-14 00:03:47.581311,0.16831122664114473,1.3809839546849962,3.5,4921.0,2.43,30.9,Residential,Low,0,Tuesday,March,1,False,False,False,False,False,False,False,False,False,False,False,False,0.0,Low,4.470495282661489,2.0373166153791646,7.4357245780085215,0.452036962154766,0.06650400733423714,0,1.2999204888079718,0.6893753966844082,0
T00204,R0124,Zone_6,1.0640047221427438,0.33583135996915314,1.428660247008924,2024-02-11,0.0,Aadhya Das,37.0,Male,Hyderabad,2024-04-21 00:03:47.581311,-1.0039199666793377,-0.026056301031792503,3.59,14627.0,0.54,37.6,Mixed,Low,0,Sunday,February,1,True,False,False,False,False,False,False,False,True,False,False,False,0.0,Low,5.479471575589985,2.613739521630969,8.478797084492587,0.25005606330371205,-0.04340549814636548,0,0.8395641955932904,0.3316670382933942,0
T00205,R0024,Zone_2,1.44914741359995,0.325857055251964,1.2190981475227824,2024-08-06,0.0,Meera Kumar,41.0,Female,Chennai,2024-07-01 00:03:47.581311,-1.394663697786165,-0.7295764288901869,3.49,6371.0,0.91,58.4,Residential,Low,0,Tuesday,August,0,False,True,False,False,True,False,False,False,False,False,False,False,0.0,Low,5.410618738635182,2.72785282839839,8.45872330792301,-0.20576370405234942,-0.3474333708254176,0,0.5861898016534272,-0.204895499293127,0
T00206,R0167,Zone_5,1.540181140671653,1.9422811432434781,0.9242659523836589,2023-06-23,1.0,Kavya Nair,44.0,Male,Hyderabad,2025-06-25 00:03:47.581311,-0.22243250446568272,-0.026056301031792503,4.75,2590.0,1.31,43.9,Business,Low,0,Friday,June,1,False,False,True,False,False,False,False,True,False,False,False,False,0.0,Low,5.304945352838257,2.753023566744941,11.253888216967503,0.6455572669307834,0.7823206512988862,0,-0.6949567817889803,-0.07714251415347918,0
T00207,R0246,Zone_2,-1.1768254826991829,-0.9590680818447386,-0.8819097100840473,2024-07-06,1.0,Vivaan Das,29.0,Male,Mumbai,2024-01-25 00:03:47.581311,1.7312861510684545,-0.7295764288901869,4.79,6371.0,0.91,58.4,Residential,Low,0,Saturday,July,1,False,False,False,False,True,False,False,False,False,False,False,False,0.0,Low,4.156693187286636,1.3987168811184478,5.267826876426369,-0.6560833837178401,-0.025472894620583223,0,1.1500370445055175,-0.8010760966114839,0
T00208,R0287,Zone_5,-0.6446283090492252,-0.24355839933815004,-1.0824061137303498,2023-09-15,0.0,Saanvi Singh,18.0,Female,Delhi,2023-10-14 00:03:47.581311,-0.6131762355725101,-0.026056301031792503,3.33,2590.0,1.31,43.9,Business,Low,0,Friday,September,0,False,False,False,False,False,False,False,True,False,False,False,False,0.0,Low,3.883623530906448,1.8453002361560848,7.2208032794142785,-0.8122465877894053,-0.3043785946183545,0,1.517608348390108,0.09319479936605132,0
T00209,R0284,Zone_7,-1.7697118077302758,-1.6895392214271105,-1.486158045843775,2023-08-11,0.0,Vivaan Das,28.0,Male,Surat,2026-01-03 00:03:47.581311,-0.22243250446568272,1.3809839546849962,4.95,11070.0,0.64,45.2,Industrial,Low,0,Friday,August,1,False,False,True,False,False,False,False,False,False,True,False,False,0.0,Low,2.8831233291713367,0.412109650826833,1.6881943016134133,0.35932821364597145,0.3313020962633371,0,-1.380138241457343,0.9448813669637038,0
T00210,R0065,Zone_10,-0.2991669858027614,0.16978852261830077,0.5201198595815445,2024-04-24,0.0,Meera Nair,43.0,Female,Mumbai,2024-11-28 00:03:47.581311,-1.7854074288929924,1.3809839546849962,4.52,2440.0,1.54,35.4,Industrial,Low,0,Wednesday,April,0,False,True,False,True,False,False,False,False,False,False,False,False,0.0,Low,5.139145769652782,2.0554049638515948,8.138181615078395,0.048124272378467295,0.40504732120807374,0,0.05089178628751872,3.670278383276192,1
T00211,R0092,Zone_10,0.46411580272151964,0.6066043968504904,-0.5728877301521317,2024-07-11,1.0,Aarav Nair,21.0,Female,Surat,2025-06-14 00:03:47.581311,-1.394663697786165,-1.4330965567485814,4.51,2440.0,1.54,35.4,Industrial,Low,0,Thursday,July,0,False,False,True,True,False,False,False,False,False,False,False,False,0.0,Low,4.47026642352329,2.405141681319138,9.006664199358163,0.8476013045435914,-0.2801654479222516,0,-0.6557015939954804,-1.0991663952706623,0
T00212,R0193,Zone_5,-0.17545448491044688,-0.0698881524976824,0.03241170077743264,2023-01-16,1.0,Kavya Singh,33.0,Female,Chennai,2023-11-25 00:03:47.581311,-0.22243250446568272,-0.026056301031792503,4.41,2590.0,1.31,43.9,Business,Low,0,Monday,January,0,False,False,True,False,False,False,False,True,False,False,False,False,0.0,Low,4.8937268758505335,2.1210632163706555,7.619711280619496,-0.046443561893082935,0.49832676689057426,0,1.3677249040876536,-0.07714251415347918,0
T00213,R0070,Zone_1,2.2311037871645802,2.665124873336235,2.026996172438322,2023-08-14,1.0,Meera Reddy,33.0,Male,Bengaluru,2024-10-21 00:03:47.581311,-0.6131762355725101,0.6774638268266019,3.54,4921.0,2.43,30.9,Residential,Low,0,Monday,August,1,False,False,False,False,False,False,False,False,False,False,False,False,0.0,Low,5.6534010450952765,2.9258461460898246,12.299999999999999,2.1509256555056537,2.2025497950504977,0,0.18650061684688218,0.6893753966844082,0
T00214,R0127,Zone_5,-0.4952396287264302,-0.5181451409642948,-0.7718074910436794,2023-09-04,1.0,Vivaan Kumar,38.0,Male,Chennai,2024-10-08 00:03:47.581311,0.5590549577479722,-1.4330965567485814,4.83,2590.0,1.31,43.9,Business,Low,0,Monday,September,1,True,False,False,False,False,False,False,True,False,False,False,False,0.0,Low,4.27999390910873,1.9416152247724325,6.540642170307133,-0.1319381222533172,0.8470359557790273,0,0.2328931115119276,-1.0991663952706623,0
T00215,R0132,Zone_7,-1.2912011910713226,-1.2222137092364607,-0.9875447746526104,2023-02-12,0.0,Aadhya Iyer,23.0,Male,Surat,2025-04-24 00:03:47.581311,1.3405424199616272,-0.026056301031792503,3.32,11070.0,0.64,45.2,Industrial,Low,0,Sunday,February,1,False,False,True,False,False,False,False,False,False,True,False,False,0.0,Low,4.022132228108176,1.269760544863939,4.3335897360040905,-1.0504646715303652,-0.9341307618375628,0,-0.4737002687710716,-0.4487875618324548,0
T00216,R0266,Zone_6,0.6415148606048388,1.1648720991096286,1.4155215573859685,2023-07-01,0.0,Diya Reddy,29.0,Male,Chennai,2025-06-15 00:03:47.581311,0.5590549577479722,-0.026056301031792503,3.9,14627.0,0.54,37.6,Mixed,Low,0,Saturday,July,1,False,False,True,False,False,False,False,False,True,False,False,False,0.0,Low,5.475291317015396,2.4714836294558595,10.007497189607399,0.009492704075647248,0.28501916284195544,0,-0.6592702474312532,-0.3042589321795199,1
T00217,R0149,Zone_4,0.1536674514257111,-0.4008003795856004,0.37835339854985367,2023-12-03,0.0,Diya Reddy,30.0,Male,Jaipur,2024-12-04 00:03:47.581311,-0.22243250446568272,-1.4330965567485814,4.57,4038.0,2.46,48.2,Business,Low,0,Sunday,December,1,False,False,True,False,False,False,True,False,False,False,False,False,0.0,Low,5.073797869053896,2.277267285009756,6.839590631024637,-1.1972527261293666,-1.1747060449986992,0,0.02947986567288238,-1.0991663952706623,0
T00218,R0091,Zone_10,0.6205070774344458,1.132015565923594,1.0400178079618974,2023-05-09,0.0,Meera Das,41.0,Male,Surat,2024-06-25 00:03:47.581311,-0.22243250446568272,1.3809839546849962,3.4,2440.0,1.54,35.4,Industrial,Low,0,Tuesday,May,1,False,False,False,True,False,False,False,False,False,False,False,False,0.0,Low,5.347773975260629,2.463853240590168,9.951381813597546,-0.5692325092162233,-0.029616636449121925,0,0.6076017222680635,0.9448813669637038,0
T00219,R0273,Zone_8,0.33340070743907385,0.07239237067398428,1.337214967233153,2024-02-09,0.0,Aadhya Nair,43.0,Male,Delhi,2024-03-07 00:03:47.581311,-1.0039199666793377,-0.026056301031792503,3.76,4516.0,1.93,31.0,Business,Low,0,Friday,February,1,False,True,False,False,False,False,False,False,False,False,True,False,0.0,Low,5.450007879788469,2.3532782073095637,7.931582439841371,1.7362583299772565,0.6311909493267607,0,1.000153600203063,0.3316670382933942,1
T00220,R0166,Zone_1,0.2633747635377639,0.7873153293736795,1.032265981084354,2024-04-06,0.0,Reyansh Sharma,24.0,Female,Chennai,2025-08-30 00:03:47.581311,-1.394663697786165,1.3809839546849962,4.29,4921.0,2.43,30.9,Residential,Low,0,Saturday,April,0,True,False,False,False,False,False,False,False,False,False,False,False,0.0,Low,5.344962374371081,2.3243465847755584,9.34237657130133,1.5901131427706583,0.8931391827646669,0,-0.9304879085499801,2.4779171886394784,1
T00221,R0270,Zone_1,-1.2795302004211044,-1.2277875854019487,-1.1955302313839973,2023-10-26,0.0,Aadhya Reddy,35.0,Male,Hyderabad,2025-08-21 00:03:47.581311,0.16831122664114473,-1.4330965567485814,3.08,4921.0,2.43,30.9,Residential,Low,0,Thursday,October,1,False,True,False,False,False,False,False,False,False,False,False,False,0.0,Low,3.688629422858727,1.2837077723447896,4.31161222746202,-0.4193831813200574,0.17513261256299836,0,-0.8983700276280255,-1.0991663952706623,0
T00222,R0283,Zone_1,-0.8687113295334178,-1.1256976430024845,-0.8871651859332293,2024-03-04,0.0,Diya Nair,19.0,Female,Surat,2023-11-23 00:03:47.581311,-0.22243250446568272,1.3809839546849962,3.55,4921.0,2.43,30.9,Residential,Low,0,Monday,March,0,False,True,False,False,False,False,False,False,False,False,False,False,0.0,Low,4.150409786155049,1.6808279085207734,4.697871858618538,-0.0565457637737237,0.5216544986660485,0,1.3748622109591988,0.9448813669637038,0
T00223,R0260,Zone_8,-0.7099858566904481,-0.9746162627274156,-0.8256761184977973,2023-06-16,1.0,Reyansh Das,55.0,Male,Mumbai,2023-11-04 00:03:47.581311,-0.6131762355725101,-0.7295764288901869,4.24,4516.0,1.93,31.0,Business,Low,0,Friday,June,1,False,False,True,False,False,False,False,False,False,False,True,False,0.0,Low,4.22156441223282,1.80005827204275,5.217278984298233,-1.0568040583165752,-0.4993508953180304,0,1.4426666262388808,-0.5029857979523055,0
T00224,R0084,Zone_1,-0.4275478829551636,-0.503477045791958,-0.0912233685745793,2023-03-13,0.0,Kavya Sharma,38.0,Male,Jaipur,2025-01-14 00:03:47.581311,0.16831122664114473,0.6774638268266019,4.67,4921.0,2.43,30.9,Residential,Low,0,Monday,March,1,False,False,False,False,False,False,False,False,False,False,False,False,0.0,Low,4.820604094232248,1.9823798288367047,6.5787536813594105,0.7488943736681674,1.403309357264293,0,-0.11683492519379926,0.2422399486956406,0
T00225,R0230,Zone_8,-0.5442577894573473,-0.9279717200793847,-0.18700441592592568,2024-01-07,1.0,Kavya Gupta,32.0,Male,Chennai,2026-04-01 00:03:47.581311,0.16831122664114473,-0.026056301031792503,3.65,4516.0,1.93,31.0,Business,Low,0,Sunday,January,1,False,True,False,False,False,False,False,False,False,False,True,False,0.0,Low,4.760034896549007,1.9110228900548727,5.367494760127856,-0.4473746990309987,-0.4927535703649966,0,-1.6941797438053428,-0.204895499293127,0
T00226,R0282,Zone_8,0.4594474064614324,0.9559984238555526,-0.2199825268795443,2023-08-30,1.0,Reyansh Kumar,22.0,Female,Bengaluru,2025-09-16 00:03:47.581311,0.5590549577479722,0.6774638268266019,4.47,4516.0,1.93,31.0,Business,Low,0,Wednesday,August,0,False,True,False,False,False,False,False,False,False,False,True,False,0.0,Low,4.738301498591274,2.403334996094189,9.645206063117573,1.3124896688656529,0.8859312494478517,0,-0.9911550169581164,0.09319479936605132,0
T00227,R0067,Zone_6,0.6788620306855376,-0.11037209517333202,1.9029669423976212,2023-07-18,0.0,Saanvi Iyer,32.0,Female,Pune,2024-04-03 00:03:47.581311,2.122029882175282,1.3809839546849962,3.38,14627.0,0.54,37.6,Mixed,Low,0,Tuesday,July,0,False,True,False,False,False,False,False,False,True,False,False,False,0.0,Low,5.619748479046192,2.4849066497880004,7.528612089887485,0.35712645169762713,0.4338649281973977,0,0.9037999574371995,0.0014747074709196375,1
T00228,R0139,Zone_9,-1.3425535499322836,-1.1438860810161822,-1.048508294503124,2023-12-16,0.0,Diya Gupta,44.0,Female,Kolkata,2025-03-13 00:03:47.581311,0.16831122664114473,-0.026056301031792503,4.39,11037.0,1.83,56.1,Mixed,Low,0,Saturday,December,0,False,True,False,False,False,False,False,False,False,False,False,True,0.0,Low,3.935348830731643,1.205970806988609,4.631414470763764,-0.42822260796561756,-0.2510766163965579,0,-0.3238168244686172,-0.204895499293127,0
T00229,R0202,Zone_2,0.7792325502774154,1.1989020799094499,0.09324383373171737,2024-05-27,1.0,Aadhya Reddy,27.0,Female,Ahmedabad,2026-01-04 00:03:47.581311,0.16831122664114473,1.3809839546849962,4.72,6371.0,0.91,58.4,Residential,Low,0,Monday,May,0,False,False,False,False,True,False,False,False,False,False,False,False,0.0,Low,4.9278332273351175,2.5201129055226197,10.065286881157437,0.6605001072125638,-0.5075459023056194,0,-1.383706894893116,0.6893753966844082,0
T00230,R0040,Zone_5,0.6625226437752318,0.008439475722595888,-0.32535481765564817,2023-08-23,0.0,Aarav Gupta,34.0,Male,Surat,2026-03-14 00:03:47.581311,0.9497986888547996,-0.7295764288901869,4.41,2590.0,1.31,43.9,Business,Low,0,Wednesday,August,1,False,True,False,False,False,False,False,True,False,False,False,False,0.0,Low,4.665512414994253,2.4790562361098245,7.792945527847606,-0.027501933366882544,-0.5258503800980654,0,-1.6299439819614339,-0.7414580368796482,0
T00231,R0026,Zone_5,0.5224707559726115,0.9777072047106109,-0.3482161375995908,2023-08-22,1.0,Aarav Kumar,26.0,Female,Surat,2023-10-29 00:03:47.581311,0.5590549577479722,-1.4330965567485814,3.17,2590.0,1.31,43.9,Business,Low,0,Tuesday,August,0,False,False,False,False,False,False,False,True,False,False,False,False,0.0,Low,4.648995665528121,2.427454075039915,9.683491106000975,0.42330882555669486,-0.7222918137030796,0,1.464078546853517,-1.0991663952706623,0
T00232,R0263,Zone_8,-1.6763438825285288,-1.6123850408206193,-1.486158045843775,2023-09-17,0.0,Ishaan Das,31.0,Male,Chennai,2024-11-02 00:03:47.581311,1.7312861510684545,-0.026056301031792503,3.84,4516.0,1.93,31.0,Business,Low,0,Sunday,September,1,False,False,True,False,False,False,False,False,False,False,True,False,0.0,Low,2.8831233291713367,0.6471032420585384,2.340939982143925,0.3692901071671584,-0.09128086669907033,0,0.14367677561760953,-0.5029857979523055,0
T00233,R0089,Zone_2,0.4921261802820436,0.7764609389461501,-0.24494603716315982,2023-12-14,1.0,Saanvi Reddy,48.0,Male,Surat,2024-07-04 00:03:47.581311,0.5590549577479722,-0.7295764288901869,3.91,6371.0,0.91,58.4,Residential,Low,0,Thursday,December,1,False,False,False,False,True,False,False,False,False,False,False,False,0.0,Low,4.721529987104287,2.4159137783010487,9.322553298319082,1.1134388762545167,0.9096210175464279,0,0.575483841346109,-0.701712663725091,0
T00234,R0169,Zone_6,0.07430471500422622,0.12343734187371656,0.6465140537543774,2024-03-02,0.0,Reyansh Kumar,32.0,Female,Delhi,2025-05-20 00:03:47.581311,-0.6131762355725101,-0.7295764288901869,4.19,14627.0,0.54,37.6,Mixed,Low,0,Saturday,March,0,False,False,False,False,False,False,False,False,True,False,False,False,0.0,Low,5.194011849738723,2.2417729535972883,8.040522371090077,0.10410730780034874,1.396050922503857,0,-0.5664852581011623,-0.5029857979523055,0
T00235,R0133,Zone_7,1.099017694093399,1.7542361631341203,-0.29855189082481864,2023-09-22,0.0,Diya Kumar,25.0,Female,Delhi,2025-10-30 00:03:47.581311,0.5590549577479722,-0.026056301031792503,4.4,11070.0,0.64,45.2,Industrial,Low,0,Friday,September,0,False,False,False,False,False,False,False,False,False,True,False,False,0.0,Low,4.6845357413688316,2.624668592163159,10.965400129498239,-0.5195633499697412,-1.2949598202038526,0,-1.148175768132116,-0.3042589321795199,0
T00236,R0067,Zone_2,2.0607073236713926,1.1138271279098964,1.540601882596506,2023-08-31,0.0,Saanvi Iyer,32.0,Female,Pune,2025-01-10 00:03:47.581311,2.122029882175282,1.3809839546849962,3.38,6371.0,0.91,58.4,Residential,Low,0,Thursday,August,0,False,True,False,False,True,False,False,False,False,False,False,False,0.0,Low,5.514396020140125,2.8859174075467844,9.920181449953423,0.35712645169762713,0.4338649281973977,0,-0.10256031145070837,0.0014747074709196375,0
T00237,R0176,Zone_8,1.831955906927112,1.8589663626646054,-0.02434743839373545,2023-12-22,1.0,Kavya Gupta,43.0,Female,Mumbai,2024-01-13 00:03:47.581311,-0.6131762355725101,-0.7295764288901869,3.95,4516.0,1.93,31.0,Business,Low,0,Friday,December,0,False,False,False,False,False,False,False,False,False,False,True,False,0.0,Low,4.86081964885856,2.8296776892239084,11.126994203287786,4.175154357338968,3.600907222673888,0,1.19286088573479,-0.5029857979523055,0
T00238,R0073,Zone_4,0.10931768695488141,0.6215658539262736,0.5361490609215502,2023-12-27,0.0,Meera Das,41.0,Female,Ahmedabad,2023-09-05 00:03:47.581311,0.5590549577479722,0.6774638268266019,3.01,4038.0,2.46,48.2,Business,Low,0,Wednesday,December,0,True,False,False,False,False,False,True,False,False,False,False,False,0.0,Low,5.1462728006383545,2.25758772706331,9.034932207825358,0.3787843061568347,0.38877667428145524,0,1.656785832385244,0.09319479936605132,0
T00239,R0121,Zone_1,-0.023731606457608034,-0.13941492361455893,0.8501637429101891,2024-07-22,1.0,Diya Iyer,29.0,Female,Pune,2026-01-04 00:03:47.581311,0.9497986888547996,-0.7295764288901869,4.17,4921.0,2.43,30.9,Residential,Low,0,Monday,July,0,False,True,False,False,False,False,False,False,False,False,False,False,0.0,Low,5.276531774476115,2.196112848483529,7.462573282722254,-0.8713725304630427,-0.5874988696383137,0,-1.383706894893116,-0.7414580368796482,1
T00240,R0062,Zone_8,0.7162092007662364,0.503341006837239,0.02163797528660914,2023-03-19,1.0,Kavya Sharma,38.0,Female,Jaipur,2024-08-01 00:03:47.581311,-0.22243250446568272,1.3809839546849962,3.58,4516.0,1.93,31.0,Business,Low,0,Sunday,March,0,True,False,False,False,False,False,False,False,False,False,True,False,0.0,Low,4.887563296506261,2.498151876538021,8.809086218218097,0.7920391942000682,-0.09619983848033548,0,0.47556154514447274,0.9448813669637038,0
T00241,R0057,Zone_2,-1.3238799648919342,-1.066438538506244,-1.3078660276602678,2023-09-24,0.0,Aadhya Reddy,39.0,Female,Bengaluru,2023-12-11 00:03:47.581311,1.7312861510684545,1.3809839546849962,3.66,6371.0,0.91,58.4,Residential,Low,0,Sunday,September,0,False,True,False,False,True,False,False,False,False,False,False,False,0.0,Low,3.448080967561006,1.2296405510745139,4.90815647672321,-0.7498795220123965,-0.9787656906524701,0,1.31062644911529,0.09319479936605132,0
T00242,R0252,Zone_2,-1.7136910526092277,-1.6458282978135472,-1.486158045843775,2024-02-08,1.0,Reyansh Gupta,38.0,Male,Ahmedabad,2025-10-23 00:03:47.581311,3.294261075495764,0.6774638268266019,4.83,6371.0,0.91,58.4,Residential,Low,0,Thursday,February,1,False,True,False,False,True,False,False,False,False,False,False,False,0.0,Low,2.8831233291713367,0.5596157879354227,2.083266665599966,-1.0701859680994372,-0.8012439342440127,0,-1.123195194081707,-0.4284632232875108,0
T00243,R0162,Zone_2,-0.5722681670178714,-0.4010937414890471,-0.590230800454433,2023-12-22,1.0,Meera Patel,30.0,Female,Hyderabad,2024-03-26 00:03:47.581311,-0.6131762355725101,-0.7295764288901869,4.28,6371.0,0.91,58.4,Residential,Low,0,Friday,December,0,False,True,False,False,True,False,False,False,False,False,False,False,0.0,Low,4.455044727410454,1.8931119634883424,6.838859554048468,0.44982710549337585,0.5025610177998875,0,0.9323491849233813,-0.5029857979523055,0
T00244,R0076,Zone_1,1.4024634509990763,1.6847093920172442,2.026996172438322,2023-09-25,1.0,Reyansh Reddy,40.0,Female,Bengaluru,2025-11-03 00:03:47.581311,-1.0039199666793377,1.3809839546849962,3.34,4921.0,2.43,30.9,Residential,Low,0,Monday,September,0,False,True,False,False,False,False,False,False,False,False,False,False,0.0,Low,5.6534010450952765,2.714694743820879,10.85679510721281,1.922475584643727,1.3221829200234607,0,-1.162450381875207,1.7625004718574506,0
T00245,R0202,Zone_4,-0.4088742979148142,-0.06519436204253473,-0.9340703078871809,2023-01-25,0.0,Aadhya Reddy,27.0,Male,Ahmedabad,2023-10-22 00:03:47.581311,0.16831122664114473,-0.026056301031792503,4.72,4038.0,2.46,48.2,Business,Low,0,Wednesday,January,1,False,True,False,False,False,False,True,False,False,False,False,False,0.0,Low,4.092509546276371,1.9933388426264242,7.630203142774116,0.6605001072125638,-0.5075459023056194,0,1.4890591209039261,-0.204895499293127,0
T00246,R0157,Zone_8,1.7315853873352343,2.4855873884268322,2.026996172438322,2023-12-16,0.0,Kavya Nair,36.0,Female,Hyderabad,2024-04-16 00:03:47.581311,0.9497986888547996,-1.4330965567485814,4.65,4516.0,1.93,31.0,Business,Low,0,Saturday,December,0,True,False,False,False,False,False,False,False,False,False,True,False,0.0,Low,5.6534010450952765,2.8039662579320366,12.04865137681392,1.9436902085930725,1.7634406609740068,0,0.8574074627721541,-1.0991663952706623,0
T00247,R0056,Zone_1,-0.5022422231165611,-0.12592027605600906,-0.8815155493953586,2023-03-13,1.0,Meera Patel,40.0,Male,Hyderabad,2024-02-28 00:03:47.581311,0.5590549577479722,-1.4330965567485814,3.25,4921.0,2.43,30.9,Residential,Low,0,Monday,March,1,False,False,False,False,False,False,False,False,False,False,False,False,0.0,Low,4.157162854614252,1.937301774518713,7.493330367733695,-0.432478628202369,-0.8547708734419384,0,1.0287028276892447,-1.0991663952706623,0
T00248,R0011,Zone_7,-1.874750723582241,-1.762586335385348,-1.486158045843775,2023-10-12,0.0,Vivaan Nair,26.0,Male,Chennai,2025-07-25 00:03:47.581311,0.5590549577479722,-1.4330965567485814,4.0,11070.0,0.64,45.2,Industrial,Low,0,Thursday,October,1,False,False,False,False,False,False,False,False,False,True,False,False,0.0,Low,2.8831233291713367,0.05826890812397577,0.6,-0.009495693903703363,0.4865107408090695,0,-0.8020163848621621,-1.0991663952706623,0
T00249,R0082,Zone_5,-0.1661176923902722,-0.5642029598054322,-0.10922337335802852,2023-09-12,0.0,Kavya Singh,26.0,Female,Pune,2024-01-31 00:03:47.581311,-1.7854074288929924,-0.7295764288901869,3.15,2590.0,1.31,43.9,Business,Low,0,Tuesday,September,0,False,False,False,False,False,False,False,True,False,False,False,False,0.0,Low,4.80949782304466,2.1258479144939915,6.419501538281613,0.06776744270193463,-1.0168896895459931,0,1.128625123890881,0.09319479936605132,0
T00250,R0019,Zone_2,1.0149865614118265,1.1760198514406044,1.9409377554079625,2023-10-23,1.0,Kavya Patel,40.0,Male,Mumbai,2025-07-14 00:03:47.581311,-1.0039199666793377,0.6774638268266019,4.08,6371.0,0.91,58.4,Residential,Low,0,Monday,October,1,False,False,True,False,True,False,False,False,False,False,False,False,0.0,Low,5.630171814719692,2.5982353350950036,10.026464980241043,-0.2013439907295691,-0.11189647419322601,0,-0.7627611970686621,1.0470837550754222,1
T00251,R0098,Zone_8,-0.1030943428790929,-0.0018281908980396974,-0.31878547284417036,2024-01-16,1.0,Diya Singh,21.0,Male,Bengaluru,2026-04-11 00:03:47.581311,0.16831122664114473,1.3809839546849962,3.5,4516.0,1.93,31.0,Business,Low,0,Tuesday,January,1,True,False,False,False,False,False,False,False,False,False,True,False,0.0,Low,4.670208582167313,2.157559320943788,7.770456872024965,0.452036962154766,0.06650400733423714,0,-1.72986627816307,0.6893753966844082,0
T00252,R0095,Zone_9,-0.13343891856966084,-0.40402736052351446,0.3642950006532913,2024-04-18,0.0,Kavya Iyer,29.0,Male,Chennai,2026-03-17 00:03:47.581311,1.7312861510684545,-0.026056301031792503,4.26,11037.0,1.83,56.1,Mixed,Low,0,Thursday,April,1,True,False,False,False,False,False,False,False,False,False,False,True,0.0,Low,5.067078637519467,2.1424163408412245,6.831544481301428,-0.125226705726133,-0.16477424028860577,0,-1.640649942268752,-0.5029857979523055,0
T00253,R0183,Zone_2,-0.16378349426022856,-0.32804662753081,0.2799446132739161,2024-05-18,0.0,Arjun Patel,43.0,Male,Jaipur,2025-05-23 00:03:47.581311,0.16831122664114473,-0.026056301031792503,3.79,6371.0,0.91,58.4,Residential,Low,0,Saturday,May,1,False,True,False,False,True,False,False,False,False,False,False,False,0.0,Low,5.0257865978636,2.127040520479115,7.018546858146634,-0.5121971610984408,-0.7742623902294132,0,-0.5771912184084805,-0.204895499293127,0
T00254,R0199,Zone_5,-1.6996858638289654,-1.552832574420932,-1.486158045843775,2023-12-30,0.0,Aarav Das,29.0,Female,Ahmedabad,2023-09-17 00:03:47.581311,0.9497986888547996,-0.7295764288901869,3.91,2590.0,1.31,43.9,Business,Low,0,Saturday,December,0,False,False,True,False,False,False,False,True,False,False,False,False,0.0,Low,2.8831233291713367,0.5933268452777344,2.7404379212089442,0.24946676819400834,0.9689188944381358,0,1.6139619911559713,-0.7414580368796482,0
T00255,R0189,Zone_3,1.3301033089677223,1.3957479171222094,2.026996172438322,2023-11-18,1.0,Reyansh Gupta,29.0,Male,Delhi,2025-11-16 00:03:47.581311,0.16831122664114473,-1.4330965567485814,3.28,12971.0,2.11,38.0,Business,Low,0,Saturday,November,1,True,False,False,False,False,True,False,False,False,False,False,False,0.0,Low,5.6534010450952765,2.6939512767227085,10.393267051317405,0.537484753061849,1.283400565946733,0,-1.2088428765402526,-1.0991663952706623,0
T00256,R0089,Zone_9,-0.8173589706724571,-0.680080911666893,-0.9758513408881796,2024-02-14,1.0,Saanvi Reddy,48.0,Female,Surat,2024-10-21 00:03:47.581311,0.5590549577479722,-0.7295764288901869,3.91,11037.0,1.83,56.1,Mixed,Low,0,Wednesday,February,0,False,True,False,False,False,False,False,False,False,False,False,True,0.0,Low,4.037950562025936,1.7209792871670078,6.104096984812741,1.1134388762545167,0.9096210175464279,0,0.18650061684688218,-0.701712663725091,0
T00257,R0248,Zone_5,1.2507405725462375,0.48368575930630814,1.0312148859145174,2023-06-24,0.0,Vivaan Ghosh,18.0,Male,Chennai,2024-12-12 00:03:47.581311,-0.22243250446568272,0.6774638268266019,3.65,2590.0,1.31,43.9,Business,Low,0,Saturday,June,1,False,False,True,False,False,False,False,True,False,False,False,False,0.0,Low,5.344580531017675,2.670694414558441,8.770974860299168,0.09077801365228189,0.1379746997273161,0,0.0009306381867005965,0.43386942640511234,0
T00258,R0036,Zone_5,-0.1030943428790929,0.3548998836931911,-0.43401178083749087,2024-07-05,1.0,Aadhya Das,30.0,Male,Surat,2024-01-13 00:03:47.581311,-0.6131762355725101,0.6774638268266019,4.9,2590.0,1.31,43.9,Business,Low,0,Friday,July,1,True,False,False,False,False,False,False,True,False,False,False,False,0.0,Low,4.58445714439055,2.157559320943788,8.517041739947034,-0.03928783556096274,0.4808545791235178,0,1.19286088573479,0.6893753966844082,0
T00259,R0277,Zone_8,1.2250643931157572,1.7612768488168424,1.775521653054952,2024-04-28,0.0,Kavya Gupta,42.0,Male,Jaipur,2025-01-31 00:03:47.581311,0.5590549577479722,1.3809839546849962,3.06,4516.0,1.93,31.0,Business,Low,0,Sunday,April,1,True,False,False,False,False,False,False,False,False,False,True,False,0.0,Low,5.583947334873687,2.663052835171474,10.976338187209794,0.923554896460998,0.8555936549526215,0,-0.17750203360193556,0.4906485309116225,0
T00260,R0030,Zone_8,0.38008467003994756,0.8518549481319615,0.7613462010590094,2024-01-22,0.0,Saanvi Patel,25.0,Male,Mumbai,2026-02-08 00:03:47.581311,1.3405424199616272,1.3809839546849962,3.72,4516.0,1.93,31.0,Business,Low,0,Monday,January,1,False,True,False,False,False,False,False,False,False,False,True,False,0.0,Low,5.2413765760852264,2.372111155642656,9.459386872308373,-0.4263475780711049,0.3973443902703131,0,-1.508609765145161,0.20159127160575266,0
T00261,R0297,Zone_7,-0.14510990921987915,0.11375639905997392,-0.22944238340807233,2023-03-15,0.0,Saanvi Gupta,47.0,Female,Pune,2025-04-23 00:03:47.581311,-1.394663697786165,0.6774638268266019,3.87,11070.0,0.64,45.2,Industrial,Low,0,Wednesday,March,0,False,True,False,False,False,False,False,False,False,True,False,False,0.0,Low,4.731979032851787,2.136530508663963,8.019975062305368,-1.27386109039089,-0.9697856157685915,0,-0.47013161533529885,1.5836462926619435,0
T00262,R0258,Zone_4,0.24236698036737087,0.40330459776190225,0.30438257597261376,2023-10-21,0.0,Vivaan Nair,32.0,Female,Jaipur,2024-10-28 00:03:47.581311,-1.0039199666793377,0.6774638268266019,3.76,4038.0,2.46,48.2,Business,Low,0,Saturday,October,0,False,False,True,False,False,False,True,False,False,False,False,False,0.0,Low,5.037926154332159,2.315501318260592,8.613361713059541,-1.3233618796060271,-0.9954036208054234,0,0.16152004279647314,1.0470837550754222,0
T00263,R0171,Zone_5,-1.739367232039708,-1.6455349359101004,-1.486158045843775,2024-04-14,0.0,Kavya Singh,23.0,Male,Jaipur,2025-08-05 00:03:47.581311,-1.394663697786165,0.6774638268266019,4.3,2590.0,1.31,43.9,Business,Low,0,Sunday,April,1,False,True,False,False,False,False,False,True,False,False,False,False,0.0,Low,2.8831233291713367,0.49469624183610705,2.085665361461421,-2.982816908532554,-3.0474058242556894,0,-0.841271572655662,1.5836462926619435,0
T00264,R0194,Zone_8,-0.01439481393743354,-0.29695026576545597,0.8681637476936384,2023-08-26,1.0,Arjun Iyer,30.0,Male,Jaipur,2025-08-22 00:03:47.581311,-0.6131762355725101,-0.7295764288901869,4.06,4516.0,1.93,31.0,Business,Low,0,Saturday,August,1,False,False,True,False,False,False,False,False,False,False,True,False,0.0,Low,5.283508250894329,2.200552367428894,7.093659140387279,-0.48518780190367305,-0.5252994552585641,0,-0.9019386810637983,-0.5029857979523055,1
T00265,R0247,Zone_10,1.981344587249907,0.9466108429452568,2.026996172438322,2023-02-15,0.0,Aadhya Das,37.0,Female,Bengaluru,2025-08-30 00:03:47.581311,1.7312861510684545,0.6774638268266019,4.92,2440.0,1.54,35.4,Industrial,Low,0,Wednesday,February,0,False,False,False,True,False,False,False,False,False,False,False,False,0.0,Low,5.6534010450952765,2.866761892257031,9.628603221651622,0.873628505222185,0.835705268246608,0,-0.9304879085499801,-0.204895499293127,0
T00266,R0029,Zone_7,1.5051681687209977,0.999709347469116,1.7664559572151126,2023-08-18,1.0,Kavya Iyer,30.0,Male,Surat,2024-11-05 00:03:47.581311,-1.0039199666793377,-0.026056301031792503,3.69,11070.0,0.64,45.2,Industrial,Low,0,Friday,August,1,False,False,True,False,False,False,False,False,False,True,False,False,0.0,Low,5.581351152435311,2.7434173449395014,9.722139682189306,0.17344769904218865,0.7154824497705309,0,0.13297081531029134,0.3316670382933942,0
T00267,R0276,Zone_3,-1.1721570864390953,-0.9379460247965736,-1.0482455207106651,2023-07-26,0.0,Aadhya Ghosh,26.0,Male,Chennai,2025-06-05 00:03:47.581311,-0.6131762355725101,-1.4330965567485814,3.63,12971.0,2.11,38.0,Business,Low,0,Wednesday,July,1,False,False,False,False,False,True,False,False,False,False,False,False,0.0,Low,3.9357395320454622,1.4036429994545037,5.33572862878164,-1.7727976166069621,-1.438071729345095,0,-0.6235837130735259,-1.0991663952706623,0
T00268,R0181,Zone_9,0.5691547185734848,0.8990862145868859,-0.20185113519986544,2023-09-16,0.0,Arjun Patel,32.0,Male,Hyderabad,2026-02-24 00:03:47.581311,-1.7854074288929924,0.6774638268266019,3.75,11037.0,1.83,56.1,Mixed,Low,0,Saturday,September,1,False,False,True,False,False,False,False,False,False,False,False,True,0.0,Low,4.75030895165433,2.4449523342809676,9.544108130150246,1.059747544037038,0.7222698437931935,0,-1.5657082201175248,2.4779171886394784,0
T00269,R0234,Zone_7,0.26804315979785115,0.6509020442709472,0.1567037046105927,2023-08-09,1.0,Saanvi Nair,32.0,Female,Pune,2025-12-17 00:03:47.581311,0.5590549577479722,-1.4330965567485814,3.98,11070.0,0.64,45.2,Industrial,Low,0,Wednesday,August,0,True,False,False,False,False,False,False,False,False,True,False,False,0.0,Low,4.962215061493703,2.3263016196113617,9.090104509850258,-0.6131957951782692,-0.14727319455376647,0,-1.3194711330492068,-1.0991663952706623,0
T00270,R0129,Zone_4,0.9332896268602979,1.377559479108512,0.5130249671851486,2023-05-25,1.0,Vivaan Singh,35.0,Female,Hyderabad,2026-02-19 00:03:47.581311,1.3405424199616272,-0.7295764288901869,3.9,4038.0,2.46,48.2,Business,Low,0,Thursday,May,0,True,False,False,False,False,False,True,False,False,False,False,False,0.0,Low,5.135974892069394,2.5718485799218085,10.363397126425292,0.046695678173123416,0.12664997458493465,0,-1.5478649529386612,-0.7739769785515586,0
T00271,R0186,Zone_9,0.08830990378448839,0.029854894674207717,0.26365263814145146,2023-11-14,1.0,Ishaan Sharma,18.0,Female,Hyderabad,2024-07-03 00:03:47.581311,-0.22243250446568272,-1.4330965567485814,3.26,11037.0,1.83,56.1,Mixed,Low,0,Tuesday,November,0,False,False,True,False,False,False,False,False,False,False,False,True,0.0,Low,5.017610907832681,2.248128907197987,7.839642849007856,1.0050272838502368,0.13665248011251213,0,0.5790524947818817,-1.0991663952706623,0
T00272,R0268,Zone_5,-0.29449858954267416,-0.13442777125596436,-0.25979275643709976,2024-06-12,0.0,Ishaan Kumar,34.0,Male,Chennai,2024-09-26 00:03:47.581311,-1.0039199666793377,-0.7295764288901869,4.6,2590.0,1.31,43.9,Business,Low,0,Wednesday,June,1,True,False,False,False,False,False,False,True,False,False,False,False,0.0,Low,4.71142030583075,2.057962510002712,7.473954776421918,0.2429845219872635,0.5035306455174099,0,0.2757169527412003,-0.383749678488634,0
T00273,R0157,Zone_9,1.5308443481514784,1.9155852100298254,2.026996172438322,2023-03-18,0.0,Kavya Nair,36.0,Male,Hyderabad,2026-03-01 00:03:47.581311,0.9497986888547996,-0.026056301031792503,4.65,11037.0,1.83,56.1,Mixed,Low,0,Saturday,March,1,False,True,False,False,False,False,False,False,False,False,False,True,0.0,Low,5.6534010450952765,2.750470916986162,11.21338485917611,1.9436902085930725,1.7634406609740068,0,-1.5835514872963883,-0.383749678488634,0
T00274,R0088,Zone_10,0.23069598971715233,-0.3908260748684115,1.013871815612216,2023-11-08,1.0,Diya Iyer,22.0,Female,Jaipur,2024-01-20 00:03:47.581311,0.16831122664114473,-0.7295764288901869,4.78,2440.0,1.54,35.4,Industrial,Low,0,Wednesday,November,0,True,False,False,True,False,False,False,False,False,False,False,False,0.0,Low,5.3382589736409845,2.3105532626432224,6.864400920692205,-0.1829285185513184,-0.6036960599196656,0,1.167880311684381,-0.6520309472818946,1
T00275,R0018,Zone_7,1.4444790173398623,1.508105526142309,1.9524998022761635,2024-07-03,1.0,Aarav Reddy,49.0,Female,Delhi,2026-02-20 00:03:47.581311,-0.6131762355725101,-0.7295764288901869,3.29,11070.0,0.64,45.2,Industrial,Low,0,Wednesday,July,0,False,False,False,False,False,False,False,False,False,True,False,False,0.0,Low,5.633324244340946,2.7265447837383743,10.575916035975323,0.5539359082077526,1.4568179323009016,0,-1.5514336063744338,-0.5029857979523055,0
T00276,R0099,Zone_3,1.1153570810037043,1.8618999816990724,1.8476530590849782,2024-03-13,0.0,Diya Gupta,35.0,Female,Mumbai,2024-09-05 00:03:47.581311,0.5590549577479722,1.3809839546849962,3.7,12971.0,2.11,38.0,Business,Low,0,Wednesday,March,0,False,False,True,False,False,True,False,False,False,False,False,False,0.0,Low,5.604367213857996,2.6297282343267403,11.131486872830601,-0.22622533980596085,0.4143395868343376,0,0.35065867489242747,0.4906485309116225,0
T00277,R0250,Zone_10,-0.3995375053946395,-0.35210230361344236,-0.5092964723770265,2023-09-27,1.0,Aadhya Iyer,34.0,Female,Jaipur,2024-10-03 00:03:47.581311,0.5590549577479722,0.6774638268266019,4.63,2440.0,1.54,35.4,Industrial,Low,0,Wednesday,September,0,False,False,True,True,False,False,False,False,False,False,False,False,0.0,Low,4.52417702677856,1.998773638612381,6.959885056522126,0.16336420494280862,-0.12729298704116868,0,0.2507363786907912,0.09319479936605132,0
T00278,R0045,Zone_6,-0.21747005125123295,-0.05140635258053818,-0.888479054895525,2023-02-02,1.0,Saanvi Iyer,34.0,Male,Ahmedabad,2024-11-05 00:03:47.581311,0.5590549577479722,0.6774638268266019,4.88,14627.0,0.54,37.6,Mixed,Low,0,Thursday,February,1,True,False,False,False,False,False,False,False,True,False,False,False,0.0,Low,4.14883274750617,2.0992441689760155,7.6609398901179215,0.9628412371079327,1.2276882915521163,0,0.13297081531029134,0.09319479936605132,0
T00279,R0254,Zone_2,2.2311037871645802,1.2443731749436937,0.6595213564811035,2023-02-16,0.0,Meera Kumar,18.0,Female,Delhi,2024-06-06 00:03:47.581311,-0.22243250446568272,-0.026056301031792503,3.68,6371.0,0.91,58.4,Residential,Low,0,Thursday,February,0,False,True,False,False,True,False,False,False,False,False,False,False,0.0,Low,5.1994910122411415,2.9258461460898246,10.14199191480648,2.165938649967161,1.4389443564364945,0,0.6754061375477453,-0.07714251415347918,0
T00280,R0006,Zone_8,0.20268561215662842,-0.10802519994575818,0.8903681331564333,2023-02-04,0.0,Aarav Das,45.0,Male,Jaipur,2026-01-02 00:03:47.581311,-0.22243250446568272,-0.026056301031792503,4.64,4516.0,1.93,31.0,Business,Low,0,Saturday,February,1,False,False,False,False,False,False,False,False,False,False,True,False,0.0,Low,5.292047753534441,2.298577071596507,7.533923280734945,0.5554793001617393,0.8761982439499878,0,-1.3765695880215705,-0.07714251415347918,0
T00281,R0173,Zone_3,-0.9060584996141167,-0.797719034949034,-1.203019284469082,2023-07-13,1.0,Saanvi Ghosh,26.0,Female,Mumbai,2024-02-12 00:03:47.581311,-0.22243250446568272,0.6774638268266019,4.28,12971.0,2.11,38.0,Business,Low,0,Thursday,July,0,False,True,False,False,False,True,False,False,False,False,False,False,0.0,Low,3.674273301724574,1.6505798557652755,5.766281297335398,-0.5557629067087025,-0.2286106884771609,0,1.0858012826616084,0.43386942640511234,0
T00282,R0234,Zone_8,-1.4219162863537684,-1.2559503281328352,-1.427953650814082,2024-01-11,1.0,Saanvi Nair,32.0,Male,Pune,2024-03-05 00:03:47.581311,0.5590549577479722,1.3809839546849962,3.98,4516.0,1.93,31.0,Business,Low,0,Thursday,January,1,False,False,True,False,False,False,False,False,False,False,True,False,0.0,Low,3.104586678466073,1.0986122886681098,4.198809355043403,-0.6131957951782692,-0.14727319455376647,0,1.0072909070746086,0.4906485309116225,0
T00283,R0232,Zone_2,1.1153570810037043,0.40330459776190225,-0.02119415288422599,2024-03-24,1.0,Meera Das,38.0,Female,Jaipur,2023-12-17 00:03:47.581311,2.122029882175282,0.6774638268266019,3.94,6371.0,0.91,58.4,Residential,Low,0,Sunday,March,0,True,False,False,False,True,False,False,False,False,False,False,False,0.0,Low,4.86267651592981,2.6297282343267403,8.613361713059541,-0.5435884582884439,-0.5039447609027993,0,1.2892145285006535,-0.2736855682144758,0
T00284,R0129,Zone_1,0.16533844207592963,0.42912044526521487,-0.1880555110957621,2024-01-03,1.0,Vivaan Singh,35.0,Female,Hyderabad,2023-11-28 00:03:47.581311,1.3405424199616272,1.3809839546849962,3.9,4921.0,2.43,30.9,Residential,Low,0,Wednesday,January,0,False,False,True,False,False,False,False,False,False,False,False,False,0.0,Low,4.759349436835766,2.2823823856765264,8.664294547163086,0.046695678173123416,0.12664997458493465,0,1.3570189437803353,0.20159127160575266,0
T00285,R0133,Zone_9,-0.9457398678248591,-0.9488004152241029,-0.6409461423990416,2024-06-12,0.0,Diya Kumar,25.0,Female,Delhi,2025-03-12 00:03:47.581311,0.5590549577479722,-0.026056301031792503,4.4,11037.0,1.83,56.1,Mixed,Low,0,Wednesday,June,0,True,False,False,False,False,False,False,False,False,False,False,True,0.0,Low,4.409155302062135,1.6174060820832772,5.300943312279429,-0.5195633499697412,-1.2949598202038526,0,-0.3202481710328445,-0.3042589321795199,0
T00286,R0127,Zone_4,0.7652273614971533,0.18005618923893635,0.6446746372071638,2024-08-23,1.0,Vivaan Kumar,38.0,Female,Chennai,2025-11-27 00:03:47.581311,0.5590549577479722,-1.4330965567485814,4.83,4038.0,2.46,48.2,Business,Low,0,Friday,August,0,True,False,False,False,False,False,True,False,False,False,False,False,0.0,Low,5.193234590094884,2.5152741864043966,8.15965685553014,-0.1319381222533172,0.8470359557790273,0,-1.2480980643337525,-1.0991663952706623,0
T00287,R0237,Zone_5,0.16533844207592963,0.6171654253745729,0.23146284856521002,2023-09-02,1.0,Aadhya Nair,40.0,Male,Chennai,2024-06-08 00:03:47.581311,0.5590549577479722,-0.026056301031792503,3.71,2590.0,1.31,43.9,Business,Low,0,Saturday,September,1,True,False,False,False,False,False,False,True,False,False,False,False,0.0,Low,5.001258132283659,2.2823823856765264,9.026627277117406,0.41938019149200184,0.583473512561381,0,0.6682688306761998,-0.3042589321795199,0
T00288,R0180,Zone_2,-1.818729968461193,-1.702740507082214,-1.486158045843775,2024-01-07,0.0,Diya Kumar,33.0,Female,Hyderabad,2023-10-06 00:03:47.581311,-1.7854074288929924,-0.026056301031792503,4.53,6371.0,0.91,58.4,Residential,Low,0,Sunday,January,0,True,False,False,False,True,False,False,False,False,False,False,False,0.0,Low,2.8831233291713367,0.26236426446749106,1.5491933384829668,-3.658541967659833,-3.250559358821967,0,1.5461575758762895,1.285555994002765,0
T00289,R0277,Zone_1,0.6648568419052755,1.3045123651502746,0.10664529714713183,2024-08-15,0.0,Kavya Gupta,42.0,Male,Jaipur,2025-03-23 00:03:47.581311,0.5590549577479722,-0.7295764288901869,3.06,4921.0,2.43,30.9,Residential,Low,0,Thursday,August,1,True,False,False,False,False,False,False,False,False,False,False,False,0.0,Low,4.935193098929397,2.479894107964456,10.24255827418131,0.923554896460998,0.8555936549526215,0,-0.35950335882634443,-0.701712663725091,0
T00290,R0068,Zone_1,1.5355127444115657,1.872461010223155,1.6618719878163863,2024-04-21,1.0,Meera Singh,30.0,Male,Ahmedabad,2025-12-24 00:03:47.581311,0.5590549577479722,-0.7295764288901869,4.97,4921.0,2.43,30.9,Residential,Low,0,Sunday,April,1,False,False,True,False,False,False,False,False,False,False,False,False,0.0,Low,5.550903208462204,2.7517480563679295,11.147645491313401,-0.06711566018587507,-0.22010545833589992,0,-1.344451707099616,-0.701712663725091,0
T00292,R0190,Zone_4,0.01828395988317802,0.18445661779063757,0.901404632439716,2024-08-05,1.0,Saanvi Iyer,35.0,Male,Surat,2024-08-08 00:03:47.581311,0.5590549577479722,-0.7295764288901869,4.12,4038.0,2.46,48.2,Business,Low,0,Monday,August,1,False,False,False,False,False,False,True,False,False,False,False,False,0.0,Low,5.2962652624219055,2.2159372862683733,8.16884324736373,-0.18562945447079532,-0.19072280022913898,0,0.4505809710940637,-0.701712663725091,1
T00293,R0109,Zone_10,0.24936957475750174,0.17154869403898126,1.1015068753973296,2023-05-12,0.0,Vivaan Kumar,35.0,Male,Delhi,2026-03-28 00:03:47.581311,-1.394663697786165,-0.7295764288901869,3.35,2440.0,1.54,35.4,Industrial,Low,0,Friday,May,1,False,True,False,True,False,False,False,False,False,False,False,False,0.0,Low,5.369800468169901,2.318458442150336,8.141867107733951,1.6018990449647397,1.4086395550864725,0,-1.6799051300622518,-0.204895499293127,1
T00294,R0094,Zone_6,1.8529636900975055,2.564208378550558,0.21398839136667927,2023-01-12,1.0,Diya Iyer,41.0,Female,Delhi,2024-02-24 00:03:47.581311,-0.6131762355725101,1.3809839546849962,4.87,14627.0,0.54,37.6,Mixed,Low,0,Thursday,January,0,False,False,True,False,False,False,False,False,True,False,False,False,0.0,Low,4.992267636738071,2.834976494674597,12.159358535712318,-0.081520651756418,-0.09199706899042197,0,1.0429774414323356,1.285555994002765,0
T00295,R0229,Zone_1,0.17467523459610412,0.5614266637196929,-0.44386579805470755,2023-04-08,1.0,Reyansh Ghosh,22.0,Male,Mumbai,2025-10-14 00:03:47.581311,-1.0039199666793377,0.6774638268266019,4.43,4921.0,2.43,30.9,Residential,Low,0,Saturday,April,1,False,False,True,False,False,False,False,False,False,False,False,False,0.0,Low,4.576770711466393,2.286455711064162,8.920762299265686,-0.20959412226542554,0.2550855798956923,0,-1.0910773131597526,1.0470837550754222,0
T00296,R0084,Zone_5,0.3007219336184627,0.21701978907322522,0.6965724612178382,2023-12-18,1.0,Kavya Sharma,38.0,Male,Jaipur,2023-11-12 00:03:47.581311,0.16831122664114473,-1.4330965567485814,4.67,2590.0,1.31,43.9,Business,Low,0,Monday,December,1,False,False,False,False,False,False,False,True,False,False,False,False,0.0,Low,5.214935757608986,2.3398808777377424,8.2365041127896,0.7488943736681674,1.403309357264293,0,1.414117398752699,-1.0991663952706623,0
T00297,R0013,Zone_7,-0.7566698192913216,-0.5445477122745008,-0.49011398552751123,2023-12-07,0.0,Ishaan Gupta,43.0,Male,Kolkata,2024-10-25 00:03:47.581311,0.5590549577479722,-0.026056301031792503,3.91,11070.0,0.64,45.2,Industrial,Low,0,Thursday,December,1,False,False,True,False,False,False,False,False,False,True,False,False,0.0,Low,4.539884719289462,1.766441661243765,6.471475874945375,0.5031910515387956,0.9648604147871388,0,0.1722260031037913,-0.3042589321795199,0
T00298,R0222,Zone_10,-1.6483335049680048,-1.5763015266966707,-1.4175740860119468,2023-08-10,1.0,Aarav Singh,27.0,Female,Surat,2024-10-20 00:03:47.581311,-0.22243250446568272,1.3809839546849962,3.44,2440.0,1.54,35.4,Industrial,Low,0,Thursday,August,0,False,False,True,True,False,False,False,False,False,False,False,False,0.0,Low,3.139399623366404,0.708035793053696,2.5903667693977237,0.37784891709381246,0.7190902204337829,0,0.1900692702826549,0.9448813669637038,0
T00299,R0110,Zone_3,1.0429969389723508,0.37426176932067556,0.7504410886719561,2023-12-07,0.0,Vivaan Patel,19.0,Female,Kolkata,2025-10-25 00:03:47.581311,-0.22243250446568272,-1.4330965567485814,4.43,12971.0,2.11,38.0,Business,Low,0,Thursday,December,0,False,False,True,False,False,True,False,False,False,False,False,False,0.0,Low,5.236973736306985,2.6071242825122494,8.555699854482976,0.24231104186188815,0.23799116916143737,0,-1.1303325009532526,-1.0991663952706623,0
T00300,R0030,Zone_10,-1.5082816171653843,-1.4824257175937152,-1.2338952050830279,2023-09-08,1.0,Saanvi Patel,25.0,Female,Mumbai,2025-03-01 00:03:47.581311,1.3405424199616272,1.3809839546849962,3.72,2440.0,1.54,35.4,Industrial,Low,0,Friday,September,0,False,True,False,True,False,False,False,False,False,False,False,False,0.0,Low,3.612808017162641,0.9669838461896731,3.1480152477394387,-0.4263475780711049,0.3973443902703131,0,-0.2809929832393445,0.20159127160575266,0
T00301,R0037,Zone_10,1.3090955257973294,0.9383967096487486,2.026996172438322,2024-01-21,0.0,Aadhya Iyer,32.0,Female,Ahmedabad,2024-04-04 00:03:47.581311,0.16831122664114473,1.3809839546849962,3.36,2440.0,1.54,35.4,Industrial,Low,0,Sunday,January,0,False,False,True,True,False,False,False,False,False,False,False,False,0.0,Low,5.6534010450952765,2.6878474937846906,9.614052215377239,0.9838757986626461,1.0679200880966029,0,0.9002313040014268,0.6893753966844082,0
T00302,R0191,Zone_8,-0.9410714715647718,-1.0095263292375771,-0.7472381414487523,2023-05-07,0.0,Meera Gupta,33.0,Male,Surat,2025-04-01 00:03:47.581311,1.3405424199616272,-0.026056301031792503,4.56,4516.0,1.93,31.0,Business,Low,0,Sunday,May,1,True,False,False,False,False,False,False,False,False,False,True,False,0.0,Low,4.305550475963267,1.6213664832993742,5.101960407529639,-0.3127743387463294,-0.4040108476384331,0,-0.39162123974829893,-0.4487875618324548,0
T00303,R0047,Zone_2,0.2890509429682442,0.881191138476635,-0.45661032698897447,2024-01-23,0.0,Reyansh Iyer,51.0,Male,Bengaluru,2025-10-08 00:03:47.581311,-0.22243250446568272,0.6774638268266019,4.86,6371.0,0.91,58.4,Residential,Low,0,Tuesday,January,1,False,False,False,False,True,False,False,False,False,False,False,False,0.0,Low,4.566741159368309,2.3350522831315472,9.512097560475292,0.4704524343330167,0.9841480310729339,0,-1.0696653925451163,0.43386942640511234,0
T00304,R0153,Zone_4,-0.4555582605156877,-0.2705476944552498,-0.8911067928201162,2023-06-15,0.0,Aadhya Ghosh,20.0,Female,Mumbai,2023-12-08 00:03:47.581311,-1.0039199666793377,-0.7295764288901869,4.54,4038.0,2.46,48.2,Business,Low,0,Thursday,June,0,False,False,False,False,False,False,True,False,False,False,False,False,0.0,Low,4.145671189387441,1.965712776351493,7.1568149340331555,-1.3693268981629414,-1.249269786847839,0,1.321332409422608,-0.383749678488634,0
T00305,R0037,Zone_6,1.3487768940080718,1.3012853842123604,1.0828499361327328,2023-05-15,1.0,Aadhya Iyer,32.0,Male,Ahmedabad,2025-08-27 00:03:47.581311,0.16831122664114473,0.6774638268266019,3.36,14627.0,0.54,37.6,Mixed,Low,0,Monday,May,1,False,True,False,False,False,False,False,False,True,False,False,False,0.0,Low,5.363168338867653,2.6993457604720636,10.237187113655782,0.9838757986626461,1.0679200880966029,0,-0.9197819482426619,0.2422399486956406,0
T00306,R0164,Zone_10,0.3287323111789866,-0.22155625657964484,-0.025398533563571687,2024-01-14,0.0,Aadhya Ghosh,37.0,Male,Ahmedabad,2024-01-02 00:03:47.581311,1.7312861510684545,-0.026056301031792503,4.02,2440.0,1.54,35.4,Industrial,Low,0,Sunday,January,1,False,True,False,True,False,False,False,False,False,False,False,False,0.0,Low,4.860199926164623,2.3513752571634776,7.2725511342306834,0.1561617091575382,0.5640717761302595,0,1.23211607352829,-0.5029857979523055,0
T00308,R0074,Zone_3,-1.2865327948112353,-1.1104428240232544,-1.2300849850923705,2023-04-16,0.0,Vivaan Ghosh,23.0,Male,Kolkata,2023-12-14 00:03:47.581311,-0.22243250446568272,-0.026056301031792503,4.89,12971.0,2.11,38.0,Business,Low,0,Sunday,April,1,True,False,False,False,False,True,False,False,False,False,False,False,0.0,Low,3.620600613360642,1.275362800412609,4.752893855326458,-0.8798752170459152,-0.43733249909983135,0,1.2999204888079718,-0.07714251415347918,0
T00309,R0080,Zone_4,0.46178160459147605,0.11639665619099465,0.4310395439379055,2023-01-19,1.0,Reyansh Kumar,19.0,Female,Mumbai,2025-12-16 00:03:47.581311,-0.6131762355725101,-0.026056301031792503,4.6,4038.0,2.46,48.2,Business,Low,0,Thursday,January,0,False,False,True,False,False,False,True,False,False,False,False,False,0.0,Low,5.098585119494288,2.4042387467205457,8.025584090893322,0.6442944916957033,0.3513872418406023,0,-1.3159024796134342,0.09319479936605132,0
T00310,R0004,Zone_5,0.0346233467934838,-0.007988790870421173,-0.6534278975408494,2024-07-23,1.0,Aarav Nair,19.0,Female,Kolkata,2025-11-09 00:03:47.581311,-0.6131762355725101,-1.4330965567485814,3.19,2590.0,1.31,43.9,Business,Low,0,Tuesday,July,0,False,True,False,False,False,False,False,True,False,False,False,False,0.0,Low,4.3975308212098465,2.2235418856535927,7.756932383358772,-1.11376925225463,-0.6553177173809809,0,-1.1838623024898434,-1.0991663952706623,0
T00311,R0007,Zone_1,0.30539032987854997,-0.11565260943537325,-0.2471796143990623,2023-06-17,1.0,Ishaan Ghosh,18.0,Male,Mumbai,2024-02-20 00:03:47.581311,-0.6131762355725101,0.6774638268266019,4.03,4921.0,2.43,30.9,Residential,Low,0,Saturday,June,1,True,False,False,False,False,False,False,False,False,False,False,False,0.0,Low,4.720015577657132,2.341805806147327,7.516648189186454,-0.8770690498568474,-1.008074892113964,0,1.0572520551754265,0.6893753966844082,0
T00312,R0027,Zone_5,1.8412926994472871,1.7160991156860448,0.41947749706970466,2023-02-26,1.0,Ishaan Iyer,39.0,Female,Jaipur,2024-05-27 00:03:47.581311,0.16831122664114473,0.6774638268266019,3.98,2590.0,1.31,43.9,Business,Low,0,Sunday,February,0,False,False,False,False,False,False,False,True,False,False,False,False,0.0,Low,5.093197901078078,2.8320361808832013,10.90596167240652,-0.5085140666627909,-0.7764936358293952,0,0.7110926719054724,0.2422399486956406,0
T00313,R0017,Zone_8,0.6625226437752318,0.6907992631397032,0.1636672101107592,2023-12-01,0.0,Meera Das,49.0,Female,Mumbai,2025-01-04 00:03:47.581311,-0.22243250446568272,1.3809839546849962,3.83,4516.0,1.93,31.0,Business,Low,0,Friday,December,0,False,True,False,False,False,False,False,False,False,False,True,False,0.0,Low,4.965916829296877,2.4790562361098245,9.164605828948673,-0.05570391361700346,-0.46075467513350665,0,-0.08114839083607203,0.9448813669637038,0
T00314,R0173,Zone_3,-1.361227134972633,-1.2357083567950105,-1.1697783997230042,2023-06-22,1.0,Saanvi Ghosh,26.0,Female,Mumbai,2025-12-31 00:03:47.581311,-0.22243250446568272,1.3809839546849962,4.28,12971.0,2.11,38.0,Business,Low,0,Thursday,June,0,False,True,False,False,False,True,False,False,False,False,False,False,0.0,Low,3.7364784329132155,1.1817271953786161,4.280186911806539,-0.5557629067087025,-0.2286106884771609,0,-1.369432281150025,0.9448813669637038,0
T00315,R0080,Zone_5,0.6018334923940963,1.2012489751370237,1.1997842737770377,2023-08-25,0.0,Reyansh Kumar,19.0,Female,Mumbai,2024-08-18 00:03:47.581311,-0.6131762355725101,1.3809839546849962,4.6,2590.0,1.31,43.9,Business,Low,0,Friday,August,0,False,False,False,False,False,False,False,True,False,False,False,False,0.0,Low,5.404027820970151,2.4570214462984645,10.069260151570223,0.6442944916957033,0.3513872418406023,0,0.41489443673633647,1.285555994002765,0
T00316,R0212,Zone_1,-0.5069106193766485,-0.8452436633074052,-0.4688293083383233,2024-05-05,0.0,Aadhya Iyer,36.0,Female,Ahmedabad,2024-05-16 00:03:47.581311,-0.6131762355725101,-0.026056301031792503,3.22,4921.0,2.43,30.9,Residential,Low,0,Sunday,May,0,False,True,False,False,False,False,False,False,False,False,False,False,0.0,Low,4.557029810660157,1.9344157696295783,5.624055476255546,-0.8888549520509287,-0.1046132478150123,0,0.7503478596989724,0.09319479936605132,0
T00317,R0113,Zone_4,-0.5746023651479151,-0.14440207597315327,-0.2758219577771056,2024-08-23,0.0,Aadhya Singh,26.0,Male,Chennai,2024-02-09 00:03:47.581311,0.16831122664114473,0.6774638268266019,4.61,4038.0,2.46,48.2,Business,Low,0,Friday,August,1,False,False,True,False,False,False,True,False,False,False,False,False,0.0,Low,4.700389452569025,1.891604804197771,7.451174404078864,-0.7155039739463284,0.05253806265286683,0,1.0965072429689264,0.2422399486956406,0
T00318,R0102,Zone_8,1.199388213685277,0.5537992542300776,1.0158426190556593,2023-08-18,0.0,Aarav Nair,18.0,Female,Chennai,2024-11-28 00:03:47.581311,-1.394663697786165,-0.026056301031792503,4.1,4516.0,1.93,31.0,Business,Low,0,Friday,August,0,False,False,True,False,False,False,False,False,False,False,True,False,0.0,Low,5.3389793482669266,2.655352412101761,8.906177631284926,0.5102298542380377,-0.3027258200998488,0,0.05089178628751872,0.6893753966844082,0
T00319,R0178,Zone_2,-0.72399104547071,-0.6178881881361848,-0.3084059080420353,2023-12-24,0.0,Saanvi Ghosh,27.0,Male,Delhi,2024-05-21 00:03:47.581311,-0.22243250446568272,-1.4330965567485814,3.13,6371.0,0.91,58.4,Residential,Low,0,Sunday,December,1,False,False,False,False,True,False,False,False,False,False,False,False,0.0,Low,4.6775838664971365,1.7900914121273581,6.275348595894893,0.5571630004751797,0.6169959773192546,0,0.7325045925201088,-1.0991663952706623,0
T00320,R0294,Zone_6,-0.4648950530358624,-0.5580423598330507,-0.7352819338918628,2023-01-15,1.0,Arjun Reddy,24.0,Male,Surat,2024-06-01 00:03:47.581311,-0.22243250446568272,1.3809839546849962,3.2,14627.0,0.54,37.6,Mixed,Low,0,Sunday,January,1,False,True,False,False,False,False,False,False,True,False,False,False,0.0,Low,4.317754744653741,1.9600947840472698,6.435837163881635,0.003225597353399086,-0.35171877904125626,0,0.6932494047266088,0.9448813669637038,0
T00321,R0040,Zone_7,0.015949761753134395,0.4012510644377753,-0.7637928903736765,2024-02-03,0.0,Aarav Gupta,34.0,Female,Surat,2024-05-15 00:03:47.581311,0.9497986888547996,-0.026056301031792503,4.41,11070.0,0.64,45.2,Industrial,Low,0,Saturday,February,0,True,False,False,False,False,False,False,False,False,True,False,False,0.0,Low,4.288402532641213,2.214846178686039,8.609297300012354,-0.027501933366882544,-0.5258503800980654,0,0.7539165131347452,-0.383749678488634,0
T00322,R0094,Zone_7,1.0826783071830932,1.6207564970658557,1.6190398596455509,2023-07-11,0.0,Diya Iyer,41.0,Male,Delhi,2025-10-21 00:03:47.581311,-0.6131762355725101,-0.026056301031792503,4.87,11070.0,0.64,45.2,Industrial,Low,0,Tuesday,July,1,False,True,False,False,False,False,False,False,False,True,False,False,0.0,Low,5.53816069708466,2.6195832197798796,10.75592859775482,-0.081520651756418,-0.09199706899042197,0,-1.1160578872101616,0.09319479936605132,0
T00323,R0150,Zone_7,0.6578542475151445,0.78907550079436,-0.4533256545832356,2024-04-17,1.0,Ishaan Gupta,33.0,Male,Pune,2024-04-10 00:03:47.581311,-0.22243250446568272,-1.4330965567485814,4.95,11070.0,0.64,45.2,Industrial,Low,0,Wednesday,April,1,False,False,False,False,False,False,False,False,False,True,False,False,0.0,Low,4.5693357329788755,2.477378383367209,9.34558719396486,-0.09948012176644538,-0.7368624639820931,0,0.8788193833867904,-1.0991663952706623,0
T00324,R0074,Zone_2,-0.29449858954267416,-0.5762307978467485,-0.6773403126546285,2023-11-03,1.0,Vivaan Ghosh,23.0,Male,Kolkata,2024-03-30 00:03:47.581311,-0.22243250446568272,-0.7295764288901869,4.89,6371.0,0.91,58.4,Residential,Low,0,Friday,November,1,False,False,False,False,True,False,False,False,False,False,False,False,0.0,Low,4.374876130645041,2.057962510002712,6.387487769068525,-0.8798752170459152,-0.43733249909983135,0,0.9180745711802903,-0.5881544547120707,0
T00325,R0075,Zone_6,-0.33884835401350405,-0.7783571493215494,0.04082046213612442,2024-02-28,1.0,Diya Reddy,18.0,Female,Mumbai,2024-06-09 00:03:47.581311,-1.7854074288929924,0.6774638268266019,4.83,14627.0,0.54,37.6,Mixed,Low,0,Wednesday,February,0,False,True,False,False,False,False,False,False,True,False,False,False,0.0,Low,4.898511216291551,2.033397603178429,5.823229344616267,-0.5863501290695303,-0.33175955914159194,0,0.6647001772404271,2.4779171886394784,0
T00326,R0038,Zone_3,-1.375232323752895,-1.2659246328500242,-1.2436178354040148,2024-06-10,1.0,Aarav Singh,37.0,Female,Kolkata,2025-02-17 00:03:47.581311,-1.0039199666793377,-0.7295764288901869,4.07,12971.0,2.11,38.0,Business,Low,0,Monday,June,0,False,True,False,False,False,True,False,False,False,False,False,False,0.0,Low,3.5926438462331105,1.1631508098056809,4.158124577258358,-1.2644323686356256,-1.2963408051348704,0,-0.23816914201007183,-0.383749678488634,0
T00327,R0059,Zone_8,-0.9083926977441602,-0.8560980537349343,-0.8064936316482821,2023-11-23,1.0,Aarav Sharma,43.0,Male,Delhi,2025-12-01 00:03:47.581311,-1.394663697786165,1.3809839546849962,3.27,4516.0,1.93,31.0,Business,Low,0,Thursday,November,1,False,False,True,False,False,False,False,False,False,False,True,False,0.0,Low,4.242764567340374,1.6486586255873816,5.591064299397745,0.3879511189744532,0.12269834096341725,0,-1.2623726780768434,2.4779171886394784,0
T00328,R0096,Zone_9,-0.7846801968518455,-0.6724535021772776,-0.528084798537853,2023-08-10,0.0,Reyansh Das,40.0,Female,Kolkata,2025-03-19 00:03:47.581311,-1.0039199666793377,-0.026056301031792503,4.46,11037.0,1.83,56.1,Mixed,Low,0,Thursday,August,0,False,True,False,False,False,False,False,False,False,False,False,True,0.0,Low,4.508549147383666,1.7457155307266483,6.125357132445422,-1.5378652995382918,-1.9079995989433145,0,-0.3452287450832535,0.3316670382933942,0
T00329,R0195,Zone_7,-0.1964622680808399,-0.5823913978191297,0.27482052432096366,2024-07-06,1.0,Aadhya Reddy,33.0,Female,Kolkata,2024-04-08 00:03:47.581311,0.5590549577479722,-1.4330965567485814,4.97,11070.0,0.64,45.2,Industrial,Low,0,Saturday,July,0,True,False,False,False,False,False,False,False,False,True,False,False,0.0,Low,5.023222409601727,2.1102132003465894,6.371028174478591,-0.1640219671149804,-0.4615941796508422,0,0.8859566902583359,-1.0991663952706623,0
T00330,R0233,Zone_8,2.2964613348058034,2.7933240251424585,0.4573169231838167,2023-08-01,0.0,Ishaan Iyer,30.0,Female,Hyderabad,2024-11-29 00:03:47.581311,-0.6131762355725101,-1.4330965567485814,4.37,4516.0,1.93,31.0,Business,Low,0,Tuesday,August,0,False,False,False,False,False,False,False,False,False,False,True,False,0.0,Low,5.110721927251374,2.9407479652212314,12.476377679438851,1.9623512204003664,2.1979771188826325,0,0.047323132851746,-1.0991663952706623,0
T00331,R0014,Zone_5,-0.810356376282326,-0.7848111111973777,-0.8034717330350023,2023-07-22,0.0,Aarav Das,26.0,Female,Ahmedabad,2024-06-18 00:03:47.581311,-0.6131762355725101,0.6774638268266019,3.0,2590.0,1.31,43.9,Business,Low,0,Saturday,July,0,True,False,False,False,False,False,False,True,False,False,False,False,0.0,Low,4.246063716857944,1.7263316639055997,5.80430874437258,-0.624654311200292,0.5569923919426626,0,0.6325822963184725,0.6893753966844082,0
T00332,R0067,Zone_3,-0.36685873157402815,0.08706046584632107,-0.9202746837830776,2023-06-29,1.0,Saanvi Iyer,32.0,Male,Pune,2026-03-12 00:03:47.581311,2.122029882175282,-0.7295764288901869,3.38,12971.0,2.11,38.0,Business,Low,0,Thursday,June,1,False,True,False,False,False,True,False,False,False,False,False,False,0.0,Low,4.109889773557563,2.017566137961748,7.963039620647382,0.35712645169762713,0.4338649281973977,0,-1.6228066750898884,-0.8240061195852668,0
T00333,R0256,Zone_3,-1.361227134972633,-1.2222137092364607,-1.4135010922288307,2024-07-21,0.0,Aadhya Sharma,31.0,Male,Delhi,2026-02-18 00:03:47.581311,-0.6131762355725101,0.6774638268266019,3.65,12971.0,2.11,38.0,Business,Low,0,Sunday,July,1,True,False,False,False,False,True,False,False,False,False,False,False,0.0,Low,3.152736022363656,1.1817271953786161,4.3335897360040905,-0.6973340413971207,-0.14378400390358864,0,-1.5442962995028884,0.6893753966844082,0
T00334,R0178,Zone_10,0.6788620306855376,0.01782705663289144,0.9246601130723476,2024-01-27,1.0,Saanvi Ghosh,27.0,Female,Delhi,2023-09-03 00:03:47.581311,-0.22243250446568272,-0.026056301031792503,3.13,2440.0,1.54,35.4,Industrial,Low,0,Saturday,January,0,False,False,False,True,False,False,False,False,False,False,False,False,0.0,Low,5.30509435082706,2.4849066497880004,7.813449942247022,0.5571630004751797,0.6169959773192546,0,1.6639231392567895,-0.07714251415347918,0
T00335,R0170,Zone_2,-1.8630797329320226,-1.7432244497578633,-1.486158045843775,2024-05-14,1.0,Saanvi Kumar,29.0,Female,Bengaluru,2024-11-11 00:03:47.581311,-0.22243250446568272,0.6774638268266019,3.68,6371.0,0.91,58.4,Residential,Low,0,Tuesday,May,0,False,True,False,False,True,False,False,False,False,False,False,False,0.0,Low,2.8831233291713367,0.10436001532424277,1.0099504938362078,-0.26364090232685156,0.24261893781325272,0,0.11155889469565501,0.43386942640511234,0
T00336,R0224,Zone_2,-1.0787891612373484,-1.258590585263856,-0.7555155159112144,2023-01-08,1.0,Ishaan Sharma,29.0,Male,Ahmedabad,2024-03-19 00:03:47.581311,-0.22243250446568272,-1.4330965567485814,4.31,6371.0,0.91,58.4,Residential,Low,0,Sunday,January,1,False,False,False,False,True,False,False,False,False,False,False,False,0.0,Low,4.297013260346925,1.4973884086254776,4.188078318274385,-1.2570240872564888,-1.856499144946689,0,0.9573297589737904,-1.0991663952706623,0
T00337,R0115,Zone_8,1.1947198174251896,1.1466836610959308,2.026996172438322,2024-05-15,0.0,Aarav Ghosh,40.0,Male,Bengaluru,2024-01-10 00:03:47.581311,1.3405424199616272,-1.4330965567485814,4.4,4516.0,1.93,31.0,Business,Low,0,Wednesday,May,1,False,False,True,False,False,False,False,False,False,False,True,False,0.0,Low,5.6534010450952765,2.6539459421090092,9.976472322419383,-0.29616693110921594,-0.21003522005749173,0,1.2035668460421083,-1.0991663952706623,1
T00338,R0136,Zone_1,-1.3005379835914974,-1.2914471184498901,-1.0063331008134366,2023-02-11,1.0,Diya Ghosh,34.0,Female,Hyderabad,2024-07-15 00:03:47.581311,-1.394663697786165,1.3809839546849962,3.82,4921.0,2.43,30.9,Residential,Low,0,Saturday,February,0,False,False,False,False,False,False,False,False,False,False,False,False,0.0,Low,3.9961803134348695,1.2584609896100056,4.052159917870962,-0.8112644292732323,-1.4638825580757535,0,0.5362286535526091,2.4779171886394784,0
T00339,R0152,Zone_5,0.09064410191453201,0.6946129678845111,0.4621782383443103,2024-05-08,1.0,Arjun Patel,34.0,Male,Bengaluru,2026-04-02 00:03:47.581311,-1.0039199666793377,1.3809839546849962,3.91,2590.0,1.31,43.9,Business,Low,0,Wednesday,May,1,False,True,False,False,False,False,False,True,False,False,False,False,0.0,Low,5.112951179567857,2.2491843162669305,9.171695590238482,0.9513172438514983,1.749590410508932,0,-1.6977483972411156,1.7625004718574506,0
T00340,R0223,Zone_1,0.912281843689905,0.8782575194421675,0.8880031690243012,2023-09-14,1.0,Meera Ghosh,30.0,Female,Surat,2024-11-02 00:03:47.581311,0.16831122664114473,-0.026056301031792503,4.04,4921.0,2.43,30.9,Residential,Low,0,Thursday,September,0,False,False,True,False,False,False,False,False,False,False,False,False,0.0,Low,5.2911416827989415,2.5649493574615367,9.506839643120104,-0.6138505675223849,-0.2175666130338627,0,0.14367677561760953,-0.204895499293127,0
T00341,R0054,Zone_5,1.7595957648957585,1.682655858693117,1.6445289175140847,2023-08-12,0.0,Meera Iyer,25.0,Female,Mumbai,2024-04-24 00:03:47.581311,-2.566894891106647,-0.7295764288901869,3.58,2590.0,1.31,43.9,Business,Low,0,Saturday,August,0,False,False,False,False,False,False,False,True,False,False,False,False,0.0,Low,5.5457632103852115,2.8112082932048366,10.853570840972107,4.4423014737381274,4.137452923864662,0,0.8288582352859724,2.4779171886394784,0
T00342,R0105,Zone_5,-1.095128548147654,-0.8478839204384258,-1.2239098009695815,2023-02-12,1.0,Diya Das,31.0,Male,Jaipur,2024-10-06 00:03:47.581311,1.7312861510684545,0.6774638268266019,3.69,2590.0,1.31,43.9,Business,Low,0,Sunday,February,1,True,False,False,False,False,False,False,True,False,False,False,False,0.0,Low,3.6331024386449378,1.4816045409242156,5.616048432839588,-0.0933065539504982,-0.6788422080277071,0,0.24003041838347303,-0.204895499293127,0
T00343,R0232,Zone_7,-0.7496672249011905,-0.5386804742055663,-0.11303359334868573,2024-06-08,1.0,Meera Das,38.0,Male,Jaipur,2025-04-06 00:03:47.581311,2.122029882175282,-0.026056301031792503,3.94,11070.0,0.64,45.2,Industrial,Low,0,Saturday,June,1,False,True,False,False,False,False,False,False,False,True,False,False,0.0,Low,4.807130958034395,1.7715567619105355,6.486909896090742,-0.5435884582884439,-0.5039447609027993,0,-0.4094645069271625,-0.5488458438998713,1
T00345,R0174,Zone_9,-0.05174198401813214,0.21203263671463066,0.040951849032353854,2023-01-22,1.0,Aadhya Patel,32.0,Female,Kolkata,2024-12-16 00:03:47.581311,-0.22243250446568272,1.3809839546849962,3.8,11037.0,1.83,56.1,Mixed,Low,0,Sunday,January,0,False,False,False,False,False,False,False,False,False,False,False,True,0.0,Low,4.898585790287632,2.1826747963214883,8.226177727231525,0.4628757829225361,0.05623319425495424,0,-0.013343975556390296,0.9448813669637038,0
T00346,R0051,Zone_1,-0.8803823201836362,-1.1201237668369965,-0.4830190931311153,2023-05-04,1.0,Aarav Nair,21.0,Female,Kolkata,2024-07-06 00:03:47.581311,0.9497986888547996,0.6774638268266019,4.02,4921.0,2.43,30.9,Residential,Low,0,Thursday,May,0,True,False,False,False,False,False,False,False,False,False,False,False,0.0,Low,4.545632473271895,1.6714733033535532,4.71805044483418,-1.280932631707338,-0.588556645330157,0,0.5683465344745635,-0.02604132009762001,0
T00347,R0140,Zone_4,-0.8593745370132431,-0.7182179591149686,-1.1810776727987462,2023-02-08,1.0,Aadhya Nair,29.0,Male,Delhi,2025-08-29 00:03:47.581311,-1.394663697786165,1.3809839546849962,4.92,4038.0,2.46,48.2,Business,Low,0,Wednesday,February,1,False,True,False,False,False,False,True,False,False,False,False,False,0.0,Low,3.7157647828953184,1.6882490928583902,5.99666574022598,-2.4274062676365133,-2.275394846661859,0,-0.9269192551142074,2.4779171886394784,0
T00348,R0155,Zone_3,-1.1558176995287894,-0.9916312531273263,-1.2714718574046806,2023-06-30,1.0,Meera Reddy,23.0,Female,Hyderabad,2024-07-30 00:03:47.581311,0.16831122664114473,0.6774638268266019,3.14,12971.0,2.11,38.0,Business,Low,0,Friday,June,0,False,False,True,False,False,True,False,False,False,False,False,False,0.0,Low,3.5325179989895132,1.420695787837223,5.1613951602255765,-0.2816354494267424,-0.5891103247938563,0,0.4826988520160182,0.2422399486956406,0
T00349,R0018,Zone_9,-0.5349209969371725,-0.8889545869209687,-1.0969900592118302,2023-04-28,1.0,Aarav Reddy,49.0,Male,Delhi,2025-06-11 00:03:47.581311,-0.6131762355725101,-0.7295764288901869,3.29,11037.0,1.83,56.1,Mixed,Low,0,Friday,April,1,False,False,True,False,False,False,False,False,False,False,False,True,0.0,Low,3.8605191625610304,1.916922612182061,5.489990892524322,0.5539359082077526,1.4568179323009016,0,-0.6449956336881623,-0.5029857979523055,0
T00350,R0184,Zone_1,1.2484063744161937,0.8797243289594014,1.176922953833095,2023-10-19,0.0,Meera Nair,29.0,Female,Surat,2025-01-12 00:03:47.581311,0.16831122664114473,-0.026056301031792503,3.97,4921.0,2.43,30.9,Residential,Low,0,Thursday,October,0,False,False,False,False,False,False,False,False,False,False,False,False,0.0,Low,5.396169766715541,2.67000213346468,9.509468965194639,0.32607513245553066,0.7142263411364674,0,-0.10969761832225382,-0.204895499293127,0
T00351,R0278,Zone_7,1.0149865614118265,0.7747007675254697,2.026996172438322,2024-05-17,0.0,Aarav Reddy,20.0,Male,Mumbai,2025-11-05 00:03:47.581311,0.5590549577479722,0.6774638268266019,4.27,11070.0,0.64,45.2,Industrial,Low,0,Friday,May,1,False,True,False,False,False,False,False,False,False,True,False,False,0.0,Low,5.6534010450952765,2.5982353350950036,9.31933474020544,1.6189231259117443,3.0677772554880267,0,-1.1695876887467525,0.09319479936605132,1
T00352,R0190,Zone_1,-1.3915717106632006,-1.4287404892629625,-1.3982602122662022,2024-07-31,0.0,Saanvi Iyer,35.0,Male,Surat,2025-05-18 00:03:47.581311,0.5590549577479722,-1.4330965567485814,4.12,4921.0,2.43,30.9,Residential,Low,0,Wednesday,July,1,False,False,True,False,False,False,False,False,False,False,False,False,0.0,Low,3.2011191032789417,1.1410330045520618,3.4263683398023628,-0.18562945447079532,-0.19072280022913898,0,-0.5593479512296169,-1.0991663952706623,0
T00353,R0066,Zone_1,0.2283617915871087,-0.3770380654064147,0.5280030733553177,2023-06-11,1.0,Arjun Patel,38.0,Male,Bengaluru,2024-02-28 00:03:47.581311,-1.394663697786165,-1.4330965567485814,4.72,4921.0,2.43,30.9,Residential,Low,0,Sunday,June,1,True,False,False,False,False,False,False,False,False,False,False,False,0.0,Low,5.142657214707572,2.309560706730471,6.898550572402873,1.488459736346715,0.4644921113903151,0,1.0287028276892447,-1.0991663952706623,0
T00354,R0094,Zone_5,-0.4905712324663427,-0.09423719048376164,-0.23207012133266347,2023-10-03,1.0,Diya Iyer,41.0,Female,Delhi,2025-09-01 00:03:47.581311,-0.6131762355725101,0.6774638268266019,4.87,2590.0,1.31,43.9,Business,Low,0,Tuesday,October,0,False,False,False,False,False,False,False,True,False,False,False,False,0.0,Low,4.730215674962316,1.944480556245719,7.565051222562872,-0.081520651756418,-0.09199706899042197,0,-0.9376252154215255,0.6893753966844082,0
T00355,R0042,Zone_3,0.8912740605195119,0.4071183025067097,-0.3871066588835395,2024-07-01,0.0,Arjun Reddy,18.0,Female,Chennai,2024-04-15 00:03:47.581311,-1.0039199666793377,0.6774638268266019,3.03,12971.0,2.11,38.0,Business,Low,0,Monday,July,0,False,False,False,False,False,True,False,False,False,False,False,False,0.0,Low,4.620255823406132,2.558002204858551,8.620904824900922,0.6719913618517916,0.5443211206341212,0,0.8609761162079268,1.0470837550754222,0
T00356,R0252,Zone_6,-0.20346486247097098,0.3314309314174519,0.6555797495942167,2023-01-30,0.0,Reyansh Gupta,38.0,Male,Ahmedabad,2024-11-26 00:03:47.581311,3.294261075495764,0.6774638268266019,4.83,14627.0,0.54,37.6,Mixed,Low,0,Monday,January,1,False,True,False,False,False,False,False,False,True,False,False,False,0.0,Low,5.197833827969714,2.1065702090680882,8.469946871143879,-1.0701859680994372,-0.8012439342440127,0,0.05802909315906416,-0.4284632232875108,1
T00357,R0070,Zone_2,0.4127634438605587,0.6963731393051916,0.5796381235735334,2023-02-03,1.0,Meera Reddy,33.0,Female,Bengaluru,2025-01-13 00:03:47.581311,-0.6131762355725101,-1.4330965567485814,3.54,6371.0,0.91,58.4,Residential,Low,0,Friday,February,0,False,True,False,False,True,False,False,False,False,False,False,False,0.0,Low,5.165357239291806,2.3850863145057892,9.174965939991276,2.1509256555056537,2.2025497950504977,0,-0.11326627175802653,-1.0991663952706623,0
T00358,R0262,Zone_4,-0.2057990606010146,0.1202103609358025,-0.33954460244844015,2023-10-29,0.0,Meera Singh,30.0,Male,Ahmedabad,2026-02-28 00:03:47.581311,0.5590549577479722,-1.4330965567485814,3.35,4038.0,2.46,48.2,Business,Low,0,Sunday,October,1,False,True,False,False,False,False,True,False,False,False,False,False,0.0,Low,4.655292795391302,2.105352923464337,8.033679107357974,-0.8646283753186516,-0.7437044257983821,0,-1.5799828338606157,-1.0991663952706623,0
T00359,R0266,Zone_6,-1.2025016621296634,-1.0902008526854294,-1.3128587297169907,2024-01-22,1.0,Diya Reddy,29.0,Male,Chennai,2025-09-12 00:03:47.581311,0.5590549577479722,0.6774638268266019,3.9,14627.0,0.54,37.6,Mixed,Low,0,Monday,January,1,False,True,False,False,False,False,False,False,True,False,False,False,0.0,Low,3.435920817720541,1.3711807233098425,4.824935232725927,0.009492704075647248,0.28501916284195544,0,-0.9768804032150255,0.09319479936605132,0
T00360,R0135,Zone_8,0.0346233467934838,-0.42192243663376533,0.08825113167499393,2024-08-06,1.0,Reyansh Patel,38.0,Female,Ahmedabad,2026-02-14 00:03:47.581311,0.16831122664114473,1.3809839546849962,3.47,4516.0,1.93,31.0,Business,Low,0,Tuesday,August,0,True,False,False,False,False,False,False,False,False,False,True,False,0.0,Low,4.925077405734609,2.2235418856535927,6.786751800382861,0.13750069735024334,-0.1852135518341216,0,-1.5300216857597975,0.6893753966844082,0
T00361,R0205,Zone_8,-1.5059474190353406,-1.4123122226699452,-1.4597492797016345,2024-04-13,1.0,Diya Singh,31.0,Female,Surat,2024-07-09 00:03:47.581311,-1.394663697786165,1.3809839546849962,4.66,4516.0,1.93,31.0,Business,Low,0,Saturday,April,0,True,False,False,False,False,False,False,False,False,False,True,False,0.0,Low,2.989714201228428,0.9707789171582248,3.5071355833500366,-1.0042585777013,-1.9956627594048362,0,0.5576405741672453,2.4779171886394784,0
T00362,R0011,Zone_8,0.8515926923087694,1.0372596711102982,1.8613172962928517,2024-04-20,1.0,Vivaan Nair,26.0,Male,Chennai,2024-08-06 00:03:47.581311,0.5590549577479722,-0.7295764288901869,4.0,4516.0,1.93,31.0,Business,Low,0,Saturday,April,1,False,True,False,False,False,False,False,False,False,False,True,False,0.0,Low,5.60818892137207,2.5447466501440172,9.787747442593725,-0.009495693903703363,0.4865107408090695,0,0.45771827796560915,-0.701712663725091,1
T00363,R0163,Zone_9,-0.8150247725424135,-0.5527618455710095,-0.36950081478877894,2023-01-09,0.0,Kavya Gupta,33.0,Female,Ahmedabad,2025-10-01 00:03:47.581311,-1.7854074288929924,-0.026056301031792503,3.56,11037.0,1.83,56.1,Mixed,Low,0,Monday,January,0,False,False,True,False,False,False,False,False,False,False,False,True,0.0,Low,4.63336884034677,1.7227665977411035,6.44980619863884,-1.077429387156216,-0.7180680566002327,0,-1.0446848184947073,1.285555994002765,0
T00364,R0289,Zone_2,-0.7286594417307976,-0.6064470739017621,-0.4140409726105984,2023-10-20,0.0,Aarav Gupta,21.0,Female,Chennai,2023-10-02 00:03:47.581311,0.16831122664114473,1.3809839546849962,4.17,6371.0,0.91,58.4,Residential,Low,0,Friday,October,0,True,False,False,False,True,False,False,False,False,False,False,False,0.0,Low,4.599856091164322,1.7867469274045107,6.3063460101710245,0.1028796096551321,0.7679001936249273,0,1.5604321896193805,0.6893753966844082,0
T00365,R0025,Zone_6,-0.030734200847739115,-0.48734214110238755,0.8639593670142927,2024-03-19,1.0,Meera Das,21.0,Male,Mumbai,2024-12-11 00:03:47.581311,-1.0039199666793377,-1.4330965567485814,4.01,14627.0,0.54,37.6,Mixed,Low,0,Tuesday,March,1,True,False,False,False,False,False,False,False,True,False,False,False,0.0,Low,5.281883060084612,2.192770226986839,6.620422947214173,0.8004576957672684,0.45956684332517017,0,0.004499291622473319,-1.0991663952706623,1
T00366,R0096,Zone_6,0.6531858512550573,1.3092061556054222,-0.16007010219886675,2024-01-16,1.0,Reyansh Das,40.0,Male,Kolkata,2025-11-08 00:03:47.581311,-1.0039199666793377,1.3809839546849962,4.46,14627.0,0.54,37.6,Mixed,Low,0,Tuesday,January,1,True,False,False,False,False,False,False,False,True,False,False,False,0.0,Low,4.777441406928545,2.4756977107026903,10.250365847129554,-1.5378652995382918,-1.9079995989433145,0,-1.1802936490540707,1.7625004718574506,0
T00367,R0289,Zone_2,-0.21980424938127657,0.17594912259068204,0.20137524932864181,2024-05-24,1.0,Aarav Gupta,21.0,Female,Chennai,2024-08-12 00:03:47.581311,0.16831122664114473,-0.7295764288901869,4.17,6371.0,0.91,58.4,Residential,Low,0,Friday,May,0,True,False,False,False,True,False,False,False,False,False,False,False,0.0,Low,4.985727658390071,2.0980179272527715,8.151073548925932,0.1028796096551321,0.7679001936249273,0,0.4363063573509728,-0.6520309472818946,0
T00368,R0046,Zone_5,1.8949792564382917,0.9777072047106109,2.026996172438322,2024-04-29,0.0,Vivaan Singh,31.0,Male,Kolkata,2025-08-31 00:03:47.581311,0.16831122664114473,-0.7295764288901869,3.87,2590.0,1.31,43.9,Business,Low,0,Monday,April,1,False,False,False,False,False,False,False,True,False,False,False,False,0.0,Low,5.6534010450952765,2.845490610223448,9.683491106000975,1.1260432438787409,0.8854537812536175,0,-0.9340565619857528,-0.6520309472818946,0
T00369,R0176,Zone_3,1.901981850828422,0.6159919777607857,1.3094923321287169,2024-07-10,1.0,Kavya Gupta,43.0,Male,Mumbai,2025-02-26 00:03:47.581311,-0.6131762355725101,-0.026056301031792503,3.95,12971.0,2.11,38.0,Business,Low,0,Wednesday,July,1,True,False,False,False,False,True,False,False,False,False,False,False,0.0,Low,5.440901410003829,2.847232265235547,9.024411338142782,4.175154357338968,3.600907222673888,0,-0.27028702293202633,0.09319479936605132,0
T00370,R0263,Zone_8,1.981344587249907,2.027356095243032,0.6886892474440649,2023-07-30,1.0,Ishaan Das,31.0,Female,Chennai,2025-09-21 00:03:47.581311,1.7312861510684545,1.3809839546849962,3.84,4516.0,1.93,31.0,Business,Low,0,Sunday,July,0,False,True,False,False,False,False,False,False,False,False,True,False,0.0,Low,5.211669559822364,2.866761892257031,11.382003338604326,0.3692901071671584,-0.09128086669907033,0,-1.00899828413698,0.09319479936605132,0
T00371,R0122,Zone_2,-0.29449858954267416,-0.6624791974600888,-0.20474164691691565,2023-04-09,1.0,Ishaan Patel,27.0,Male,Kolkata,2026-01-25 00:03:47.581311,-2.17615115999982,-1.4330965567485814,4.98,6371.0,0.91,58.4,Residential,Low,0,Sunday,April,1,False,False,True,False,True,False,False,False,False,False,False,False,0.0,Low,4.748404354073999,2.057962510002712,6.153048025166064,0.09919651521948218,1.5209455836189083,0,-1.4586486170443431,-1.0991663952706623,0
T00372,R0039,Zone_5,-1.7510382226899264,-1.6795649167099218,-1.486158045843775,2023-08-02,0.0,Aadhya Iyer,24.0,Male,Chennai,2025-12-11 00:03:47.581311,-0.22243250446568272,-1.4330965567485814,4.2,2590.0,1.31,43.9,Business,Low,0,Wednesday,August,1,False,True,False,False,False,False,False,True,False,False,False,False,0.0,Low,2.8831233291713367,0.4637340162321401,1.786057109949175,-1.9178764602817142,-1.7995492572519067,0,-1.2980592124345705,-1.0991663952706623,0
T00373,R0056,Zone_7,1.4024634509990763,1.830216896126825,0.908499524836112,2024-04-20,1.0,Meera Patel,40.0,Female,Hyderabad,2024-12-29 00:03:47.581311,0.5590549577479722,0.6774638268266019,3.25,11070.0,0.64,45.2,Industrial,Low,0,Saturday,April,0,True,False,False,False,False,False,False,False,False,True,False,False,0.0,Low,5.2989671553895334,2.714694743820879,11.08286966448672,-0.432478628202369,-0.8547708734419384,0,-0.059736470221435696,0.09319479936605132,0
T00374,R0168,Zone_8,-0.5069106193766485,-0.11506588562847969,0.18521466109240656,2023-02-27,0.0,Diya Das,23.0,Female,Pune,2023-09-17 00:03:47.581311,-1.0039199666793377,-1.4330965567485814,4.03,4516.0,1.93,31.0,Business,Low,0,Monday,February,0,False,False,False,False,False,False,False,False,False,False,True,False,0.0,Low,4.977285314414702,1.9344157696295783,7.517978451685001,-0.64095814256877,-0.5328911995468982,0,1.6139619911559713,-1.0991663952706623,1
T00375,R0129,Zone_2,0.022952356143265268,0.14690629414945536,-0.03459561629964083,2023-11-11,0.0,Vivaan Singh,35.0,Male,Hyderabad,2025-09-08 00:03:47.581311,1.3405424199616272,-0.026056301031792503,3.9,6371.0,0.91,58.4,Residential,Low,0,Saturday,November,1,False,False,True,False,True,False,False,False,False,False,False,False,0.0,Low,4.854760907317149,2.2181159363675955,8.090117428072352,0.046695678173123416,0.12664997458493465,0,-0.9626057894719345,-0.4487875618324548,0
T00376,R0110,Zone_1,0.7115408045061492,0.22406047475594673,0.5286600078364657,2024-05-07,0.0,Vivaan Patel,19.0,Male,Kolkata,2024-11-14 00:03:47.581311,-0.22243250446568272,-0.026056301031792503,4.43,4921.0,2.43,30.9,Residential,Low,0,Tuesday,May,1,False,False,False,False,False,False,False,False,False,False,False,False,0.0,Low,5.142949279314339,2.4965057856313524,8.251060537894507,0.24231104186188815,0.23799116916143737,0,0.10085293438833684,-0.07714251415347918,0
T00377,R0197,Zone_4,-1.8840875161024158,-1.7675734877439424,-1.486158045843775,2024-03-11,0.0,Saanvi Das,29.0,Female,Bengaluru,2024-08-20 00:03:47.581311,0.9497986888547996,-1.4330965567485814,3.87,4038.0,2.46,48.2,Business,Low,0,Monday,March,0,False,True,False,False,False,False,True,False,False,False,False,False,0.0,Low,2.8831233291713367,0.019802627296179712,0.43588989435406733,-0.5796714511595517,-1.035400764153252,0,0.407757129864791,-1.0991663952706623,0
T00378,R0053,Zone_6,1.880974067658029,0.7614994818703669,1.3569230016675864,2023-06-30,0.0,Arjun Reddy,45.0,Female,Delhi,2025-12-31 00:03:47.581311,-1.394663697786165,-1.4330965567485814,4.85,14627.0,0.54,37.6,Mixed,Low,0,Friday,June,0,True,False,False,False,False,False,False,False,True,False,False,False,0.0,Low,5.4564316096417285,2.8419981736119486,9.2951600308978,1.7138651158085034,1.2694759406283251,0,-1.369432281150025,-1.0991663952706623,0
T00379,R0288,Zone_5,0.9986471745015206,0.40477140727913585,1.0007331259892605,2023-04-21,0.0,Diya Ghosh,42.0,Female,Ahmedabad,2025-03-17 00:03:47.581311,0.16831122664114473,0.6774638268266019,4.56,2590.0,1.31,43.9,Business,Low,0,Friday,April,0,False,True,False,False,False,False,False,True,False,False,False,False,0.0,Low,5.333443168523411,2.5930133911138515,8.616263691415206,-0.932069926762557,-0.9116905914431296,0,-0.33809143821170806,0.2422399486956406,0
T00380,R0095,Zone_3,0.38942146256012206,0.9202082716350508,-0.29158838532465214,2024-06-20,1.0,Kavya Iyer,29.0,Female,Chennai,2024-07-22 00:03:47.581311,1.7312861510684545,-1.4330965567485814,4.26,12971.0,2.11,38.0,Business,Low,0,Thursday,June,0,False,False,True,False,False,True,False,False,False,False,False,False,0.0,Low,4.689419418432991,2.3758355547336385,9.581753492967767,-0.125226705726133,-0.16477424028860577,0,0.5112480795022,-1.0991663952706623,0
T00381,R0184,Zone_10,1.01732075954187,0.15248017031494326,1.234207640589181,2023-01-16,1.0,Meera Nair,29.0,Male,Surat,2024-07-08 00:03:47.581311,0.16831122664114473,0.6774638268266019,3.97,2440.0,1.54,35.4,Industrial,Low,0,Monday,January,1,True,False,False,True,False,False,False,False,False,False,False,False,0.0,Low,5.415744783424001,2.598979106047848,8.101851640211638,0.32607513245553066,0.7142263411364674,0,0.5612092276030181,0.2422399486956406,0
T00382,R0012,Zone_7,0.6275096718245766,0.667036948960518,-0.4890628903576748,2023-05-25,1.0,Aarav Das,31.0,Female,Hyderabad,2024-01-11 00:03:47.581311,-1.0039199666793377,0.6774638268266019,3.31,11070.0,0.64,45.2,Industrial,Low,0,Thursday,May,0,False,True,False,False,False,False,False,False,False,True,False,False,0.0,Low,4.540738325828703,2.4664031782234406,9.120307012376283,-1.3375049622389241,-1.94707118856078,0,1.1999981926063354,1.0470837550754222,0
T00383,R0195,Zone_6,0.11398608321496866,0.6300733491262291,0.39057237989920246,2023-11-28,1.0,Aadhya Reddy,33.0,Female,Kolkata,2024-08-14 00:03:47.581311,0.5590549577479722,-1.4330965567485814,4.97,14627.0,0.54,37.6,Mixed,Low,0,Tuesday,November,0,True,False,False,False,False,False,False,False,True,False,False,False,0.0,Low,5.0796014985609785,2.259677591982769,9.050966799187808,-0.1640219671149804,-0.4615941796508422,0,0.4291690504794273,-1.0991663952706623,0
T00384,R0067,Zone_4,-0.3808639203542901,-0.06666117155976833,-0.021851087365373917,2023-01-28,0.0,Saanvi Iyer,32.0,Male,Pune,2025-02-04 00:03:47.581311,2.122029882175282,-0.7295764288901869,3.38,4038.0,2.46,48.2,Business,Low,0,Saturday,January,1,True,False,False,False,False,False,True,False,False,False,False,False,0.0,Low,4.862289952857232,2.0095554142156695,7.626925986267338,0.35712645169762713,0.4338649281973977,0,-0.19177664734502645,-0.8240061195852668,0
T00385,R0110,Zone_3,-0.8850507164437236,-1.1280445382300583,-0.6236030720967403,2024-04-30,1.0,Vivaan Patel,19.0,Female,Kolkata,2025-05-18 00:03:47.581311,-0.22243250446568272,-0.7295764288901869,4.43,12971.0,2.11,38.0,Business,Low,0,Tuesday,April,0,False,False,False,False,False,True,False,False,False,False,False,False,0.0,Low,4.425086124134329,1.667706820558076,4.689349635077342,0.24231104186188815,0.23799116916143737,0,-0.5593479512296169,-0.5881544547120707,0
T00386,R0009,Zone_2,0.3147271223987244,0.8726836432766795,1.3113317486759306,2023-08-08,0.0,Diya Patel,42.0,Male,Ahmedabad,2025-11-22 00:03:47.581311,-0.22243250446568272,0.6774638268266019,4.11,6371.0,0.91,58.4,Residential,Low,0,Tuesday,August,1,False,True,False,False,True,False,False,False,False,False,False,False,0.0,Low,5.441508206138953,2.3456445824544927,9.496841580230766,0.6935427258638249,0.03073324454087231,0,-1.2302547971548887,0.43386942640511234,1
T00387,R0275,Zone_3,0.4010924532103406,-0.2731879515862703,-0.39788038437436296,2024-03-04,1.0,Ishaan Das,21.0,Female,Jaipur,2024-02-04 00:03:47.581311,-1.394663697786165,-1.4330965567485814,3.07,12971.0,2.11,38.0,Business,Low,0,Monday,March,0,True,False,False,False,False,True,False,False,False,False,False,False,0.0,Low,4.612145799724517,2.3804716316511167,7.150524456289903,0.21852877493454703,-1.6020545078227966,0,1.1143505101477902,-1.0991663952706623,0
T00388,R0112,Zone_7,1.2437379781561066,1.0929984327651783,0.033988343532187375,2024-08-07,0.0,Meera Nair,41.0,Female,Delhi,2024-10-21 00:03:47.581311,0.9497986888547996,-0.7295764288901869,3.24,11070.0,0.64,45.2,Industrial,Low,0,Wednesday,August,0,True,False,False,False,False,False,False,False,False,True,False,False,0.0,Low,4.8946256849890135,2.668616131856803,9.884331034521255,0.5075780262443694,-0.49438155326572436,0,0.18650061684688218,-0.7414580368796482,0
T00389,R0198,Zone_3,0.21202240467680292,0.33377782664502575,0.29084972566096945,2023-05-25,1.0,Vivaan Kumar,31.0,Female,Mumbai,2025-07-10 00:03:47.581311,-1.394663697786165,-1.4330965567485814,3.85,12971.0,2.11,38.0,Business,Low,0,Thursday,May,0,False,False,True,False,False,True,False,False,False,False,False,False,0.0,Low,5.031221927704644,2.302585092994046,8.474668135095321,0.9934518441953362,0.5667162153598685,0,-0.7484865833255712,-1.0991663952706623,0
T00390,R0296,Zone_10,-1.0181000098562127,-1.1133764430577215,-0.6404205948141234,2024-01-10,1.0,Reyansh Patel,37.0,Male,Hyderabad,2025-08-24 00:03:47.581311,-0.22243250446568272,-1.4330965567485814,3.97,2440.0,1.54,35.4,Industrial,Low,0,Wednesday,January,1,False,True,False,True,False,False,False,False,False,False,False,False,0.0,Low,4.409641801706855,1.5539252025038417,4.742362280551751,1.920960254361632,1.2824029984694925,0,-0.9090759879353437,-1.0991663952706623,0
T00391,R0094,Zone_2,-1.860745534801979,-1.7479182402130111,-1.486158045843775,2024-05-15,0.0,Diya Iyer,41.0,Male,Delhi,2024-11-01 00:03:47.581311,-0.6131762355725101,-1.4330965567485814,4.87,6371.0,0.91,58.4,Residential,Low,0,Wednesday,May,1,True,False,False,False,True,False,False,False,False,False,False,False,0.0,Low,2.8831233291713367,0.11332868530700317,0.9273618495495703,-0.081520651756418,-0.09199706899042197,0,0.14724542905338223,-1.0991663952706623,0
T00392,R0014,Zone_1,-0.17078608865035944,0.1659748178734929,0.5466600126199149,2023-05-07,0.0,Aarav Das,26.0,Female,Ahmedabad,2024-09-20 00:03:47.581311,-0.6131762355725101,1.3809839546849962,3.0,4921.0,2.43,30.9,Residential,Low,0,Sunday,May,0,False,False,True,False,False,False,False,False,False,False,False,False,0.0,Low,5.150918839543312,2.1234584270966104,8.130190649671137,-0.624654311200292,0.5569923919426626,0,0.2971288733558366,1.285555994002765,1
T00393,R0173,Zone_7,-0.054076182148175764,-0.16845775205578561,0.3904409930029727,2023-06-03,1.0,Saanvi Ghosh,26.0,Male,Mumbai,2026-01-14 00:03:47.581311,-0.22243250446568272,-1.4330965567485814,4.28,11070.0,0.64,45.2,Industrial,Low,0,Saturday,June,1,True,False,False,False,False,False,False,False,False,True,False,False,0.0,Low,5.0795392727434665,2.1815467646169897,7.395944834840239,-0.5557629067087025,-0.2286106884771609,0,-1.4193934292508432,-1.0991663952706623,0
T00394,R0068,Zone_4,-0.13577311669970446,0.2982810363279709,-0.2603183040220179,2023-05-28,1.0,Meera Singh,30.0,Male,Ahmedabad,2024-12-08 00:03:47.581311,0.5590549577479722,1.3809839546849962,4.97,4038.0,2.46,48.2,Business,Low,0,Sunday,May,1,False,False,False,False,False,False,True,False,False,False,False,False,0.0,Low,4.711060561245524,2.1412419425852827,8.402975663418287,-0.06711566018587507,-0.22010545833589992,0,0.015205251929791488,0.4906485309116225,0
T00395,R0051,Zone_9,-1.8070589778109747,-1.708021021344255,-1.486158045843775,2024-08-15,1.0,Aarav Nair,21.0,Male,Kolkata,2025-09-27 00:03:47.581311,0.9497986888547996,0.6774638268266019,4.02,11037.0,1.83,56.1,Mixed,Low,0,Thursday,August,1,False,False,False,False,False,False,False,False,False,False,False,True,0.0,Low,2.8831233291713367,0.3001045924503381,1.489966442575134,-1.280932631707338,-0.588556645330157,0,-1.0304102047516164,-0.02604132009762001,0
T00396,R0208,Zone_3,1.232066987505888,0.9005530241041195,0.8681637476936384,2023-01-22,1.0,Aadhya Iyer,24.0,Male,Chennai,2025-04-17 00:03:47.581311,-0.6131762355725101,-0.7295764288901869,4.75,12971.0,2.11,38.0,Business,Low,0,Sunday,January,1,True,False,False,False,False,True,False,False,False,False,False,False,0.0,Low,5.283508250894329,2.6651427000909336,9.546727187890099,0.08544629599305494,-0.9793717079759219,0,-0.4487196947206625,-0.5029857979523055,0
T00397,R0256,Zone_1,1.2297327893758443,0.31500266482443506,1.7337406200539531,2024-07-08,0.0,Aadhya Sharma,31.0,Male,Delhi,2025-01-28 00:03:47.581311,-0.6131762355725101,-0.7295764288901869,3.65,4921.0,2.43,30.9,Residential,Low,0,Monday,July,1,False,True,False,False,False,False,False,False,False,False,False,False,0.0,Low,5.571925869268458,2.664446563620078,8.436824046997781,-0.6973340413971207,-0.14378400390358864,0,-0.16679607329461738,-0.5029857979523055,0
T00398,R0124,Zone_10,-0.9830870379055578,-0.6668796260117897,-0.4731650759138986,2023-10-02,0.0,Aadhya Das,37.0,Male,Hyderabad,2026-03-19 00:03:47.581311,-1.0039199666793377,-0.7295764288901869,3.59,2440.0,1.54,35.4,Industrial,Low,0,Monday,October,1,False,False,False,True,False,False,False,False,False,False,False,False,0.0,Low,4.553561052254861,1.5851452198650557,6.140846847137616,0.25005606330371205,-0.04340549814636548,0,-1.6477872491402974,-0.383749678488634,0
T00399,R0129,Zone_6,0.9192844380800358,0.6872789202983427,1.6026164976168564,2024-06-25,1.0,Vivaan Singh,35.0,Female,Hyderabad,2026-03-20 00:03:47.581311,1.3405424199616272,-0.7295764288901869,3.9,14627.0,0.54,37.6,Mixed,Low,0,Tuesday,June,0,False,False,True,False,False,False,False,False,True,False,False,False,0.0,Low,5.533231373461162,2.567254391136754,9.158056562393574,0.046695678173123416,0.12664997458493465,0,-1.65135590257607,-0.7739769785515586,0
T00400,R0254,Zone_3,1.089680901573224,1.0102703759931986,1.5537405722194615,2024-01-01,0.0,Meera Kumar,18.0,Female,Delhi,2025-03-16 00:03:47.581311,-0.22243250446568272,-0.7295764288901869,3.68,12971.0,2.11,38.0,Business,Low,0,Monday,January,0,False,True,False,False,False,True,False,False,False,False,False,False,0.0,Low,5.518416287676021,2.6217658325051976,9.740636529508736,2.165938649967161,1.4389443564364945,0,-0.33452278477593533,-0.5881544547120707,0
T00401,R0273,Zone_2,0.022952356143265268,0.25398338890751365,-0.31142780665531516,2024-01-29,1.0,Aadhya Nair,43.0,Male,Delhi,2024-11-23 00:03:47.581311,-1.0039199666793377,-0.7295764288901869,3.76,6371.0,0.91,58.4,Residential,Low,0,Monday,January,1,False,True,False,False,True,False,False,False,False,False,False,False,0.0,Low,4.675442238973423,2.2181159363675955,8.312640976248161,1.7362583299772565,0.6311909493267607,0,0.06873505346638233,-0.383749678488634,0
T00402,R0258,Zone_6,-1.1278073219682656,-0.9080231106450066,-1.1257637894861032,2024-06-20,1.0,Vivaan Nair,32.0,Female,Jaipur,2025-06-17 00:03:47.581311,-1.0039199666793377,-0.7295764288901869,3.76,14627.0,0.54,37.6,Mixed,Low,0,Thursday,June,0,False,False,True,False,False,False,False,False,True,False,False,False,0.0,Low,3.8133070324889884,1.449269160281279,5.430469592954186,-1.3233618796060271,-0.9954036208054234,0,-0.6664075543027986,-0.383749678488634,0
T00403,R0009,Zone_3,1.86230048261768,2.7625210252805514,0.027024838032020892,2024-03-08,0.0,Diya Patel,42.0,Female,Ahmedabad,2025-05-10 00:03:47.581311,-0.22243250446568272,0.6774638268266019,4.11,12971.0,2.11,38.0,Business,Low,0,Friday,March,0,True,False,False,False,False,True,False,False,False,False,False,False,0.0,Low,4.890649834884672,2.837322536806349,12.434226956268734,0.6935427258638249,0.03073324454087231,0,-0.5307987237434351,0.43386942640511234,0
T00404,R0266,Zone_4,0.42210023638073363,0.9589320428900198,0.2660176022735832,2023-05-02,0.0,Diya Reddy,29.0,Female,Chennai,2025-07-21 00:03:47.581311,0.5590549577479722,-1.4330965567485814,3.9,4038.0,2.46,48.2,Business,Low,0,Tuesday,May,0,False,True,False,False,False,False,True,False,False,False,False,False,0.0,Low,5.018801856762649,2.388762789235098,9.650388593212192,0.009492704075647248,0.28501916284195544,0,-0.7877417711190712,-1.0991663952706623,0
T00405,R0079,Zone_4,-0.3155063727130672,-0.7378732066458998,-0.5229607095849003,2024-03-01,1.0,Ishaan Nair,25.0,Female,Bengaluru,2025-01-08 00:03:47.581311,-1.394663697786165,-0.026056301031792503,4.92,4038.0,2.46,48.2,Business,Low,0,Friday,March,0,False,False,True,False,False,False,True,False,False,False,False,False,0.0,Low,4.512835574785296,2.046401687601636,5.940538696111658,0.6030438340164215,0.7642227703212535,0,-0.09542300457916292,0.6893753966844082,0
T00406,R0283,Zone_1,0.8796030698692934,1.6016879733418181,1.9020472341240142,2024-02-27,1.0,Diya Nair,19.0,Male,Surat,2024-05-21 00:03:47.581311,-0.22243250446568272,1.3809839546849962,3.55,4921.0,2.43,30.9,Residential,Low,0,Tuesday,February,1,False,False,True,False,False,False,False,False,False,False,False,False,0.0,Low,5.619494658133612,2.554121718809473,10.725670142233538,-0.0565457637737237,0.5216544986660485,0,0.7325045925201088,0.9448813669637038,1
T00407,R0106,Zone_1,1.8716372751378545,0.7318699296222464,0.36403222686083203,2024-05-08,0.0,Aarav Patel,32.0,Female,Bengaluru,2025-01-13 00:03:47.581311,-1.394663697786165,-0.026056301031792503,4.03,4921.0,2.43,30.9,Residential,Low,0,Wednesday,May,0,False,False,False,False,False,False,False,False,False,False,False,False,0.0,Low,5.066952613574751,2.839663087904102,9.240670971309388,1.0759531595538996,-0.6719556475339347,0,-0.11326627175802653,0.6893753966844082,0
T00408,R0132,Zone_5,-0.6026127427084391,-0.5251858266470164,-0.5843183901241029,2024-02-15,0.0,Aadhya Iyer,23.0,Female,Surat,2025-04-19 00:03:47.581311,1.3405424199616272,-0.026056301031792503,3.32,2590.0,1.31,43.9,Business,Low,0,Thursday,February,0,False,True,False,False,False,False,False,True,False,False,False,False,0.0,Low,4.460260014192283,1.873339456220478,6.522269543648131,-1.0504646715303652,-0.9341307618375628,0,-0.45585700159220793,-0.4487875618324548,0
T00409,R0186,Zone_8,0.7862351446675467,1.4975444976182266,0.03898104558891044,2023-10-10,1.0,Ishaan Sharma,18.0,Male,Hyderabad,2026-02-05 00:03:47.581311,-0.22243250446568272,-1.4330965567485814,3.26,4516.0,1.93,31.0,Business,Low,0,Tuesday,October,1,False,True,False,False,False,False,False,False,False,False,True,False,0.0,Low,4.897466595990617,2.522523513359307,10.558882516630252,1.0050272838502368,0.13665248011251213,0,-1.497903804837843,-1.0991663952706623,0
T00410,R0098,Zone_10,2.2474431740748857,1.5714716972868044,2.026996172438322,2023-09-08,1.0,Diya Singh,21.0,Male,Bengaluru,2023-12-03 00:03:47.581311,0.16831122664114473,-1.4330965567485814,3.5,2440.0,1.54,35.4,Industrial,Low,0,Friday,September,1,False,True,False,True,False,False,False,False,False,False,False,False,0.0,Low,5.6534010450952765,2.929592471049446,10.677546534667972,0.452036962154766,0.06650400733423714,0,1.3391756766014717,-1.0991663952706623,0
T00411,R0103,Zone_4,-1.3238799648919342,-1.151513490505797,-1.1943477493179313,2023-06-18,0.0,Ishaan Gupta,37.0,Female,Surat,2025-02-26 00:03:47.581311,0.5590549577479722,-1.4330965567485814,3.07,4038.0,2.46,48.2,Business,Low,0,Sunday,June,0,True,False,False,False,False,False,True,False,False,False,False,False,0.0,Low,3.6908774567766094,1.2296405510745139,4.603259714593562,-0.09134223691815115,0.09274639385583802,0,-0.27028702293202633,-1.0991663952706623,0
T00412,R0153,Zone_7,-0.6633018940895746,-0.332447056082511,-0.8629899970269912,2023-01-07,0.0,Aadhya Ghosh,20.0,Female,Mumbai,2024-12-09 00:03:47.581311,-1.0039199666793377,-0.7295764288901869,4.54,11070.0,0.64,45.2,Industrial,Low,0,Saturday,January,0,False,False,False,False,False,False,False,False,False,True,False,False,0.0,Low,4.178992036282385,1.8325814637483102,7.0078527381787925,-1.3693268981629414,-1.249269786847839,0,0.011636598494018765,-0.383749678488634,0
T00413,R0172,Zone_8,-0.7193226492106228,-0.5967661310880199,-1.0105374814927826,2024-01-02,0.0,Reyansh Reddy,31.0,Female,Pune,2024-01-02 00:03:47.581311,1.3405424199616272,0.6774638268266019,3.72,4516.0,1.93,31.0,Business,Low,0,Tuesday,January,0,False,True,False,False,False,False,False,False,False,False,True,False,0.0,Low,3.9902795033939134,1.7934247485471162,6.332456079595025,-0.22277290380971576,-0.04607998782176537,0,1.23211607352829,-0.12359814511335115,0
T00414,R0049,Zone_8,-0.2057990606010146,0.21115255100429042,0.4545577983629963,2024-02-08,0.0,Meera Iyer,39.0,Female,Mumbai,2026-02-24 00:03:47.581311,-0.6131762355725101,-0.7295764288901869,4.4,4516.0,1.93,31.0,Business,Low,0,Thursday,February,0,False,False,True,False,False,False,False,False,False,False,True,False,0.0,Low,5.10945446171066,2.105352923464337,8.224354077980836,0.9644781679682218,1.0635677818645393,0,-1.5657082201175248,-0.5029857979523055,1
T00415,R0245,Zone_10,-0.26648821198215006,-0.7114706353356937,0.19493729141339344,2023-07-01,0.0,Diya Sharma,35.0,Female,Hyderabad,2024-05-27 00:03:47.581311,-1.0039199666793377,0.6774638268266019,4.73,2440.0,1.54,35.4,Industrial,Low,0,Saturday,July,0,False,True,False,True,False,False,False,False,False,False,False,False,0.0,Low,4.9823729843782845,2.0731719286662407,6.015812497078013,-0.08702073944698879,0.6704608718864474,0,0.7110926719054724,1.0470837550754222,0
T00416,R0123,Zone_8,0.3287323111789866,-0.3277532656273631,1.18125872140867,2024-05-26,1.0,Meera Ghosh,32.0,Female,Bengaluru,2024-09-27 00:03:47.581311,-1.394663697786165,0.6774638268266019,3.31,4516.0,1.93,31.0,Business,Low,0,Sunday,May,0,False,False,False,False,False,False,False,False,False,False,True,False,0.0,Low,5.397664840048735,2.3513752571634776,7.019259220174163,0.7857253180246687,1.613500956655205,0,0.27214829930542755,1.5836462926619435,1
T00417,R0030,Zone_8,-0.9784186416454704,-0.9960316816790272,-1.0025228808227795,2024-04-23,0.0,Saanvi Patel,25.0,Male,Mumbai,2026-01-02 00:03:47.581311,1.3405424199616272,-0.026056301031792503,3.72,4516.0,1.93,31.0,Business,Low,0,Tuesday,April,1,False,False,False,False,False,False,False,False,False,False,True,False,0.0,Low,4.001498011855749,1.589235205116581,5.146843692983108,-0.4263475780711049,0.3973443902703131,0,-1.3765695880215705,-0.4487875618324548,0
T00418,R0261,Zone_3,-0.7473330267711469,-0.7581151779837245,-0.27569057088087595,2023-06-04,1.0,Aarav Kumar,31.0,Female,Pune,2025-09-10 00:03:47.581311,-0.6131762355725101,-0.026056301031792503,4.24,12971.0,2.11,38.0,Business,Low,0,Sunday,June,0,True,False,False,False,False,True,False,False,False,False,False,False,0.0,Low,4.700480365792417,1.7732559976634952,5.882176467941097,0.060892333088721017,-0.7171314843730796,0,-0.96974309634348,0.09319479936605132,0
T00419,R0171,Zone_1,0.3310665093090302,-0.03497808598752092,-0.5751213073880341,2024-07-02,0.0,Kavya Singh,23.0,Female,Jaipur,2025-01-31 00:03:47.581311,-1.394663697786165,0.6774638268266019,4.3,4921.0,2.43,30.9,Residential,Low,0,Tuesday,July,0,False,False,False,False,False,False,False,False,False,False,False,False,0.0,Low,4.468319003238894,2.3523271848888596,7.697402159170326,-2.982816908532554,-3.0474058242556894,0,-0.17750203360193556,1.5836462926619435,0
T00420,R0232,Zone_10,0.15833584768579834,0.5303303019543388,0.7687038672478645,2023-05-16,1.0,Meera Das,38.0,Male,Jaipur,2024-05-14 00:03:47.581311,2.122029882175282,0.6774638268266019,3.94,2440.0,1.54,35.4,Industrial,Low,0,Tuesday,May,1,False,False,False,True,False,False,False,False,False,False,False,False,0.0,Low,5.244336252681523,2.2793164660546914,8.861151166750288,-0.5435884582884439,-0.5039447609027993,0,0.7574851665705179,-0.2736855682144758,0
T00421,R0132,Zone_8,0.9986471745015206,0.5834288064781981,0.37296653580444195,2024-04-25,1.0,Aadhya Iyer,23.0,Male,Surat,2024-09-22 00:03:47.581311,1.3405424199616272,-0.7295764288901869,3.32,4516.0,1.93,31.0,Business,Low,0,Thursday,April,1,False,False,True,False,False,False,False,False,False,False,True,False,0.0,Low,5.071228542871542,2.5930133911138515,8.962700485902673,-1.0504646715303652,-0.9341307618375628,0,0.28999156648429114,-0.7739769785515586,0
T00422,R0298,Zone_1,0.4571132083313888,0.04129600890863043,-0.30761758666465816,2024-07-13,0.0,Vivaan Singh,35.0,Male,Ahmedabad,2024-10-02 00:03:47.581311,-0.22243250446568272,-0.7295764288901869,3.88,4921.0,2.43,30.9,Residential,Low,0,Saturday,July,1,False,False,False,False,False,False,False,False,False,False,False,False,0.0,Low,4.678141798443914,2.402430427963762,7.864477096412704,0.5512700493781397,0.10940531162172483,0,0.2543050321265639,-0.5881544547120707,0
T00423,R0126,Zone_4,0.8796030698692934,0.6922660726569373,-0.333106644533192,2024-05-13,1.0,Diya Reddy,29.0,Male,Surat,2025-11-06 00:03:47.581311,-0.6131762355725101,-0.026056301031792503,3.65,4038.0,2.46,48.2,Business,Low,0,Monday,May,1,True,False,False,False,False,False,True,False,False,False,False,False,0.0,Low,4.659942421835071,2.554121718809473,9.167333309092673,-1.2620751881968093,-1.9879498116518113,0,-1.1731563421825253,0.09319479936605132,0
T00424,R0224,Zone_9,-1.354224540582502,-1.2940873755809108,-1.4050923308701393,2024-07-23,0.0,Ishaan Sharma,29.0,Female,Ahmedabad,2024-12-11 00:03:47.581311,-0.22243250446568272,-1.4330965567485814,4.31,11037.0,1.83,56.1,Mixed,Low,0,Tuesday,July,0,False,False,False,False,False,False,False,False,False,False,False,True,0.0,Low,3.179719109667007,1.1908875647772805,4.04103947023535,-1.2570240872564888,-1.856499144946689,0,0.004499291622473319,-1.0991663952706623,0
T00425,R0280,Zone_7,-0.4695634492959497,-0.5445477122745008,-0.7258220773633348,2023-05-10,0.0,Saanvi Gupta,26.0,Female,Chennai,2024-05-28 00:03:47.581311,-0.6131762355725101,0.6774638268266019,4.43,11070.0,0.64,45.2,Industrial,Low,0,Wednesday,May,0,False,True,False,False,False,False,False,False,False,True,False,False,0.0,Low,4.327306422473649,1.9572739077056285,6.471475874945375,0.21803769567645975,-0.24570509921141584,0,0.7075240184696997,0.6893753966844082,0
T00427,R0116,Zone_7,0.43610542516099576,0.09322106581870254,1.281638310128051,2023-11-16,0.0,Ishaan Kumar,34.0,Female,Bengaluru,2025-08-15 00:03:47.581311,-1.0039199666793377,-0.7295764288901869,4.58,11070.0,0.64,45.2,Industrial,Low,0,Thursday,November,0,True,False,False,False,False,False,False,False,False,True,False,False,0.0,Low,5.431667492744793,2.3942522815198695,7.976214641043708,1.1964640094883718,0.953614202396776,0,-0.8769581070133893,-0.383749678488634,1
T00428,R0252,Zone_6,0.8515926923087694,1.1939149275508552,1.0753608830476482,2024-05-16,0.0,Reyansh Gupta,38.0,Female,Ahmedabad,2024-02-10 00:03:47.581311,3.294261075495764,-0.026056301031792503,4.83,14627.0,0.54,37.6,Mixed,Low,0,Thursday,May,0,False,False,False,False,False,False,False,False,True,False,False,False,0.0,Low,5.360493724974712,2.5447466501440172,10.056838469419702,-1.0701859680994372,-0.8012439342440127,0,1.0929385895331538,-0.6520309472818946,0
T00429,R0022,Zone_7,0.29605353735837503,-0.23593098984853497,1.2176528916642573,2023-02-19,0.0,Aarav Nair,43.0,Female,Kolkata,2024-03-22 00:03:47.581311,-0.22243250446568272,-0.7295764288901869,3.32,11070.0,0.64,45.2,Industrial,Low,0,Sunday,February,0,False,True,False,False,False,False,False,False,False,True,False,False,0.0,Low,5.410127041600043,2.337952236831337,7.238784428341543,-0.3697140220735754,-0.39034648064518024,0,0.9466237986664722,-0.5881544547120707,1
T00430,R0108,Zone_6,0.4757867933717382,-0.23123719939338708,0.5779300939225491,2024-02-23,0.0,Reyansh Gupta,18.0,Female,Pune,2023-11-14 00:03:47.581311,-0.22243250446568272,0.6774638268266019,4.88,14627.0,0.54,37.6,Mixed,Low,0,Friday,February,0,False,False,False,False,False,False,False,False,True,False,False,False,0.0,Low,5.164614530656529,2.4096441652874536,7.249827584156743,-1.0979144076364031,-0.16523859122475718,0,1.4069800918811535,0.43386942640511234,0
T00431,R0036,Zone_2,-0.2898301932825869,0.023400932798379563,0.04725842005137278,2024-02-26,0.0,Aadhya Das,30.0,Male,Surat,2026-04-09 00:03:47.581311,-0.6131762355725101,0.6774638268266019,4.9,6371.0,0.91,58.4,Residential,Low,0,Monday,February,1,True,False,False,False,True,False,False,False,False,False,False,False,0.0,Low,4.9021588177601725,2.060513531794317,7.825599018605541,-0.03928783556096274,0.4808545791235178,0,-1.7227289712915246,0.6893753966844082,0
T00433,R0132,Zone_6,-0.48356863807621187,-0.6862415116392744,-0.42402637672404475,2023-03-20,0.0,Aadhya Iyer,23.0,Female,Surat,2024-08-26 00:03:47.581311,1.3405424199616272,1.3809839546849962,3.32,14627.0,0.54,37.6,Mixed,Low,0,Monday,March,0,False,False,True,False,False,False,False,False,True,False,False,False,0.0,Low,4.5921862584297966,1.9487632180377197,6.08687111741328,-1.0504646715303652,-0.9341307618375628,0,0.3863452092501547,0.20159127160575266,0
T00434,R0113,Zone_6,-0.0657471727983941,0.2443024460937714,0.21819277204602497,2023-05-07,0.0,Aadhya Singh,26.0,Male,Chennai,2024-01-15 00:03:47.581311,0.16831122664114473,-1.4330965567485814,4.61,14627.0,0.54,37.6,Mixed,Low,0,Sunday,May,1,True,False,False,False,False,False,False,False,True,False,False,False,0.0,Low,4.994438159193685,2.175887439948088,8.292767933567175,-0.7155039739463284,0.05253806265286683,0,1.1857235788632445,-1.0991663952706623,0
T00435,R0118,Zone_3,-0.9270662827845096,-0.7939053302042263,-0.4132526512332211,2024-08-03,0.0,Reyansh Gupta,29.0,Male,Surat,2025-04-18 00:03:47.581311,-1.7854074288929924,1.3809839546849962,4.13,12971.0,2.11,38.0,Business,Low,0,Saturday,August,1,False,False,False,False,False,True,False,False,False,False,False,False,0.0,Low,4.600459106257972,1.6331544390514163,5.7775427302617155,-1.6313667902779962,-1.9236017903980045,0,-0.4522883481564352,3.670278383276192,0
T00436,R0155,Zone_1,1.2694141575865867,1.8167222485682755,2.026996172438322,2023-07-05,0.0,Meera Reddy,23.0,Female,Hyderabad,2025-01-10 00:03:47.581311,0.16831122664114473,-0.026056301031792503,3.14,4921.0,2.43,30.9,Residential,Low,0,Wednesday,July,0,True,False,False,False,False,False,False,False,False,False,False,False,0.0,Low,5.6534010450952765,2.6762154775821916,11.062097450302995,-0.2816354494267424,-0.5891103247938563,0,-0.10256031145070837,-0.204895499293127,0
T00437,R0167,Zone_1,-0.6656360922196182,-0.45565905553014013,-0.6973111208815211,2024-02-03,1.0,Kavya Nair,44.0,Male,Hyderabad,2025-08-09 00:03:47.581311,-0.22243250446568272,-0.7295764288901869,4.75,4921.0,2.43,30.9,Residential,Low,0,Saturday,February,1,False,False,False,False,False,False,False,False,False,False,False,False,0.0,Low,4.355554314342767,1.8309801823813363,6.701492371106602,0.6455572669307834,0.7823206512988862,0,-0.8555461863987529,-0.5881544547120707,0
T00438,R0147,Zone_4,-0.09142335222887457,-0.3829053034753495,-0.7354133207880923,2023-11-17,0.0,Saanvi Nair,35.0,Female,Mumbai,2024-09-25 00:03:47.581311,0.16831122664114473,-0.026056301031792503,3.91,4038.0,2.46,48.2,Business,Low,0,Friday,November,0,False,False,True,False,False,False,True,False,False,False,False,False,0.0,Low,4.317621437981545,2.163323025660538,6.884039511798287,-0.08716806322441498,-0.018448602916935477,0,0.27928560617697296,-0.204895499293127,0
T00439,R0177,Zone_4,-0.6376257146590941,-0.34594170364106086,-1.0867418813059249,2023-01-29,1.0,Ishaan Reddy,34.0,Male,Bengaluru,2024-06-10 00:03:47.581311,1.3405424199616272,0.6774638268266019,4.48,4038.0,2.46,48.2,Business,Low,0,Sunday,January,1,False,False,True,False,False,False,True,False,False,False,False,False,0.0,Low,3.8768102496724017,1.8500283773520307,6.974955196988724,0.5084887550502762,0.11712398326918608,0,0.6611315238046543,-0.12359814511335115,0
T00440,R0125,Zone_2,-0.18245707930057797,-0.6780273783427658,0.20610517759290561,2023-09-22,0.0,Saanvi Ghosh,44.0,Female,Ahmedabad,2023-09-11 00:03:47.581311,-0.6131762355725101,1.3809839546849962,3.89,6371.0,0.91,58.4,Residential,Low,0,Friday,September,0,True,False,False,False,True,False,False,False,False,False,False,False,0.0,Low,4.988185165258664,2.1174596088673567,6.109828148156051,0.7091169537631454,1.6511842156771257,0,1.6353739117706076,1.285555994002765,0
T00441,R0259,Zone_6,-0.352853542793766,-0.68213444499102,-0.1796467497370705,2023-05-17,1.0,Aadhya Das,32.0,Male,Jaipur,2025-02-16 00:03:47.581311,0.16831122664114473,1.3809839546849962,3.52,14627.0,0.54,37.6,Mixed,Low,0,Wednesday,May,1,True,False,False,False,False,False,False,False,True,False,False,False,0.0,Low,4.764820003517629,2.0255131996542803,6.09836043539573,1.105417915039101,0.6900958331662902,0,-0.2346004885742991,0.6893753966844082,0
T00442,R0229,Zone_2,-0.07274976718852517,0.30942878865894674,0.6947330446706247,2023-01-12,1.0,Reyansh Ghosh,22.0,Female,Mumbai,2023-10-04 00:03:47.581311,-1.0039199666793377,1.3809839546849962,4.43,6371.0,0.91,58.4,Residential,Low,0,Thursday,January,0,False,False,False,False,True,False,False,False,False,False,False,False,0.0,Low,5.2141745984356085,2.1724764076470255,8.425556361451747,-0.20959412226542554,0.2550855798956923,0,1.553294882747835,1.7625004718574506,1
T00443,R0015,Zone_10,-0.08208655970869987,-0.020896714622077688,0.14277669361025974,2024-08-02,0.0,Saanvi Patel,28.0,Female,Chennai,2024-04-06 00:03:47.581311,-1.0039199666793377,-0.026056301031792503,3.87,2440.0,1.54,35.4,Industrial,Low,0,Friday,August,0,True,False,False,True,False,False,False,False,False,False,False,False,0.0,Low,4.95477016125486,2.167910189667444,7.728518616138541,-1.2326104327116083,-0.27909114448522276,0,0.8930939971298814,0.3316670382933942,0
T00444,R0188,Zone_6,-0.20113066434092716,-0.40168046529594065,0.5796381235735334,2024-06-10,0.0,Vivaan Gupta,24.0,Female,Delhi,2026-03-30 00:03:47.581311,-1.394663697786165,0.6774638268266019,3.15,14627.0,0.54,37.6,Mixed,Low,0,Monday,June,0,False,False,True,False,False,False,False,False,True,False,False,False,0.0,Low,5.165357239291806,2.1077860146889784,6.837397165588672,-1.1663147328699053,-0.44205471200984636,0,-1.6870424369337973,1.5836462926619435,1
T00445,R0133,Zone_3,-0.21747005125123295,-0.5721237311984941,-0.5132380792639132,2024-04-07,1.0,Diya Kumar,25.0,Female,Delhi,2024-04-08 00:03:47.581311,0.5590549577479722,-0.7295764288901869,4.4,12971.0,2.11,38.0,Business,Low,0,Sunday,April,0,True,False,False,False,False,True,False,False,False,False,False,False,0.0,Low,4.5209186335405,2.0992441689760155,6.398437309218556,-0.5195633499697412,-1.2949598202038526,0,0.8859566902583359,-0.701712663725091,0
T00446,R0107,Zone_4,1.5051681687209977,1.8674738578645604,2.026996172438322,2024-08-13,0.0,Reyansh Gupta,33.0,Female,Hyderabad,2024-09-18 00:03:47.581311,-1.0039199666793377,-0.7295764288901869,3.66,4038.0,2.46,48.2,Business,Low,0,Tuesday,August,0,False,True,False,False,False,False,True,False,False,False,False,False,0.0,Low,5.6534010450952765,2.7434173449395014,11.140017953306897,-0.9297127463237406,-0.2653400604912592,0,0.30426618022738205,-0.383749678488634,0
T00447,R0081,Zone_4,1.0079839670216957,0.34111187423119416,-0.30012853357957336,2023-08-19,1.0,Diya Reddy,42.0,Male,Mumbai,2025-12-13 00:03:47.581311,-0.6131762355725101,-0.026056301031792503,3.9,4038.0,2.46,48.2,Business,Low,0,Saturday,August,1,True,False,False,False,False,False,True,False,False,False,False,False,0.0,Low,4.683426683953859,2.596000697293587,8.48940516172953,0.429201776653735,0.1772399000740926,0,-1.305196519306116,0.09319479936605132,0
T00448,R0073,Zone_8,1.0149865614118265,0.5822553588644114,1.084557965783717,2023-01-08,0.0,Meera Das,41.0,Male,Ahmedabad,2025-07-11 00:03:47.581311,0.5590549577479722,1.3809839546849962,3.01,4516.0,1.93,31.0,Business,Low,0,Sunday,January,1,False,False,True,False,False,False,False,False,False,False,True,False,0.0,Low,5.363777338019823,2.5982353350950036,8.960468737739115,0.3787843061568347,0.38877667428145524,0,-0.7520552367613439,0.4906485309116225,0
T00449,R0151,Zone_7,-0.8757139239235489,-0.5917789787294253,-1.051792966908863,2024-01-06,1.0,Meera Reddy,34.0,Male,Hyderabad,2024-10-03 00:03:47.581311,-0.22243250446568272,-1.4330965567485814,5.0,11070.0,0.64,45.2,Industrial,Low,0,Saturday,January,1,False,True,False,False,False,False,False,False,False,True,False,False,0.0,Low,3.9304521408965134,1.6752256529721035,6.345864795282043,0.5276982449899783,0.6015543411035054,0,0.2507363786907912,-1.0991663952706623,0
T00450,R0296,Zone_3,1.4444790173398623,2.35914840804129,2.026996172438322,2024-03-26,0.0,Reyansh Patel,37.0,Female,Hyderabad,2025-01-16 00:03:47.581311,-0.22243250446568272,-0.026056301031792503,3.97,12971.0,2.11,38.0,Business,Low,0,Tuesday,March,0,False,False,False,False,False,True,False,False,False,False,False,False,0.0,Low,5.6534010450952765,2.7265447837383743,11.868445559549912,1.920960254361632,1.2824029984694925,0,-0.1239722320653447,-0.07714251415347918,0
T00451,R0064,Zone_2,1.2997587332771547,2.102456742525396,2.026996172438322,2024-06-13,0.0,Ishaan Nair,21.0,Male,Bengaluru,2025-03-20 00:03:47.581311,-1.0039199666793377,-0.026056301031792503,4.21,6371.0,0.91,58.4,Residential,Low,0,Thursday,June,1,False,False,False,False,True,False,False,False,False,False,False,False,0.0,Low,5.6534010450952765,2.6851226964585053,11.49391143171027,1.8977251900361591,2.3598608737218316,0,-0.34879739851902625,0.3316670382933942,0
T00452,R0087,Zone_3,-0.6679702903496618,-0.9872308245756253,-1.0703185192772304,2023-08-28,1.0,Saanvi Das,26.0,Female,Jaipur,2025-06-24 00:03:47.581311,-1.7854074288929924,0.6774638268266019,3.57,12971.0,2.11,38.0,Business,Low,0,Monday,August,0,True,False,False,False,False,True,False,False,False,False,False,False,0.0,Low,3.9023766283763406,1.8293763327993617,5.175905717843014,0.45080926400954935,-0.18069596815020697,0,-0.6913881283532076,2.4779171886394784,0
T00453,R0230,Zone_4,1.7572615667657145,1.6154759828038148,0.35260156688886063,2023-01-08,1.0,Kavya Gupta,32.0,Female,Chennai,2024-09-17 00:03:47.581311,0.16831122664114473,-0.7295764288901869,3.65,4038.0,2.46,48.2,Business,Low,0,Sunday,January,0,True,False,False,False,False,False,True,False,False,False,False,False,0.0,Low,5.061455143092889,2.810606789427302,10.747557862137798,-0.4473746990309987,-0.4927535703649966,0,0.3078348336631548,-0.6520309472818946,0
T00454,R0168,Zone_9,-0.8196931688025006,-0.46416655073009544,-1.1650484714587404,2023-06-18,1.0,Diya Das,23.0,Male,Pune,2024-08-24 00:03:47.581311,-1.0039199666793377,-0.026056301031792503,4.03,11037.0,1.83,56.1,Mixed,Low,0,Sunday,June,1,True,False,False,False,False,False,False,False,False,False,False,True,0.0,Low,3.7450234647319762,1.7191887763932197,6.679820356865894,-0.64095814256877,-0.5328911995468982,0,0.3934825161217001,0.3316670382933942,0
T00455,R0262,Zone_8,-1.6063179386272186,-1.5366976697313612,-1.3558222447840558,2023-11-04,0.0,Meera Singh,30.0,Male,Ahmedabad,2025-01-23 00:03:47.581311,0.5590549577479722,-0.026056301031792503,3.35,4516.0,1.93,31.0,Business,Low,0,Saturday,November,1,True,False,False,False,False,False,False,False,False,False,True,False,0.0,Low,3.3246762437544124,0.7929925155296614,2.839013913315678,-0.8646283753186516,-0.7437044257983821,0,-0.14895280611575376,-0.3042589321795199,0
T00456,R0134,Zone_5,1.2647457613264996,2.0285295428568184,1.1196382670770084,2024-04-11,0.0,Aadhya Singh,34.0,Female,Jaipur,2025-09-16 00:03:47.581311,-0.22243250446568272,1.3809839546849962,4.59,2590.0,1.31,43.9,Business,Low,0,Thursday,April,0,False,False,True,False,False,False,False,True,False,False,False,False,0.0,Low,5.376203905205108,2.6748380668960965,11.383760362902937,-0.06917351612452413,0.824112235552521,0,-0.9911550169581164,0.9448813669637038,0
T00457,R0035,Zone_4,-0.16144929613018474,0.1985379891560806,-0.062055477611617886,2024-06-06,0.0,Reyansh Das,39.0,Male,Kolkata,2024-09-01 00:03:47.581311,-1.394663697786165,1.3809839546849962,3.49,4038.0,2.46,48.2,Business,Low,0,Thursday,June,1,False,True,False,False,False,False,True,False,False,False,False,False,0.0,Low,4.83834327293948,2.128231705849268,8.19817052762383,-0.49893802113010083,-0.8265727037401066,0,0.3649332886355183,2.4779171886394784,0
T00458,R0049,Zone_8,1.1176912791337483,1.4403389264461135,2.026996172438322,2024-08-12,1.0,Meera Iyer,39.0,Female,Mumbai,2024-04-30 00:03:47.581311,-0.6131762355725101,-1.4330965567485814,4.4,4516.0,1.93,31.0,Business,Low,0,Monday,August,0,False,True,False,False,False,False,False,False,False,False,True,False,0.0,Low,5.6534010450952765,2.6304489550786583,10.466135867644754,0.9644781679682218,1.0635677818645393,0,0.807446314671336,-1.0991663952706623,1
T00459,R0044,Zone_4,-0.9013901033540291,-0.8024128254041816,-1.2612236794987752,2024-06-11,0.0,Arjun Gupta,36.0,Female,Hyderabad,2025-06-16 00:03:47.581311,0.9497986888547996,0.6774638268266019,3.21,4038.0,2.46,48.2,Business,Low,0,Tuesday,June,0,True,False,False,False,False,False,True,False,False,False,False,False,0.0,Low,3.5550623063795967,1.6544112780768316,5.7523908073078625,1.2577507008975908,0.8630421587826856,0,-0.6628389008670259,-0.02604132009762001,0
T00460,R0033,Zone_1,-1.4942764283851224,-1.3424920896496222,-1.203019284469082,2023-12-28,0.0,Diya Iyer,18.0,Female,Chennai,2023-10-18 00:03:47.581311,-1.394663697786165,-1.4330965567485814,3.24,4921.0,2.43,30.9,Residential,Low,0,Thursday,December,0,False,True,False,False,False,False,False,False,False,False,False,False,0.0,Low,3.674273301724574,0.9895411936137477,3.8314488121336034,-2.890002928754171,-2.3121690796986027,0,1.503333734647017,-1.0991663952706623,0
T00461,R0045,Zone_1,1.4164686397793385,1.3931076599911891,1.5939449624657056,2023-10-14,1.0,Saanvi Iyer,34.0,Female,Ahmedabad,2025-09-03 00:03:47.581311,0.5590549577479722,1.3809839546849962,4.88,4921.0,2.43,30.9,Residential,Low,0,Saturday,October,0,False,False,True,False,False,False,False,False,False,False,False,False,0.0,Low,5.530618855647012,2.7186603802142257,10.388936422945324,0.9628412371079327,1.2276882915521163,0,-0.944762522293071,0.4906485309116225,0
T00462,R0170,Zone_9,-1.6646728918783105,-1.5176291460073235,-1.486158045843775,2023-10-24,1.0,Saanvi Kumar,29.0,Female,Bengaluru,2024-04-10 00:03:47.581311,-0.22243250446568272,-0.7295764288901869,3.68,11037.0,1.83,56.1,Mixed,Low,0,Tuesday,October,0,True,False,False,False,False,False,False,False,False,False,False,True,0.0,Low,2.8831233291713367,0.6729444732424258,2.951270912674741,-0.26364090232685156,0.24261893781325272,0,0.8788193833867904,-0.5881544547120707,0
T00463,R0039,Zone_8,-1.8444061478916731,-1.7443978973716503,-1.486158045843775,2024-02-12,0.0,Aadhya Iyer,24.0,Male,Chennai,2026-04-11 00:03:47.581311,-0.22243250446568272,1.3809839546849962,4.2,4516.0,1.93,31.0,Business,Low,0,Monday,February,1,True,False,False,False,False,False,False,False,False,False,True,False,0.0,Low,2.8831233291713367,0.17395330712343804,0.9899494936611666,-1.9178764602817142,-1.7995492572519067,0,-1.72986627816307,0.9448813669637038,0
T00464,R0242,Zone_6,-1.5082816171653843,-1.396177317980375,-1.486158045843775,2024-03-12,1.0,Kavya Iyer,34.0,Male,Ahmedabad,2024-11-12 00:03:47.581311,-0.22243250446568272,0.6774638268266019,4.54,14627.0,0.54,37.6,Mixed,Low,0,Tuesday,March,1,False,False,True,False,False,False,False,False,True,False,False,False,0.0,Low,2.8831233291713367,0.9669838461896731,3.5846896657869842,-2.5568407292322184,-2.7290224243301915,0,0.10799024125988228,0.43386942640511234,0
T00465,R0294,Zone_5,-0.4952396287264302,-0.6231687023982261,0.011783958069392444,2023-10-12,0.0,Arjun Reddy,24.0,Female,Surat,2026-01-11 00:03:47.581311,-0.22243250446568272,1.3809839546849962,3.2,2590.0,1.31,43.9,Business,Low,0,Thursday,October,0,False,False,False,False,False,False,False,True,False,False,False,False,0.0,Low,4.88189241820353,1.9416152247724325,6.260990336999411,0.003225597353399086,-0.35171877904125626,0,-1.408687468943525,0.9448813669637038,0
T00466,R0245,Zone_8,-1.2351804359502747,-1.0558775099821616,-1.219311259601547,2024-05-11,0.0,Diya Sharma,35.0,Female,Hyderabad,2024-11-10 00:03:47.581311,-1.0039199666793377,0.6774638268266019,4.73,4516.0,1.93,31.0,Business,Low,0,Saturday,May,0,False,True,False,False,False,False,False,False,False,False,True,False,0.0,Low,3.6423118182976015,1.33500106673234,4.944694126030447,-0.08702073944698879,0.6704608718864474,0,0.11512754813142773,1.0470837550754222,0
T00467,R0251,Zone_8,-1.2235094453000563,-1.2377618901191376,-1.0889754585418274,2023-09-06,1.0,Vivaan Iyer,46.0,Male,Mumbai,2025-02-10 00:03:47.581311,-1.0039199666793377,0.6774638268266019,4.48,4516.0,1.93,31.0,Business,Low,0,Wednesday,September,1,False,True,False,False,False,False,False,False,False,False,True,False,0.0,Low,3.8732821771117156,1.3480731482996928,4.272001872658765,-0.24141605818944292,0.7448357252191853,0,-0.2131885679596628,1.0470837550754222,0
T00468,R0112,Zone_5,-0.06341297466835047,-0.578871054977769,-0.12538396159426396,2023-11-30,0.0,Meera Nair,41.0,Male,Delhi,2024-12-07 00:03:47.581311,0.9497986888547996,0.6774638268266019,3.24,2590.0,1.31,43.9,Business,Low,0,Thursday,November,1,True,False,False,False,False,False,False,True,False,False,False,False,0.0,Low,4.79942031364732,2.1770218700187,6.380438856379708,0.5075780262443694,-0.49438155326572436,0,0.01877390536556421,-0.02604132009762001,0
T00469,R0261,Zone_1,-1.146480907008615,-1.0878539574578556,-0.7874425316949966,2023-10-18,1.0,Aarav Kumar,31.0,Female,Pune,2025-08-22 00:03:47.581311,-0.6131762355725101,0.6774638268266019,4.24,4921.0,2.43,30.9,Residential,Low,0,Wednesday,October,0,False,False,False,False,False,False,False,False,False,False,False,False,0.0,Low,4.263383854543109,1.430311246536665,4.833218389437829,0.060892333088721017,-0.7171314843730796,0,-0.9019386810637983,0.6893753966844082,0
T00470,R0181,Zone_5,-1.2982037854614537,-1.2137062140365054,-0.9638951333312901,2024-06-26,0.0,Arjun Patel,32.0,Male,Hyderabad,2024-08-02 00:03:47.581311,-1.7854074288929924,0.6774638268266019,3.75,2590.0,1.31,43.9,Business,Low,0,Wednesday,June,1,False,False,True,False,False,False,False,True,False,False,False,False,0.0,Low,4.053869729656382,1.2612978709452054,4.36692111217961,1.059747544037038,0.7222698437931935,0,0.4719928917087,2.4779171886394784,0
T00472,R0120,Zone_5,0.38241886816999116,0.689919177429363,0.21792999825356574,2023-03-30,0.0,Ishaan Gupta,18.0,Female,Surat,2025-11-04 00:03:47.581311,0.16831122664114473,-0.7295764288901869,4.55,2590.0,1.31,43.9,Business,Low,0,Thursday,March,0,True,False,False,False,False,False,False,True,False,False,False,False,0.0,Low,4.994302639475358,2.373043556642607,9.162968951164245,0.25535971929104845,-0.10707863647178281,0,-1.1660190353109798,-0.6520309472818946,0
T00473,R0172,Zone_6,0.03929174305357105,-0.3057511228688579,0.909682006902178,2024-02-18,0.0,Reyansh Reddy,31.0,Male,Pune,2024-04-23 00:03:47.581311,1.3405424199616272,-1.4330965567485814,3.72,14627.0,0.54,37.6,Mixed,Low,0,Sunday,February,1,False,True,False,False,False,False,False,False,True,False,False,False,0.0,Low,5.2994167619913375,2.225704048658088,7.07248188403477,-0.22277290380971576,-0.04607998782176537,0,0.8324268887217451,-1.0991663952706623,1
T00474,R0217,Zone_4,-1.8654139310620665,-1.753492116378499,-1.486158045843775,2023-08-17,1.0,Kavya Iyer,39.0,Female,Jaipur,2024-03-23 00:03:47.581311,-1.0039199666793377,-0.026056301031792503,3.52,4038.0,2.46,48.2,Business,Low,0,Thursday,August,0,False,False,True,False,False,False,True,False,False,False,False,False,0.0,Low,2.8831233291713367,0.09531017980432487,0.8185352771872451,0.23355580023199912,0.7901217470262318,0,0.9430551452306994,0.3316670382933942,0
T00475,R0010,Zone_4,-0.30850377832293635,-0.27260122777937695,-0.7507855876469504,2023-01-12,1.0,Vivaan Gupta,25.0,Male,Surat,2025-05-18 00:03:47.581311,0.5590549577479722,-1.4330965567485814,3.38,4038.0,2.46,48.2,Business,Low,0,Thursday,January,1,False,True,False,False,False,False,True,False,False,False,False,False,0.0,Low,4.301900590194597,2.050270164379556,7.151922818375489,0.81355314264958,0.16741507376964454,0,-0.5593479512296169,-1.0991663952706623,0
T00476,R0070,Zone_10,0.0346233467934838,-0.1033314094906103,0.27311249466997944,2023-06-09,0.0,Meera Reddy,33.0,Female,Bengaluru,2025-05-16 00:03:47.581311,-0.6131762355725101,0.6774638268266019,3.54,2440.0,1.54,35.4,Industrial,Low,0,Friday,June,0,True,False,False,True,False,False,False,False,False,False,False,False,0.0,Low,5.022366216971954,2.2235418856535927,7.544534445544006,2.1509256555056537,2.2025497950504977,0,-0.5522106443580714,0.6893753966844082,0
T00477,R0143,Zone_4,-1.8817533179723722,-1.7666934020336023,-1.486158045843775,2024-07-26,1.0,Meera Kumar,42.0,Male,Kolkata,2026-02-23 00:03:47.581311,0.16831122664114473,-0.7295764288901869,4.56,4038.0,2.46,48.2,Business,Low,0,Friday,July,1,True,False,False,False,False,False,True,False,False,False,False,False,0.0,Low,2.8831233291713367,0.0295588022415444,0.469041575982343,-1.1508457362401752,-0.631090797563891,0,-1.5621395666817521,-0.6520309472818946,0
T00478,R0237,Zone_8,0.12565707386518718,0.08119322777738648,0.9446309212992399,2023-08-21,1.0,Aadhya Nair,40.0,Male,Chennai,2024-11-07 00:03:47.581311,0.5590549577479722,1.3809839546849962,3.71,4516.0,1.93,31.0,Business,Low,0,Monday,August,1,False,True,False,False,False,False,False,False,False,False,True,False,0.0,Low,5.312614671248861,2.2648832258100344,7.950471684120383,0.41938019149200184,0.583473512561381,0,0.1258335084387459,0.4906485309116225,1
T00479,R0062,Zone_10,1.3697846771784652,0.8128378149735457,0.40357968262592825,2024-03-02,1.0,Kavya Sharma,38.0,Female,Jaipur,2023-12-03 00:03:47.581311,-0.22243250446568272,-0.7295764288901869,3.58,2440.0,1.54,35.4,Industrial,Low,0,Saturday,March,0,False,True,False,True,False,False,False,False,False,False,False,False,0.0,Low,5.085742766583061,2.7053799725463312,9.388823142439099,0.7920391942000682,-0.09619983848033548,0,1.3391756766014717,-0.5881544547120707,0
T00480,R0022,Zone_9,-0.4275478829551636,-0.5929524263432124,-0.9280265106606215,2023-05-26,0.0,Aarav Nair,43.0,Male,Kolkata,2024-06-15 00:03:47.581311,-0.22243250446568272,0.6774638268266019,3.32,11037.0,1.83,56.1,Mixed,Low,0,Friday,May,1,False,True,False,False,False,False,False,False,False,False,False,True,0.0,Low,4.10016094754354,1.9823798288367047,6.342712353559792,-0.3697140220735754,-0.39034648064518024,0,0.6432882566257907,0.43386942640511234,0
T00481,R0259,Zone_6,-0.25248302320188815,-0.18224576151778238,0.2799446132739161,2023-11-19,0.0,Aadhya Das,32.0,Female,Jaipur,2024-12-08 00:03:47.581311,0.16831122664114473,-0.7295764288901869,3.52,14627.0,0.54,37.6,Mixed,Low,0,Sunday,November,0,True,False,False,False,False,False,False,False,True,False,False,False,0.0,Low,5.0257865978636,2.080690761080268,7.3641021177058645,1.105417915039101,0.6900958331662902,0,0.015205251929791488,-0.6520309472818946,0
T00482,R0004,Zone_10,-1.3728981256228514,-1.2412822329604984,-1.0523185144937812,2023-01-12,0.0,Aarav Nair,19.0,Male,Kolkata,2024-09-09 00:03:47.581311,-0.6131762355725101,-0.7295764288901869,3.19,2440.0,1.54,35.4,Industrial,Low,0,Thursday,January,1,True,False,False,True,False,False,False,False,False,False,False,False,0.0,Low,3.9296664406007413,1.1662709371419244,4.257933771208753,-1.11376925225463,-0.6553177173809809,0,0.33638406114933656,-0.5029857979523055,0
T00483,R0257,Zone_6,-1.6553360993581359,-1.5017876032211999,-1.444771173531465,2023-04-14,1.0,Arjun Reddy,36.0,Female,Delhi,2024-06-02 00:03:47.581311,-0.22243250446568272,0.6774638268266019,4.82,14627.0,0.54,37.6,Mixed,Low,0,Friday,April,0,False,False,True,False,False,False,False,False,True,False,False,False,0.0,Low,3.045474365448805,0.6931471805599453,3.0413812651491097,-0.044759861579643505,-0.5139740146293771,0,0.6896807512908362,0.43386942640511234,0
T00484,R0002,Zone_5,1.2133934024655386,1.7143389442653645,0.19979860657388707,2023-11-02,0.0,Ishaan Nair,39.0,Male,Mumbai,2025-07-16 00:03:47.581311,-0.22243250446568272,-0.7295764288901869,4.12,2590.0,1.31,43.9,Business,Low,0,Thursday,November,1,False,False,False,False,False,False,False,True,False,False,False,False,0.0,Low,4.9849071455235245,2.659559991941776,10.903210536351208,1.603582745278179,1.2548252750750044,0,-0.7698985039402075,-0.5881544547120707,0
T00485,R0196,Zone_4,-0.7940169893720203,-0.43747061751644234,-0.39958841402534734,2023-06-15,0.0,Vivaan Das,18.0,Female,Hyderabad,2024-09-11 00:03:47.581311,1.7312861510684545,-0.026056301031792503,4.93,4038.0,2.46,48.2,Business,Low,0,Thursday,June,0,False,True,False,False,False,False,True,False,False,False,False,False,0.0,Low,4.610854002456389,1.7387102481382397,6.747592163134936,-0.0564756095939968,-0.034067322116810524,0,0.3292467542777911,-0.5029857979523055,0
T00486,R0076,Zone_4,-1.1067995387978726,-0.9147704344242814,-1.0106688683890122,2024-05-06,1.0,Reyansh Reddy,40.0,Male,Bengaluru,2023-11-29 00:03:47.581311,-1.0039199666793377,-0.026056301031792503,3.34,4038.0,2.46,48.2,Business,Low,0,Monday,May,1,False,True,False,False,False,False,True,False,False,False,False,False,0.0,Low,3.9900945408483017,1.4701758451005926,5.409251334519409,1.922475584643727,1.3221829200234607,0,1.3534502903445627,0.3316670382933942,0
T00487,R0242,Zone_7,-0.8290299613226754,-1.0893207669750895,-0.7386979931938311,2023-09-19,1.0,Kavya Iyer,34.0,Female,Ahmedabad,2025-08-05 00:03:47.581311,-0.22243250446568272,-0.7295764288901869,4.54,11070.0,0.64,45.2,Industrial,Low,0,Tuesday,September,0,False,False,False,False,False,False,False,False,False,True,False,False,0.0,Low,4.314282982587362,1.7119945007591924,4.828043081829324,-2.5568407292322184,-2.7290224243301915,0,-0.841271572655662,-0.5881544547120707,0
T00488,R0086,Zone_5,-0.08908915409883095,-0.25675968499325325,-0.35228913138270707,2024-05-18,1.0,Vivaan Patel,23.0,Male,Hyderabad,2024-10-01 00:03:47.581311,-0.6131762355725101,1.3809839546849962,4.56,2590.0,1.31,43.9,Business,Low,0,Saturday,May,1,False,False,True,False,False,False,False,True,False,False,False,False,0.0,Low,4.646024179996357,2.1644717908644115,7.189575787207476,1.5842201916736194,1.5382997160632135,0,0.25787368556233664,1.285555994002765,0
T00489,R0037,Zone_8,-1.3728981256228514,-1.39031007991144,-1.175428036260875,2024-03-25,1.0,Aadhya Iyer,32.0,Female,Ahmedabad,2024-05-18 00:03:47.581311,0.16831122664114473,0.6774638268266019,3.36,4516.0,1.93,31.0,Business,Low,0,Monday,March,0,False,True,False,False,False,False,False,False,False,False,True,False,0.0,Low,3.7261752388576332,1.1662709371419244,3.6124783736376886,0.9838757986626461,1.0679200880966029,0,0.743210552827427,0.2422399486956406,0
T00490,R0067,Zone_2,0.12565707386518718,0.5273966829198716,0.4084409977864219,2024-04-29,1.0,Saanvi Iyer,32.0,Female,Pune,2024-01-03 00:03:47.581311,2.122029882175282,-0.026056301031792503,3.38,6371.0,0.91,58.4,Residential,Low,0,Monday,April,0,False,False,False,False,True,False,False,False,False,False,False,False,0.0,Low,5.088028340670028,2.2648832258100344,8.855506761332183,0.35712645169762713,0.4338649281973977,0,1.2285474200925173,-0.5488458438998713,0
T00491,R0163,Zone_3,-1.6086521367572624,-1.5733679076622034,-1.486158045843775,2024-07-06,0.0,Kavya Gupta,33.0,Female,Ahmedabad,2024-05-15 00:03:47.581311,-1.7854074288929924,1.3809839546849962,3.56,12971.0,2.11,38.0,Business,Low,0,Saturday,July,0,False,True,False,False,False,True,False,False,False,False,False,False,0.0,Low,2.8831233291713367,0.7884573603642702,2.6095976701399777,-1.077429387156216,-0.7180680566002327,0,0.7539165131347452,3.670278383276192,0
T00492,R0045,Zone_1,0.881937267999337,0.1894437701492321,2.026996172438322,2024-07-17,1.0,Saanvi Iyer,34.0,Male,Ahmedabad,2026-01-14 00:03:47.581311,0.5590549577479722,-0.7295764288901869,4.88,4921.0,2.43,30.9,Residential,Low,0,Wednesday,July,1,False,True,False,False,False,False,False,False,False,False,False,False,0.0,Low,5.6534010450952765,2.554899021608035,8.179242018671413,0.9628412371079327,1.2276882915521163,0,-1.4193934292508432,-0.701712663725091,1
T00493,R0038,Zone_4,-1.2561882191206677,-1.1004685193060653,-1.0640119482582118,2023-03-30,0.0,Aarav Singh,37.0,Female,Kolkata,2025-01-23 00:03:47.581311,-1.0039199666793377,1.3809839546849962,4.07,4038.0,2.46,48.2,Business,Low,0,Thursday,March,0,True,False,False,False,False,False,True,False,False,False,False,False,0.0,Low,3.912023005428146,1.3110318766193438,4.788527957525152,-1.2644323686356256,-1.2963408051348704,0,-0.14895280611575376,1.7625004718574506,0
T00494,R0296,Zone_3,1.51917335750126,2.455664474275266,0.027287611824480137,2023-07-11,0.0,Reyansh Patel,37.0,Male,Hyderabad,2025-05-17 00:03:47.581311,-0.22243250446568272,-1.4330965567485814,3.97,12971.0,2.11,38.0,Business,Low,0,Tuesday,July,1,False,False,False,False,False,True,False,False,False,False,False,False,0.0,Low,4.890800154313742,2.747270914255491,12.006248373242993,1.920960254361632,1.2824029984694925,0,-0.5557792977938442,-1.0991663952706623,0
T00495,R0167,Zone_7,-0.033068398977782736,0.2328613318593487,0.6357403282635539,2024-02-10,1.0,Kavya Nair,44.0,Female,Hyderabad,2025-11-26 00:03:47.581311,-0.22243250446568272,-0.026056301031792503,4.75,11070.0,0.64,45.2,Industrial,Low,0,Saturday,February,0,True,False,False,False,False,False,False,False,False,True,False,False,0.0,Low,5.189450711560923,2.191653532286764,8.269220035771209,0.6455572669307834,0.7823206512988862,0,-1.2445294108979796,-0.07714251415347918,0
T00496,R0295,Zone_10,-1.0087632173360384,-1.1559139190574983,-1.2697638277536965,2024-05-09,1.0,Kavya Gupta,18.0,Male,Delhi,2025-04-22 00:03:47.581311,0.5590549577479722,-0.7295764288901869,3.59,2440.0,1.54,35.4,Industrial,Low,0,Thursday,May,1,False,False,True,True,False,False,False,False,False,False,False,False,0.0,Low,3.5363108554693294,1.5623463049002497,4.586937976471886,-1.836965306330289,-2.371944424784545,0,-0.4665629618995261,-0.701712663725091,0
T00497,R0043,Zone_2,1.0429969389723508,0.8970326812627585,0.530105263694991,2023-12-11,0.0,Diya Kumar,28.0,Female,Ahmedabad,2024-08-21 00:03:47.581311,0.5590549577479722,0.6774638268266019,4.68,6371.0,0.91,58.4,Residential,Low,0,Monday,December,0,True,False,False,False,True,False,False,False,False,False,False,False,0.0,Low,5.143591521344882,2.6071242825122494,9.540440241414439,-0.3709300278555048,-1.1160194323336776,0,0.4041884764290183,0.09319479936605132,0
T00498,R0113,Zone_8,-1.624991523667568,-1.5991837551655161,-1.3429463289535593,2024-01-17,1.0,Aadhya Singh,26.0,Male,Chennai,2025-07-14 00:03:47.581311,0.16831122664114473,-0.7295764288901869,4.61,4516.0,1.93,31.0,Business,Low,0,Wednesday,January,1,True,False,False,False,False,False,False,False,False,False,True,False,0.0,Low,3.3593331775634567,0.7561219797213337,2.435159132377184,-0.7155039739463284,0.05253806265286683,0,-0.7627611970686621,-0.6520309472818946,0
T00499,R0100,Zone_5,-0.660967695959531,-0.4932093791713221,-0.35544241689221634,2023-04-02,1.0,Ishaan Gupta,28.0,Male,Delhi,2026-03-26 00:03:47.581311,1.7312861510684545,0.6774638268266019,3.79,2590.0,1.31,43.9,Business,Low,0,Sunday,April,1,False,False,False,False,False,False,False,True,False,False,False,False,0.0,Low,4.6437175956003305,1.8341801851120072,6.605300901548695,0.21361798235368046,0.23335159497734753,0,-1.6727678231907064,-0.204895499293127,0
T00500,R0033,Zone_9,-0.021397408327564413,-0.3036975895447308,0.28559424981178716,2024-01-22,0.0,Diya Iyer,18.0,Female,Chennai,2025-06-07 00:03:47.581311,-1.394663697786165,-0.7295764288901869,3.24,11037.0,1.83,56.1,Mixed,Low,0,Monday,January,0,False,False,False,False,False,False,False,False,False,False,False,True,0.0,Low,5.028606179417492,2.1972245773362196,7.077428911688199,-2.890002928754171,-2.3121690796986027,0,-0.6307210199450713,-0.204895499293127,0
T00501,R0048,Zone_10,-0.16378349426022856,-0.5741772645226213,0.4778132789956275,2024-05-28,1.0,Kavya Sharma,35.0,Male,Hyderabad,2023-11-26 00:03:47.581311,-1.0039199666793377,1.3809839546849962,3.02,2440.0,1.54,35.4,Industrial,Low,0,Tuesday,May,1,False,False,True,True,False,False,False,False,False,False,False,False,0.0,Low,5.120087427657335,2.127040520479115,6.392964883369843,-1.3351477818001083,-0.9495887111524564,0,1.3641562506518807,1.7625004718574506,0
T00502,R0256,Zone_9,-1.4125794938335938,-1.4410616892077255,-1.1659681797323471,2024-06-26,0.0,Aadhya Sharma,31.0,Male,Delhi,2023-11-10 00:03:47.581311,-0.6131762355725101,1.3809839546849962,3.65,11037.0,1.83,56.1,Mixed,Low,0,Wednesday,June,1,True,False,False,False,False,False,False,False,False,False,False,True,0.0,Low,3.743367639398006,1.1118575154181303,3.3645207682521443,-0.6973340413971207,-0.14378400390358864,0,1.4212547056242444,1.285555994002765,0
T00503,R0195,Zone_5,-1.095128548147654,-1.262991013815557,-1.018420695266556,2024-07-22,0.0,Aadhya Reddy,33.0,Female,Kolkata,2025-11-11 00:03:47.581311,0.5590549577479722,1.3809839546849962,4.97,2590.0,1.31,43.9,Business,Low,0,Monday,July,0,False,True,False,False,False,False,False,True,False,False,False,False,0.0,Low,3.97912074896064,1.4816045409242156,4.170131892398609,-0.1640219671149804,-0.4615941796508422,0,-1.1909996093613888,0.4906485309116225,0
T00504,R0092,Zone_10,0.17467523459610412,0.21144591290773732,-0.6124351859172279,2023-02-27,0.0,Aarav Nair,21.0,Male,Surat,2025-03-20 00:03:47.581311,-1.394663697786165,-1.4330965567485814,4.51,2440.0,1.54,35.4,Industrial,Low,0,Monday,February,1,False,False,True,True,False,False,False,False,False,False,False,False,0.0,Low,4.435211888177536,2.286455711064162,8.224962005991275,0.8476013045435914,-0.2801654479222516,0,-0.34879739851902625,-1.0991663952706623,0
T00505,R0126,Zone_5,-1.5619681741563887,-1.3856162894562924,-1.486158045843775,2024-04-19,1.0,Diya Reddy,29.0,Male,Surat,2025-07-28 00:03:47.581311,-0.6131762355725101,0.6774638268266019,3.65,2590.0,1.31,43.9,Business,Low,0,Friday,April,1,False,True,False,False,False,False,False,True,False,False,False,False,0.0,Low,2.8831233291713367,0.8754687373538999,3.6345563690772495,-1.2620751881968093,-1.9879498116518113,0,-0.8127223451694803,0.6893753966844082,0
T00506,R0058,Zone_9,1.4561500079900809,0.4173859691273457,0.8802513421467574,2023-07-07,1.0,Vivaan Reddy,46.0,Male,Kolkata,2024-08-02 00:03:47.581311,0.16831122664114473,1.3809839546849962,4.32,11037.0,1.83,56.1,Mixed,Low,0,Friday,July,1,False,False,True,False,False,False,False,False,False,False,False,True,0.0,Low,5.288166015491662,2.7298116928837226,8.641180474911978,0.8387618778980307,0.014896122993908854,0,0.4719928917087,0.6893753966844082,0
T00507,R0146,Zone_3,0.5574837279232667,0.6300733491262291,-0.4499095952812673,2024-02-21,1.0,Kavya Gupta,30.0,Female,Surat,2023-11-13 00:03:47.581311,-0.22243250446568272,-1.4330965567485814,3.89,12971.0,2.11,38.0,Business,Low,0,Wednesday,February,0,True,False,False,False,False,True,False,False,False,False,False,False,0.0,Low,4.572026967394837,2.4406063908914204,9.050966799187808,0.9090563659841525,0.13499970559400737,0,1.410548745316926,-1.0991663952706623,0
T00508,R0027,Zone_4,-0.6212863277487886,-0.6935755592254428,-0.4820993848575083,2024-02-22,1.0,Ishaan Iyer,39.0,Male,Jaipur,2024-02-07 00:03:47.581311,0.16831122664114473,0.6774638268266019,3.98,4038.0,2.46,48.2,Business,Low,0,Thursday,February,1,False,True,False,False,False,False,True,False,False,False,False,False,0.0,Low,4.546375139477586,1.860974538249528,6.06630035524124,-0.5085140666627909,-0.7764936358293952,0,1.103644549840472,0.2422399486956406,0
T00509,R0040,Zone_3,-0.2781592026323684,-0.4562457793370335,0.0881197447787645,2024-01-21,0.0,Aarav Gupta,34.0,Female,Surat,2024-09-20 00:03:47.581311,0.9497986888547996,-0.7295764288901869,4.41,12971.0,2.11,38.0,Business,Low,0,Sunday,January,0,True,False,False,False,False,True,False,False,False,False,False,False,0.0,Low,4.925004781456281,2.066862759472976,6.7,-0.027501933366882544,-0.5258503800980654,0,0.2971288733558366,-0.7414580368796482,0
T00510,R0044,Zone_6,2.1517410507430954,1.7867993344167081,2.026996172438322,2024-04-04,1.0,Arjun Gupta,36.0,Male,Hyderabad,2025-12-10 00:03:47.581311,0.9497986888547996,-1.4330965567485814,3.21,14627.0,0.54,37.6,Mixed,Low,0,Thursday,April,1,False,True,False,False,False,False,False,False,True,False,False,False,0.0,Low,5.6534010450952765,2.907447358686419,11.015897603009932,1.2577507008975908,0.8630421587826856,0,-1.2944905589987978,-1.0991663952706623,0
T00511,R0255,Zone_1,1.0710073165328746,0.5670005398851807,0.4126453784657676,2023-01-04,0.0,Reyansh Sharma,37.0,Male,Bengaluru,2025-04-25 00:03:47.581311,0.16831122664114473,-0.026056301031792503,3.12,4921.0,2.43,30.9,Residential,Low,0,Wednesday,January,1,False,False,True,False,False,False,False,False,False,False,False,False,0.0,Low,5.090000849476996,2.615934912194404,8.931405264570632,0.5367481341747186,0.7370759488548032,0,-0.47726892220684425,-0.204895499293127,0
T00512,R0119,Zone_2,0.42210023638073363,-0.09834425713201574,-0.10935476025425815,2024-05-21,0.0,Saanvi Iyer,47.0,Male,Hyderabad,2025-07-15 00:03:47.581311,-1.0039199666793377,-1.4330965567485814,4.39,6371.0,0.91,58.4,Residential,Low,0,Tuesday,May,1,True,False,False,False,True,False,False,False,False,False,False,False,0.0,Low,4.809416300197838,2.388762789235098,7.555792479945436,-1.3233618796060276,-1.5259442412456272,0,-0.7663298505044348,-1.0991663952706623,0
T00513,R0203,Zone_7,-1.674009684398485,-1.5795285076345846,-1.4590923452204865,2024-02-08,0.0,Kavya Gupta,49.0,Female,Bengaluru,2024-08-03 00:03:47.581311,-1.0039199666793377,-1.4330965567485814,3.6,11070.0,0.64,45.2,Industrial,Low,0,Thursday,February,0,True,False,False,False,False,False,False,False,False,True,False,False,0.0,Low,2.9922261342247034,0.6523251860396903,2.569046515733026,-0.19780822007134483,0.2562755775490171,0,0.4684242382729273,-1.0991663952706623,0
T00514,R0257,Zone_3,1.880974067658029,0.7362703581739476,0.5051417534113752,2023-05-20,0.0,Arjun Reddy,36.0,Male,Delhi,2024-01-24 00:03:47.581311,-0.22243250446568272,0.6774638268266019,4.82,12971.0,2.11,38.0,Business,Low,0,Saturday,May,1,False,False,False,False,False,True,False,False,False,False,False,False,0.0,Low,5.132439862170015,2.8419981736119486,9.248783703817493,-0.044759861579643505,-0.5139740146293771,0,1.15360569794129,0.43386942640511234,0
T00515,R0200,Zone_3,1.2063908080754078,0.778807834173724,0.013754761512835858,2023-11-11,1.0,Kavya Kumar,30.0,Male,Bengaluru,2025-08-12 00:03:47.581311,-1.394663697786165,-0.7295764288901869,3.6,12971.0,2.11,38.0,Business,Low,0,Saturday,November,1,False,False,False,False,False,True,False,False,False,False,False,False,0.0,Low,4.88302916949111,2.65745841498615,9.326842981416595,1.1201502927817009,-0.25190300365581025,0,-0.8662521467060711,-0.204895499293127,0
T00516,R0103,Zone_1,-0.1941280699507963,0.21115255100429042,-0.46357383248914097,2023-09-18,1.0,Ishaan Gupta,37.0,Female,Surat,2023-12-18 00:03:47.581311,0.5590549577479722,-0.026056301031792503,3.07,4921.0,2.43,30.9,Residential,Low,0,Monday,September,0,True,False,False,False,False,False,False,False,False,False,False,False,0.0,Low,4.5612182984589085,2.1114245875328868,8.224354077980836,-0.09134223691815115,0.09274639385583802,0,1.285645875064881,-0.3042589321795199,0
T00517,R0055,Zone_3,-0.6633018940895746,-0.9300252534035118,-1.0602017282675549,2023-07-08,1.0,Kavya Singh,32.0,Male,Delhi,2025-01-19 00:03:47.581311,0.16831122664114473,1.3809839546849962,4.19,12971.0,2.11,38.0,Business,Low,0,Saturday,July,1,False,False,True,False,False,True,False,False,False,False,False,False,0.0,Low,3.9178062501838733,1.8325814637483102,5.360970061472083,0.5131763297865582,0.1910405673036116,0,-0.13467819237266287,0.6893753966844082,0
T00518,R0291,Zone_5,-0.2408120325516698,-0.3163121513929406,-0.2339095378798771,2023-02-23,1.0,Arjun Ghosh,23.0,Female,Pune,2023-09-27 00:03:47.581311,-0.6131762355725101,1.3809839546849962,3.46,2590.0,1.31,43.9,Business,Low,0,Thursday,February,0,False,False,True,False,False,False,False,True,False,False,False,False,0.0,Low,4.728979471714378,2.0869135565185366,7.046985170979147,-0.20625478331043567,0.15371540942736683,0,1.5782754567982442,1.285555994002765,0
T00519,R0180,Zone_7,-1.424250484483812,-1.1993314807676154,-1.4793259272398382,2023-08-08,0.0,Diya Kumar,33.0,Female,Hyderabad,2025-08-10 00:03:47.581311,-1.7854074288929924,-1.4330965567485814,4.53,11070.0,0.64,45.2,Industrial,Low,0,Tuesday,August,0,True,False,False,False,False,False,False,False,False,True,False,False,0.0,Low,2.91180703861623,1.095273387402595,4.422668877499196,-3.658541967659833,-3.250559358821967,0,-0.8591148398345256,-1.0991663952706623,0
T00520,R0221,Zone_10,-0.5699339688878275,-0.8845541583692678,-0.26898983917316854,2024-04-23,0.0,Diya Patel,21.0,Male,Delhi,2024-11-10 00:03:47.581311,0.16831122664114473,0.6774638268266019,4.41,2440.0,1.54,35.4,Industrial,Low,0,Tuesday,April,1,False,True,False,True,False,False,False,False,False,False,False,False,0.0,Low,4.705106014600691,1.8946168546677629,5.503635162326805,-0.44221836682108845,-0.5777474999791323,0,0.11512754813142773,0.2422399486956406,0
T00521,R0240,Zone_10,0.8702662773491189,1.490797173838952,1.7555508448280597,2024-02-13,1.0,Aarav Iyer,30.0,Female,Delhi,2025-11-24 00:03:47.581311,0.16831122664114473,0.6774638268266019,4.07,2440.0,1.54,35.4,Industrial,Low,0,Tuesday,February,0,False,True,False,True,False,False,False,False,False,False,False,False,0.0,Low,5.5782192516808555,2.551006451492524,10.547985589675406,2.0173520973060755,0.750380783728771,0,-1.2373921040264342,0.2422399486956406,1
T00522,R0131,Zone_2,-1.645999306837961,-1.6197190884067876,-1.486158045843775,2024-07-25,0.0,Reyansh Ghosh,24.0,Male,Surat,2025-04-17 00:03:47.581311,-1.0039199666793377,1.3809839546849962,3.6,6371.0,0.91,58.4,Residential,Low,0,Thursday,July,1,False,False,False,False,True,False,False,False,False,False,False,False,0.0,Low,2.8831233291713367,0.712949807856125,2.2869193252058544,-1.5897232691922456,-1.3912100624970747,0,-0.4487196947206625,1.7625004718574506,0
T00523,R0044,Zone_4,-0.3878665147444212,-0.2828688944000127,-0.6564497961541292,2024-01-20,0.0,Arjun Gupta,36.0,Female,Hyderabad,2026-04-06 00:03:47.581311,0.9497986888547996,-0.026056301031792503,3.21,4038.0,2.46,48.2,Business,Low,0,Saturday,January,0,False,True,False,False,False,False,True,False,False,False,False,False,0.0,Low,4.394696037774544,2.005525858729668,7.127411872482185,1.2577507008975908,0.8630421587826856,0,-1.7120230109842065,-0.383749678488634,0
T00524,R0100,Zone_4,0.11165188508492503,0.6761311679673665,-0.7697053007040063,2024-01-08,1.0,Ishaan Gupta,28.0,Female,Delhi,2024-12-22 00:03:47.581311,1.7312861510684545,-0.7295764288901869,3.79,4038.0,2.46,48.2,Business,Low,0,Monday,January,0,False,False,True,False,False,False,True,False,False,False,False,False,0.0,Low,4.282206299391671,2.258633205464863,9.137286249209883,0.21361798235368046,0.23335159497734753,0,-0.03475589617102663,-0.8010760966114839,0
T00525,R0207,Zone_3,0.09998089443470651,0.05567074217752054,0.5822658614981246,2023-11-13,0.0,Ishaan Iyer,31.0,Male,Mumbai,2025-04-27 00:03:47.581311,0.16831122664114473,-0.026056301031792503,3.93,12971.0,2.11,38.0,Business,Low,0,Monday,November,1,False,False,True,False,False,True,False,False,False,False,False,False,0.0,Low,5.1664987919271885,2.253394848803274,7.895568377260753,-0.09306101432145507,0.7916588273284412,0,-0.4844062290783897,-0.204895499293127,0
T00526,R0207,Zone_3,-1.3962401069232881,-1.2415755948639453,-1.326391580028635,2023-11-20,1.0,Ishaan Iyer,31.0,Female,Mumbai,2024-12-05 00:03:47.581311,0.16831122664114473,-0.7295764288901869,3.93,12971.0,2.11,38.0,Business,Low,0,Monday,November,0,False,False,True,False,False,True,False,False,False,False,False,False,0.0,Low,3.402196881995239,1.1346227261911428,4.256759330758553,-0.09306101432145507,0.7916588273284412,0,0.025911212237109658,-0.6520309472818946,0
T00527,R0292,Zone_1,-1.4009085031833755,-1.3791623275804643,-1.0809608578718244,2024-02-19,1.0,Diya Patel,37.0,Female,Jaipur,2024-08-16 00:03:47.581311,0.5590549577479722,1.3809839546849962,4.39,4921.0,2.43,30.9,Residential,Low,0,Monday,February,0,True,False,False,False,False,False,False,False,False,False,False,False,0.0,Low,3.8858843478184513,1.128171090909654,3.664696440361739,0.42789223196550363,-0.11737633993013644,0,0.4220317436078819,0.4906485309116225,0
T00528,R0257,Zone_3,1.2507405725462375,1.799413896264918,2.026996172438322,2023-05-08,1.0,Arjun Reddy,36.0,Female,Delhi,2024-01-02 00:03:47.581311,-0.22243250446568272,-0.7295764288901869,4.82,12971.0,2.11,38.0,Business,Low,0,Monday,May,0,False,False,False,False,False,True,False,False,False,False,False,False,0.0,Low,5.6534010450952765,2.670694414558441,11.035397591387452,-0.044759861579643505,-0.5139740146293771,0,1.23211607352829,-0.5881544547120707,0
T00529,R0015,Zone_7,-1.4499266639142925,-1.4721580509730796,-1.2612236794987752,2024-01-28,0.0,Saanvi Patel,28.0,Female,Chennai,2025-02-11 00:03:47.581311,-1.0039199666793377,0.6774638268266019,3.87,11070.0,0.64,45.2,Industrial,Low,0,Sunday,January,0,False,False,True,False,False,False,False,False,False,True,False,False,0.0,Low,3.5550623063795967,1.0577902941478545,3.2031234756093934,-1.2326104327116083,-0.27909114448522276,0,-0.2167572213954355,1.0470837550754222,0
T00530,R0112,Zone_1,1.1550384492144468,1.14316331825457,-0.1550774001421435,2023-03-08,0.0,Meera Nair,41.0,Female,Delhi,2026-03-06 00:03:47.581311,0.9497986888547996,-1.4330965567485814,3.24,4921.0,2.43,30.9,Residential,Low,0,Wednesday,March,0,False,False,False,False,False,False,False,False,False,False,False,False,0.0,Low,4.780634955318833,2.641910398597665,9.970456358662826,0.5075780262443694,-0.49438155326572436,0,-1.601394754475252,-1.0991663952706623,0
T00531,R0267,Zone_2,-0.5839391576680897,-0.40901451288210905,-0.10423067130130546,2024-04-24,1.0,Arjun Iyer,37.0,Male,Jaipur,2024-08-29 00:03:47.581311,-1.0039199666793377,-1.4330965567485814,4.5,6371.0,0.91,58.4,Residential,Low,0,Wednesday,April,1,False,True,False,False,True,False,False,False,False,False,False,False,0.0,Low,4.812590776837065,1.8855533485144158,6.819090848492928,0.79338615445082,0.2100640020116088,0,0.3756392489428365,-1.0991663952706623,0
T00532,R0263,Zone_1,1.2390695818960193,0.5045144544510262,1.2039886544563834,2023-06-03,1.0,Ishaan Das,31.0,Female,Chennai,2025-10-09 00:03:47.581311,1.7312861510684545,1.3809839546849962,3.84,4921.0,2.43,30.9,Residential,Low,0,Saturday,June,0,False,False,True,False,False,False,False,False,False,False,False,False,0.0,Low,5.405466282065079,2.667228206581955,8.811356308764276,0.3692901071671584,-0.09128086669907033,0,-1.073234045980889,0.09319479936605132,0
T00533,R0172,Zone_7,-0.5139132137667796,-0.8103335967972436,-0.9573257885198123,2023-02-01,1.0,Reyansh Reddy,31.0,Male,Pune,2024-08-26 00:03:47.581311,1.3405424199616272,0.6774638268266019,3.72,11070.0,0.64,45.2,Industrial,Low,0,Wednesday,February,1,False,True,False,False,False,False,False,False,False,True,False,False,0.0,Low,4.062509838702082,1.9300710850255671,5.728874234961001,-0.22277290380971576,-0.04607998782176537,0,0.3863452092501547,-0.12359814511335115,0
T00534,R0284,Zone_8,-1.382234918143026,-1.39031007991144,-1.0356323786726278,2024-06-07,1.0,Vivaan Das,28.0,Female,Surat,2024-08-22 00:03:47.581311,-0.22243250446568272,-0.026056301031792503,4.95,4516.0,1.93,31.0,Business,Low,0,Friday,June,0,False,True,False,False,False,False,False,False,False,False,True,False,0.0,Low,3.9543159176183975,1.1537315878891892,3.6124783736376886,0.35932821364597145,0.3313020962633371,0,0.40061982299324556,-0.07714251415347918,0
T00535,R0268,Zone_5,0.9776393913311276,1.2525873082402024,1.6270544603155535,2023-11-20,1.0,Ishaan Kumar,34.0,Male,Chennai,2024-03-21 00:03:47.581311,-1.0039199666793377,0.6774638268266019,4.6,2590.0,1.31,43.9,Business,Low,0,Monday,November,1,False,False,True,False,False,False,False,True,False,False,False,False,0.0,Low,5.540557413553235,2.5862591440482876,10.155786527886454,0.2429845219872635,0.5035306455174099,0,0.9501924521022449,1.0470837550754222,0
T00536,R0008,Zone_6,-0.04240519149795744,-0.2409181422071295,0.6654337668114334,2023-10-12,0.0,Ishaan Ghosh,28.0,Male,Jaipur,2023-12-12 00:03:47.581311,0.16831122664114473,-1.4330965567485814,4.02,14627.0,0.54,37.6,Mixed,Low,0,Thursday,October,1,False,False,False,False,False,False,False,False,True,False,False,False,0.0,Low,5.201971650761352,2.187174241482718,7.227032586061862,-1.2141949605333575,-0.5317590490017221,0,1.307057795679517,-1.0991663952706623,1
T00537,R0183,Zone_6,1.668562037824055,2.637842216315689,0.14842633014813073,2023-03-22,0.0,Arjun Patel,43.0,Female,Jaipur,2026-01-11 00:03:47.581311,0.16831122664114473,-1.4330965567485814,3.79,14627.0,0.54,37.6,Mixed,Low,0,Wednesday,March,0,True,False,False,False,False,False,False,False,True,False,False,False,0.0,Low,4.957796947080254,2.787477334733532,12.262136844775466,-0.5121971610984408,-0.7742623902294132,0,-1.408687468943525,-1.0991663952706623,0
T00538,R0234,Zone_1,1.019654957671914,1.4104160122945462,1.2363098309288543,2023-09-02,0.0,Saanvi Nair,32.0,Female,Pune,2026-01-18 00:03:47.581311,0.5590549577479722,0.6774638268266019,3.98,4921.0,2.43,30.9,Residential,Low,0,Saturday,September,0,True,False,False,False,False,False,False,False,False,False,False,False,0.0,Low,5.416455894565078,2.599722324216582,10.417293314484334,-0.6131957951782692,-0.14727319455376647,0,-1.433668042993934,0.09319479936605132,0
T00539,R0172,Zone_6,-0.2898301932825869,-0.43160337944750776,-0.12827447331131417,2024-03-03,0.0,Reyansh Reddy,31.0,Female,Pune,2026-03-01 00:03:47.581311,1.3405424199616272,0.6774638268266019,3.72,14627.0,0.54,37.6,Mixed,Low,0,Sunday,March,0,False,True,False,False,False,False,False,False,True,False,False,False,0.0,Low,4.797607076523139,2.060513531794317,6.762396025078685,-0.22277290380971576,-0.04607998782176537,0,-1.5835514872963883,-0.12359814511335115,0
T00540,R0023,Zone_5,-0.5465919875873909,-0.12093312369741449,-0.784289246185487,2023-03-02,1.0,Meera Iyer,24.0,Male,Jaipur,2025-11-28 00:03:47.581311,-0.22243250446568272,-1.4330965567485814,3.21,2590.0,1.31,43.9,Business,Low,0,Thursday,March,1,True,False,False,False,False,False,False,True,False,False,False,False,0.0,Low,4.266756065129537,1.9095425048844386,7.504665215717488,-0.74854659259759,0.11280530491693588,0,-1.251666717769525,-1.0991663952706623,0
T00541,R0288,Zone_8,0.0066129692329594866,0.21525961765254473,-0.6326687679365796,2023-10-21,1.0,Diya Ghosh,42.0,Female,Ahmedabad,2025-02-17 00:03:47.581311,0.16831122664114473,-0.026056301031792503,4.56,4516.0,1.93,31.0,Business,Low,0,Saturday,October,0,False,False,False,False,False,False,False,False,False,False,True,False,0.0,Low,4.416790314610172,2.21046980408624,8.232860985101109,-0.932069926762557,-0.9116905914431296,0,-0.23816914201007183,-0.204895499293127,0
T00542,R0238,Zone_2,0.2003514140265844,0.4030112358584558,0.3319738241808204,2023-03-20,1.0,Reyansh Patel,30.0,Male,Pune,2026-01-30 00:03:47.581311,-0.6131762355725101,1.3809839546849962,4.91,6371.0,0.91,58.4,Residential,Low,0,Monday,March,1,False,False,True,False,True,False,False,False,False,False,False,False,0.0,Low,5.051457288616511,2.2975725511705014,8.61278120005379,-0.9644811577962785,-1.0019045339115444,0,-1.4764918842232067,1.285555994002765,0
T00543,R0005,Zone_10,-1.0507787836768243,-1.1145498906715088,-0.930785635481442,2023-02-19,0.0,Diya Reddy,27.0,Male,Ahmedabad,2024-10-13 00:03:47.581311,-0.22243250446568272,1.3809839546849962,3.53,2440.0,1.54,35.4,Industrial,Low,0,Sunday,February,1,True,False,False,True,False,False,False,False,False,False,False,False,0.0,Low,4.096675177560383,1.5238800240724537,4.738143096192854,-0.45305718758885805,0.0782387064156245,0,0.21504984433306398,0.9448813669637038,0
T00544,R0133,Zone_3,0.9613000044208223,0.5576129589748854,0.39030960610674326,2023-01-03,1.0,Diya Kumar,25.0,Male,Delhi,2024-08-09 00:03:47.581311,0.5590549577479722,0.6774638268266019,4.4,12971.0,2.11,38.0,Business,Low,0,Tuesday,January,1,False,False,False,False,False,True,False,False,False,False,False,False,0.0,Low,5.079477043053662,2.580974118534234,8.913472948295743,-0.5195633499697412,-1.2949598202038526,0,0.44701231765829097,0.09319479936605132,0
T00545,R0051,Zone_5,-0.48590283620625546,-0.026177228884118924,-0.9076615417450401,2024-08-07,1.0,Aarav Nair,21.0,Female,Kolkata,2024-11-18 00:03:47.581311,0.9497986888547996,1.3809839546849962,4.02,2590.0,1.31,43.9,Business,Low,0,Wednesday,August,0,True,False,False,False,False,False,False,True,False,False,False,False,0.0,Low,4.12552017969055,1.9473377010464987,7.7168646482881895,-1.280932631707338,-0.588556645330157,0,0.08657832064524594,0.3316670382933942,0
T00546,R0178,Zone_4,-0.5162474118968232,-0.5985263025087003,0.18639714315847222,2024-06-27,1.0,Saanvi Ghosh,27.0,Female,Delhi,2025-11-09 00:03:47.581311,-0.22243250446568272,-1.4330965567485814,3.13,4038.0,2.46,48.2,Business,Low,0,Thursday,June,0,False,False,True,False,False,False,True,False,False,False,False,False,0.0,Low,4.9779054694733365,1.9286186519452522,6.32771680782255,0.5571630004751797,0.6169959773192546,0,-1.1838623024898434,-1.0991663952706623,1
T00547,R0016,Zone_9,-0.6516309034393563,-0.8957019107002436,-1.0753112213339535,2023-11-08,1.0,Aarav Iyer,28.0,Male,Delhi,2023-09-19 00:03:47.581311,-1.0039199666793377,-1.4330965567485814,3.06,11037.0,1.83,56.1,Mixed,Low,0,Wednesday,November,1,False,True,False,False,False,False,False,False,False,False,False,True,0.0,Low,3.894673367093033,1.840549633397487,5.469003565550127,0.09212497390303469,0.0873620217577732,0,1.6068246842844258,-1.0991663952706623,0
T00548,R0211,Zone_4,0.24936957475750174,0.23638167470070967,-0.5085081509996492,2023-08-10,0.0,Arjun Reddy,36.0,Male,Mumbai,2025-08-02 00:03:47.581311,-0.22243250446568272,0.6774638268266019,3.63,4038.0,2.46,48.2,Business,Low,0,Thursday,August,1,False,True,False,False,False,False,True,False,False,False,False,False,0.0,Low,4.524827433305553,2.318458442150336,8.276472678623424,-0.8891355687698352,-1.2254698337813625,0,-0.8305656123483438,0.43386942640511234,0
T00549,R0046,Zone_2,-0.8290299613226754,-0.8669524441624635,-0.7398804752598972,2024-05-28,1.0,Vivaan Singh,31.0,Female,Kolkata,2025-10-25 00:03:47.581311,0.16831122664114473,0.6774638268266019,3.87,6371.0,0.91,58.4,Residential,Low,0,Tuesday,May,0,False,False,True,False,True,False,False,False,False,False,False,False,0.0,Low,4.3130784050476105,1.7119945007591924,5.5578772926361015,1.1260432438787409,0.8854537812536175,0,-1.1303325009532526,0.2422399486956406,0
T00550,R0129,Zone_6,0.13499386638536168,0.7576857771255591,0.05080586624957055,2023-01-05,0.0,Vivaan Singh,35.0,Male,Hyderabad,2024-04-16 00:03:47.581311,1.3405424199616272,0.6774638268266019,3.9,14627.0,0.54,37.6,Mixed,Low,0,Thursday,January,1,False,True,False,False,False,False,False,False,True,False,False,False,0.0,Low,4.904163049585739,2.269028309465203,9.288164511893617,0.046695678173123416,0.12664997458493465,0,0.8574074627721541,-0.12359814511335115,0
T00552,R0005,Zone_2,-0.08442075783874349,0.11170286573584698,-0.3658219816943514,2024-07-27,1.0,Diya Reddy,27.0,Female,Ahmedabad,2025-10-26 00:03:47.581311,-0.22243250446568272,-0.026056301031792503,3.53,6371.0,0.91,58.4,Residential,Low,0,Saturday,July,0,True,False,False,False,True,False,False,False,False,False,False,False,0.0,Low,4.636087288622813,2.166765369851511,8.0156097709407,-0.45305718758885805,0.0782387064156245,0,-1.1339011543890254,-0.07714251415347918,0
T00553,R0292,Zone_7,-0.5279184025470415,-0.8294021205212814,-0.5885227708034487,2024-06-23,1.0,Diya Patel,37.0,Male,Jaipur,2024-03-11 00:03:47.581311,0.5590549577479722,1.3809839546849962,4.39,11070.0,0.64,45.2,Industrial,Low,0,Sunday,June,1,False,False,True,False,False,False,False,False,False,True,False,False,0.0,Low,4.456554161659308,1.9213246735826988,5.671860364994893,0.42789223196550363,-0.11737633993013644,0,0.9858789864599721,0.4906485309116225,0
T00554,R0143,Zone_6,-1.8093931759410182,-1.7018604213718735,-1.486158045843775,2023-10-27,1.0,Meera Kumar,42.0,Female,Kolkata,2023-11-24 00:03:47.581311,0.16831122664114473,0.6774638268266019,4.56,14627.0,0.54,37.6,Mixed,Low,0,Friday,October,0,False,False,True,False,False,False,False,False,True,False,False,False,0.0,Low,2.8831233291713367,0.29266961396282,1.5588457268119895,-1.1508457362401752,-0.631090797563891,0,1.3712935575234262,0.2422399486956406,0
T00555,R0293,Zone_3,0.03695754492352742,0.29769431252107753,-0.068230661734407,2023-01-06,1.0,Arjun Kumar,39.0,Male,Delhi,2025-05-27 00:03:47.581311,-1.394663697786165,-0.7295764288901869,3.2,12971.0,2.11,38.0,Business,Low,0,Friday,January,1,False,False,False,False,False,True,False,False,False,False,False,False,0.0,Low,4.834613849850781,2.224623551524334,8.401785524517988,-1.4653820010446967,-0.9793717079759219,0,-0.5914658321515714,-0.204895499293127,0
T00556,R0175,Zone_10,-1.316877370501803,-1.2031451855124229,-1.0058075532285184,2024-06-09,1.0,Diya Patel,35.0,Female,Chennai,2024-09-24 00:03:47.581311,-0.22243250446568272,-0.7295764288901869,3.48,2440.0,1.54,35.4,Industrial,Low,0,Sunday,June,0,False,False,False,True,False,False,False,False,False,False,False,False,0.0,Low,3.9969154724461085,1.2383742310432684,4.407947368106838,-0.20976249229676938,-0.10616370772046754,0,0.2828542596127457,-0.5881544547120707,0
T00557,R0196,Zone_10,-0.46022665677577496,-0.857564863252168,-0.18923799316182816,2023-01-05,1.0,Vivaan Das,18.0,Male,Hyderabad,2025-01-13 00:03:47.581311,1.7312861510684545,-1.4330965567485814,4.93,2440.0,1.54,35.4,Industrial,Low,0,Thursday,January,1,False,False,False,True,False,False,False,False,False,False,False,False,0.0,Low,4.758577732617404,1.9629077254238845,5.586591089385369,-0.0564756095939968,-0.034067322116810524,0,-0.11326627175802653,-1.0991663952706623,0
T00558,R0145,Zone_5,0.1560016495557547,0.7101611487671882,-0.47053733798930747,2023-06-29,0.0,Saanvi Nair,36.0,Female,Jaipur,2023-09-13 00:03:47.581311,-1.394663697786165,1.3809839546849962,4.3,2590.0,1.31,43.9,Business,Low,0,Thursday,June,0,False,False,True,False,False,False,False,True,False,False,False,False,0.0,Low,4.555664766084252,2.278292400425001,9.200543462209176,2.058602754985357,0.991231350437957,0,1.6282366048990622,2.4779171886394784,0
T00559,R0010,Zone_1,-1.7370330339096642,-1.6546291549169492,-1.486158045843775,2023-07-19,1.0,Vivaan Gupta,25.0,Female,Surat,2024-08-19 00:03:47.581311,0.5590549577479722,0.6774638268266019,3.38,4921.0,2.43,30.9,Residential,Low,0,Wednesday,July,0,True,False,False,False,False,False,False,False,False,False,False,False,0.0,Low,2.8831233291713367,0.5007752879124893,2.009975124224178,0.81355314264958,0.16741507376964454,0,0.41132578330056374,0.09319479936605132,0
T00560,R0106,Zone_1,0.16300424394588559,-0.4650466364404355,-0.5811651046145936,2023-03-08,0.0,Aarav Patel,32.0,Male,Bengaluru,2024-02-14 00:03:47.581311,-1.394663697786165,-0.7295764288901869,4.03,4921.0,2.43,30.9,Residential,Low,0,Wednesday,March,1,False,True,False,False,False,False,False,False,False,False,False,False,0.0,Low,4.4630304188269685,2.281361456542419,6.67757440991862,1.0759531595538996,-0.6719556475339347,0,1.078663975790063,-0.204895499293127,0
T00561,R0278,Zone_9,0.33340070743907385,0.6180455110849131,0.3708643454647691,2023-09-18,1.0,Aarav Reddy,20.0,Male,Mumbai,2024-08-09 00:03:47.581311,0.5590549577479722,1.3809839546849962,4.27,11037.0,1.83,56.1,Mixed,Low,0,Monday,September,1,False,True,False,False,False,False,False,False,False,False,False,True,0.0,Low,5.070224085507913,2.3532782073095637,9.028288874421332,1.6189231259117443,3.0677772554880267,0,0.44701231765829097,0.4906485309116225,0
T00562,R0242,Zone_10,-1.5362919947259084,-1.3835627561321653,-1.4422748225031035,2024-06-13,0.0,Kavya Iyer,34.0,Female,Ahmedabad,2025-11-10 00:03:47.581311,-0.22243250446568272,-1.4330965567485814,4.54,2440.0,1.54,35.4,Industrial,Low,0,Thursday,June,0,False,True,False,True,False,False,False,False,False,False,False,False,0.0,Low,3.0544727685765913,0.9202827531436926,3.6441734316577197,-2.5568407292322184,-2.7290224243301915,0,-1.1874309559256162,-1.0991663952706623,0
T00563,R0211,Zone_5,-0.4789002418161244,-0.22272970419343177,-0.6601286292485569,2023-05-08,0.0,Arjun Reddy,36.0,Male,Mumbai,2023-11-07 00:03:47.581311,-0.22243250446568272,-0.026056301031792503,3.63,2590.0,1.31,43.9,Business,Low,0,Monday,May,1,True,False,False,False,False,False,False,True,False,False,False,False,0.0,Low,4.391234115424795,1.951608170169951,7.269800547470337,-0.8891355687698352,-1.2254698337813625,0,1.4319606659315625,-0.07714251415347918,0
T00564,R0003,Zone_5,-1.6203231274074805,-1.523789745979705,-1.47288796932459,2023-01-26,1.0,Kavya Reddy,34.0,Female,Pune,2025-04-30 00:03:47.581311,0.9497986888547996,1.3809839546849962,3.76,2590.0,1.31,43.9,Business,Low,0,Thursday,January,0,False,False,True,False,False,False,False,True,False,False,False,False,0.0,Low,2.9381031607173544,0.7654678421395714,2.9154759474226504,-0.7800317884589186,-1.043168804390227,0,-0.4951121893857079,0.3316670382933942,0
T00565,R0139,Zone_9,1.8179507181468504,0.8712168337594459,1.0708937285758433,2023-09-04,1.0,Diya Gupta,44.0,Male,Kolkata,2025-01-18 00:03:47.581311,0.16831122664114473,1.3809839546849962,4.39,11037.0,1.83,56.1,Mixed,Low,0,Monday,September,1,False,True,False,False,False,False,False,False,False,False,False,True,0.0,Low,5.358894928433641,2.826129489167811,9.494208761134336,-0.42822260796561756,-0.2510766163965579,0,-0.13110953893689015,0.6893753966844082,0
T00566,R0028,Zone_3,0.36374528312964177,0.7744074056220231,0.7694921886252419,2023-09-29,1.0,Reyansh Sharma,20.0,Female,Surat,2023-11-20 00:03:47.581311,-0.22243250446568272,-0.026056301031792503,3.79,12971.0,2.11,38.0,Business,Low,0,Friday,September,0,False,False,True,False,False,True,False,False,False,False,False,False,0.0,Low,5.244652841962344,2.365559892155434,9.318798205777396,0.9258933691185541,0.9185564937528236,0,1.385568171266517,-0.07714251415347918,0
T00567,R0177,Zone_10,-0.2314752400314951,-0.1540830187868957,0.13883508672337327,2024-02-06,1.0,Ishaan Reddy,34.0,Female,Bengaluru,2024-06-30 00:03:47.581311,1.3405424199616272,1.3809839546849962,4.48,2440.0,1.54,35.4,Industrial,Low,0,Tuesday,February,0,False,False,True,True,False,False,False,False,False,False,False,False,0.0,Low,4.952653011557909,2.0918640616783932,7.4289972405433025,0.5084887550502762,0.11712398326918608,0,0.5897584550891999,0.20159127160575266,0
T00568,R0067,Zone_7,-0.2128016549911457,0.20557867483880252,0.2875650532552306,2023-04-01,1.0,Saanvi Iyer,32.0,Female,Pune,2025-10-23 00:03:47.581311,2.122029882175282,-1.4330965567485814,3.38,11070.0,0.64,45.2,Industrial,Low,0,Saturday,April,0,False,True,False,False,False,False,False,False,False,True,False,False,0.0,Low,5.0295878870129425,2.1016921506146558,8.212794895770866,0.35712645169762713,0.4338649281973977,0,-1.123195194081707,-1.0991663952706623,0
T00569,R0077,Zone_3,1.2997587332771547,0.3375915313898336,1.3382660624029896,2023-09-16,0.0,Reyansh Das,28.0,Female,Mumbai,2026-04-04 00:03:47.581311,2.5127736132821092,-1.4330965567485814,3.79,12971.0,2.11,38.0,Business,Low,0,Saturday,September,0,False,False,False,False,False,True,False,False,False,False,False,False,0.0,Low,5.450351522403535,2.6851226964585053,8.482334584299302,1.4133246098594512,1.137265784680176,0,-1.704885704112661,-1.0991663952706623,0
T00570,R0167,Zone_9,-0.131104720439617,-0.3746911701788409,-0.09542774925392519,2023-08-08,0.0,Kavya Nair,44.0,Female,Hyderabad,2024-04-04 00:03:47.581311,-0.22243250446568272,-0.026056301031792503,4.75,11037.0,1.83,56.1,Mixed,Low,0,Tuesday,August,0,False,False,False,False,False,False,False,False,False,False,False,True,0.0,Low,4.818020947816869,2.143589361503588,6.904346457123947,0.6455572669307834,0.7823206512988862,0,0.9002313040014268,-0.07714251415347918,0
T00571,R0167,Zone_10,0.36374528312964177,0.6274330919952085,0.8098279657677155,2024-07-24,1.0,Kavya Nair,44.0,Female,Hyderabad,2025-07-23 00:03:47.581311,-0.22243250446568272,0.6774638268266019,4.75,2440.0,1.54,35.4,Industrial,Low,0,Wednesday,July,0,True,False,False,True,False,False,False,False,False,False,False,False,0.0,Low,5.260719336132718,2.365559892155434,9.045993588324059,0.6455572669307834,0.7823206512988862,0,-0.7948790779906166,0.43386942640511234,0
T00572,R0086,Zone_3,1.7502589723755837,2.7050220922049912,2.026996172438322,2024-04-19,0.0,Vivaan Patel,23.0,Male,Hyderabad,2025-01-31 00:03:47.581311,-0.6131762355725101,-0.7295764288901869,4.56,12971.0,2.11,38.0,Business,Low,0,Friday,April,1,False,False,True,False,False,True,False,False,False,False,False,False,0.0,Low,5.6534010450952765,2.808800104202353,12.355160864998885,1.5842201916736194,1.5382997160632135,0,-0.17750203360193556,-0.5029857979523055,0
T00573,R0170,Zone_1,-0.42521368482512,0.012839904274297091,-0.20750077173773646,2024-02-15,0.0,Saanvi Kumar,29.0,Male,Bengaluru,2024-03-15 00:03:47.581311,-0.22243250446568272,0.6774638268266019,3.68,4921.0,2.43,30.9,Residential,Low,0,Thursday,February,1,False,True,False,False,False,False,False,False,False,False,False,False,0.0,Low,4.746582938938415,1.9837562915454279,7.802563681252464,-0.26364090232685156,0.24261893781325272,0,0.9716043727168813,0.43386942640511234,0
T00574,R0236,Zone_6,-1.29586958733141,-1.1063357573750001,-1.436493799069003,2023-11-05,0.0,Arjun Gupta,28.0,Male,Ahmedabad,2025-08-10 00:03:47.581311,1.3405424199616272,1.3809839546849962,3.36,14627.0,0.54,37.6,Mixed,Low,0,Sunday,November,1,False,False,True,False,False,False,False,False,True,False,False,False,0.0,Low,3.075005454448499,1.264126727145683,4.767598976424087,-2.0892312330904557,-1.9871584832459817,0,-0.8591148398345256,0.20159127160575266,0
T00575,R0141,Zone_8,-0.9830870379055578,-1.0356355386443366,-0.49169062828226595,2024-05-26,0.0,Arjun Das,25.0,Female,Jaipur,2024-06-16 00:03:47.581311,-1.394663697786165,-0.7295764288901869,4.29,4516.0,1.93,31.0,Business,Low,0,Sunday,May,0,False,True,False,False,False,False,False,False,False,False,True,False,0.0,Low,4.538602941715978,1.5851452198650557,5.01398045468867,-0.30152415937925287,0.18814821189622805,0,0.639719603190018,-0.204895499293127,0
T00576,R0049,Zone_10,1.6452200565236186,0.586949149319559,0.24709788921652714,2023-08-31,0.0,Meera Iyer,39.0,Female,Mumbai,2024-10-15 00:03:47.581311,-0.6131762355725101,-0.026056301031792503,4.4,2440.0,1.54,35.4,Industrial,Low,0,Thursday,August,0,False,False,True,True,False,False,False,False,False,False,False,False,0.0,Low,5.009234313180627,2.7813006628418027,8.969392398596462,0.9644781679682218,1.0635677818645393,0,0.20791253746151853,0.09319479936605132,0
T00577,R0055,Zone_6,0.08597570565444476,0.22376711285249984,-0.7912527516856536,2023-01-09,0.0,Kavya Singh,32.0,Female,Delhi,2024-12-01 00:03:47.581311,0.16831122664114473,-0.026056301031792503,4.19,14627.0,0.54,37.6,Mixed,Low,0,Monday,January,0,True,False,False,False,False,False,False,False,True,False,False,False,0.0,Low,4.259293869291585,2.247072383063787,8.250454532933322,0.5131763297865582,0.1910405673036116,0,0.04018582598020055,-0.204895499293127,0
T00578,R0007,Zone_10,-0.6072811389685264,-0.45800595075771394,-0.610595769370014,2024-02-09,0.0,Ishaan Ghosh,18.0,Female,Mumbai,2025-12-06 00:03:47.581311,-0.6131762355725101,-0.7295764288901869,4.03,2440.0,1.54,35.4,Industrial,Low,0,Friday,February,0,True,False,False,True,False,False,False,False,False,False,False,False,0.0,Low,4.436869870556391,1.8702625307159986,6.695520890864279,-0.8770690498568474,-1.008074892113964,0,-1.280215945255707,-0.5029857979523055,0
T00579,R0249,Zone_1,1.1153570810037043,1.9619363907744092,0.8135067988621432,2024-05-23,1.0,Diya Nair,20.0,Male,Mumbai,2024-06-11 00:03:47.581311,0.16831122664114473,-1.4330965567485814,4.49,4921.0,2.43,30.9,Residential,Low,0,Thursday,May,1,False,False,True,False,False,False,False,False,False,False,False,False,0.0,Low,5.262171919911683,2.6297282343267403,11.283616441549224,-0.001720272317331987,0.16802568213342545,0,0.6575628703688816,-1.0991663952706623,0
T00580,R0284,Zone_3,1.1433674585642286,1.2194374131507215,-0.17123798837837892,2024-06-21,1.0,Vivaan Das,28.0,Male,Surat,2024-08-21 00:03:47.581311,-0.22243250446568272,-0.7295764288901869,4.95,12971.0,2.11,38.0,Business,Low,0,Friday,June,1,False,True,False,False,False,True,False,False,False,False,False,False,0.0,Low,4.770260805853684,2.63834278867739,10.1,0.35932821364597145,0.3313020962633371,0,0.4041884764290183,-0.5881544547120707,0
T00581,R0193,Zone_5,-0.5769365632779586,-0.8276419491006011,-0.22458106824757867,2023-12-21,0.0,Kavya Singh,33.0,Female,Chennai,2024-08-17 00:03:47.581311,-0.22243250446568272,1.3809839546849962,4.41,2590.0,1.31,43.9,Business,Low,0,Thursday,December,0,False,False,True,False,False,False,False,True,False,False,False,False,0.0,Low,4.7352330702862595,1.890095369948917,5.677147170894902,-0.046443561893082935,0.49832676689057426,0,0.4184630901721092,0.9448813669637038,0
T00582,R0177,Zone_5,-1.1558176995287894,-1.2659246328500242,-1.2066981175635096,2024-08-10,0.0,Ishaan Reddy,34.0,Male,Bengaluru,2025-05-22 00:03:47.581311,1.3405424199616272,-1.4330965567485814,4.48,2590.0,1.31,43.9,Business,Low,0,Saturday,August,1,True,False,False,False,False,False,False,True,False,False,False,False,0.0,Low,3.66714496196793,1.420695787837223,4.158124577258358,0.5084887550502762,0.11712398326918608,0,-0.5736225649727078,-1.0991663952706623,0
T00583,R0147,Zone_5,-1.853742940411848,-1.7294364402958666,-1.486158045843775,2023-02-10,0.0,Saanvi Nair,35.0,Male,Mumbai,2024-03-22 00:03:47.581311,0.16831122664114473,-0.026056301031792503,3.91,2590.0,1.31,43.9,Business,Low,0,Friday,February,1,False,False,True,False,False,False,False,True,False,False,False,False,0.0,Low,2.8831233291713367,0.1397619423751587,1.2206555615733703,-0.08716806322441498,-0.018448602916935477,0,0.9466237986664722,-0.204895499293127,0
T00584,R0104,Zone_5,-1.662338693748267,-1.580408593344925,-1.486158045843775,2024-03-04,0.0,Diya Gupta,52.0,Female,Kolkata,2023-12-31 00:03:47.581311,0.5590549577479722,-0.7295764288901869,3.7,2590.0,1.31,43.9,Business,Low,0,Monday,March,0,False,False,False,False,False,False,False,True,False,False,False,False,0.0,Low,2.8831233291713367,0.6780335427498971,2.563201123595259,-1.7112490162600968,-1.464277387544063,0,1.2392533803998353,-0.701712663725091,0
T00585,R0088,Zone_9,-0.3295115614933294,-0.002414914704933261,-0.700858567079719,2023-08-03,1.0,Diya Iyer,22.0,Male,Jaipur,2025-03-06 00:03:47.581311,0.16831122664114473,0.6774638268266019,4.78,11037.0,1.83,56.1,Mixed,Low,0,Thursday,August,1,False,False,True,False,False,False,False,False,False,False,False,True,0.0,Low,4.35208275830081,2.038619547159581,7.769169839822013,-0.1829285185513184,-0.6036960599196656,0,-0.2988362504182081,0.2422399486956406,0
T00586,R0040,Zone_3,-1.0647839724570864,-0.7871580064249515,-1.285530255301243,2024-06-26,1.0,Aarav Gupta,34.0,Female,Surat,2024-07-24 00:03:47.581311,0.9497986888547996,0.6774638268266019,4.41,12971.0,2.11,38.0,Business,Low,0,Wednesday,June,0,False,True,False,False,False,True,False,False,False,False,False,False,0.0,Low,3.500741011998417,1.5107219394949427,5.797413216254298,-0.027501933366882544,-0.5258503800980654,0,0.5041107726306545,-0.02604132009762001,0
T00587,R0176,Zone_9,2.147072654483008,2.013861447684482,2.026996172438322,2024-02-04,0.0,Kavya Gupta,43.0,Male,Mumbai,2024-08-16 00:03:47.581311,-0.6131762355725101,1.3809839546849962,3.95,11037.0,1.83,56.1,Mixed,Low,0,Sunday,February,1,False,False,True,False,False,False,False,False,False,False,False,True,0.0,Low,5.6534010450952765,2.906354462402774,11.361778029868388,4.175154357338968,3.600907222673888,0,0.4220317436078819,1.285555994002765,0
T00588,R0103,Zone_7,0.04629433744370192,0.41650588341700545,0.12320004607205615,2023-06-22,0.0,Ishaan Gupta,37.0,Female,Surat,2024-06-08 00:03:47.581311,0.5590549577479722,0.6774638268266019,3.07,11070.0,0.64,45.2,Industrial,Low,0,Thursday,June,0,False,False,False,False,False,False,False,False,False,True,False,False,0.0,Low,4.944210550715014,2.2289385528257473,8.63944442658207,-0.09134223691815115,0.09274639385583802,0,0.6682688306761998,0.09319479936605132,0
T00589,R0149,Zone_6,-1.489608032125035,-1.3691880228632751,-1.331384282085358,2023-10-05,0.0,Diya Reddy,30.0,Female,Jaipur,2024-08-11 00:03:47.581311,-0.22243250446568272,-0.7295764288901869,4.57,14627.0,0.54,37.6,Mixed,Low,0,Thursday,October,0,True,False,False,False,False,False,False,False,True,False,False,False,0.0,Low,3.3894621254437345,0.9969486348916096,3.7107950630558943,-1.1972527261293666,-1.1747060449986992,0,0.4398750107867455,-0.5881544547120707,0
T00590,R0067,Zone_6,1.6335490658734,2.1344331900010896,0.2003241541588052,2024-06-17,1.0,Saanvi Iyer,32.0,Female,Pune,2024-07-28 00:03:47.581311,2.122029882175282,-0.7295764288901869,3.38,14627.0,0.54,37.6,Mixed,Low,0,Monday,June,0,True,False,False,False,False,False,False,False,True,False,False,False,0.0,Low,4.985180724623787,2.7781979610042917,11.541230437002806,0.35712645169762713,0.4338649281973977,0,0.48983615888756366,-0.8240061195852668,0
T00591,R0028,Zone_4,0.16767264020597325,0.027214637543186995,-0.177150398708709,2023-08-24,0.0,Reyansh Sharma,20.0,Female,Surat,2025-04-20 00:03:47.581311,-0.22243250446568272,0.6774638268266019,3.79,4038.0,2.46,48.2,Business,Low,0,Thursday,August,0,False,False,False,False,False,False,True,False,False,False,False,False,0.0,Low,4.7664383335842135,2.2834022735772717,7.8339006886735545,0.9258933691185541,0.9185564937528236,0,-0.45942565502798066,0.43386942640511234,0
T00592,R0098,Zone_5,0.8002403334478085,0.5359041781198267,-0.2026394565772428,2023-02-05,0.0,Diya Singh,21.0,Male,Bengaluru,2024-08-19 00:03:47.581311,0.16831122664114473,-0.7295764288901869,3.5,2590.0,1.31,43.9,Business,Low,0,Sunday,February,1,True,False,False,False,False,False,False,True,False,False,False,False,0.0,Low,4.749789875598035,2.5273273656719524,8.871865643707642,0.452036962154766,0.06650400733423714,0,0.41132578330056374,-0.6520309472818946,0
T00593,R0154,Zone_4,0.7745641540173283,-0.06050057158738685,1.2960908687133021,2023-08-24,0.0,Kavya Patel,18.0,Female,Kolkata,2023-12-08 00:03:47.581311,2.122029882175282,1.3809839546849962,4.68,4038.0,2.46,48.2,Business,Low,0,Thursday,August,0,False,False,True,False,False,False,True,False,False,False,False,False,0.0,Low,5.436469317930779,2.5185025992165158,7.6406805979572265,1.5153179942313024,0.8079005153852908,0,1.321332409422608,0.0014747074709196375,0
T00594,R0187,Zone_9,0.32406391491889935,0.6418078252640983,1.3109375879872418,2024-07-23,1.0,Saanvi Reddy,27.0,Female,Surat,2024-04-26 00:03:47.581311,-0.22243250446568272,-1.4330965567485814,4.71,11037.0,1.83,56.1,Mixed,Low,0,Tuesday,July,0,False,False,False,False,False,False,False,False,False,False,False,True,0.0,Low,5.441378209388689,2.349468678892896,9.073036977771004,1.594322393554259,2.141326304672151,0,0.8217209284144269,-1.0991663952706623,1
T00595,R0175,Zone_2,0.5901625017438779,0.5931097492919403,0.06591535931596956,2024-01-16,1.0,Diya Patel,35.0,Female,Chennai,2026-03-28 00:03:47.581311,-0.22243250446568272,1.3809839546849962,3.48,6371.0,0.91,58.4,Residential,Low,0,Tuesday,January,0,False,False,False,False,True,False,False,False,False,False,False,False,0.0,Low,4.912654885736052,2.4527277514237653,8.981091247727083,-0.20976249229676938,-0.10616370772046754,0,-1.6799051300622518,0.9448813669637038,0
T00596,R0290,Zone_10,0.2563721691476326,-0.06666117155976833,0.6131417821120703,2023-09-09,0.0,Saanvi Kumar,34.0,Male,Chennai,2025-07-14 00:03:47.581311,0.5590549577479722,1.3809839546849962,4.28,2440.0,1.54,35.4,Industrial,Low,0,Saturday,September,1,False,True,False,True,False,False,False,False,False,False,False,False,0.0,Low,5.179815322467036,2.321406847234633,7.626925986267338,-0.30152415937925287,-0.3385542988287802,0,-0.7627611970686621,0.4906485309116225,0
T00597,R0019,Zone_5,-1.3122089742417156,-1.1840766617883849,-0.9595593657557148,2023-07-11,0.0,Kavya Patel,40.0,Female,Mumbai,2024-05-29 00:03:47.581311,-1.0039199666793377,-0.7295764288901869,4.08,2590.0,1.31,43.9,Business,Low,0,Tuesday,July,0,False,False,False,False,False,False,False,True,False,False,False,False,0.0,Low,4.059580569785761,1.244154593958768,4.481071300481616,-0.2013439907295691,-0.11189647419322601,0,0.703955365033927,-0.383749678488634,0
T00598,R0077,Zone_8,0.40576084947042784,-0.09218365715963447,-0.2746394757110395,2023-10-08,0.0,Reyansh Das,28.0,Male,Mumbai,2025-12-19 00:03:47.581311,2.5127736132821092,-1.4330965567485814,3.79,4516.0,1.93,31.0,Business,Low,0,Sunday,October,1,True,False,False,False,False,False,False,False,False,False,True,False,0.0,Low,4.701207374185033,2.382320061012899,7.569676347110224,1.4133246098594512,1.137265784680176,0,-1.3266084399207523,-1.0991663952706623,0
T00599,R0077,Zone_8,1.1737120342547962,1.710525239520557,-0.06954453069670267,2023-08-18,1.0,Reyansh Das,28.0,Female,Mumbai,2023-12-05 00:03:47.581311,2.5127736132821092,-0.7295764288901869,3.79,4516.0,1.93,31.0,Business,Low,0,Friday,August,0,False,True,False,False,False,False,False,False,False,False,True,False,0.0,Low,4.8338185579367465,2.647592232065096,10.897247358851684,1.4133246098594512,1.137265784680176,0,1.3320383697299263,-0.8436604249913665,0
T00600,R0058,Zone_9,-0.26648821198215006,-0.013856028939355973,-0.6075738707567344,2023-09-10,1.0,Vivaan Reddy,46.0,Male,Kolkata,2024-05-21 00:03:47.581311,0.16831122664114473,-0.026056301031792503,4.32,11037.0,1.83,56.1,Mixed,Low,0,Sunday,September,1,False,False,True,False,False,False,False,False,False,False,False,True,0.0,Low,4.439587745198413,2.0731719286662407,7.744029958619737,0.8387618778980307,0.014896122993908854,0,0.7325045925201088,-0.204895499293127,0
T00601,R0070,Zone_3,0.6228412755644894,1.043126909179233,1.631390227891129,2024-05-04,1.0,Meera Reddy,33.0,Male,Bengaluru,2026-01-13 00:03:47.581311,-0.6131762355725101,-0.7295764288901869,3.54,12971.0,2.11,38.0,Business,Low,0,Saturday,May,1,False,False,True,False,False,True,False,False,False,False,False,False,0.0,Low,5.54185160750998,2.464703942470481,9.797958971132712,2.1509256555056537,2.2025497950504977,0,-1.4158247758150704,-0.5029857979523055,1
T00602,R0268,Zone_10,0.4687841989816069,1.1742596800199239,1.0689229251324,2023-07-25,1.0,Ishaan Kumar,34.0,Female,Chennai,2026-01-22 00:03:47.581311,-1.0039199666793377,-0.7295764288901869,4.6,2440.0,1.54,35.4,Industrial,Low,0,Tuesday,July,0,False,True,False,True,False,False,False,False,False,False,False,False,0.0,Low,5.358188763585427,2.4069451083182885,10.023472452199387,0.2429845219872635,0.5035306455174099,0,-1.4479426567370248,-0.383749678488634,0
T00603,R0021,Zone_10,2.0980544937520906,2.4694524837372622,2.026996172438322,2023-04-09,0.0,Diya Ghosh,37.0,Male,Pune,2025-05-25 00:03:47.581311,-1.394663697786165,-0.7295764288901869,3.91,2440.0,1.54,35.4,Industrial,Low,0,Sunday,April,1,False,False,True,True,False,False,False,False,False,False,False,False,0.0,Low,5.6534010450952765,2.89480635496403,12.025805586321441,0.3467004612951715,0.5515933285155454,0,-0.584328525280026,-0.204895499293127,0
T00604,R0290,Zone_6,-0.3155063727130672,-0.14850914262140757,-0.9737491505485067,2023-06-02,1.0,Saanvi Kumar,34.0,Female,Chennai,2023-08-27 00:03:47.581311,0.5590549577479722,-1.4330965567485814,4.28,14627.0,0.54,37.6,Mixed,Low,0,Friday,June,0,True,False,False,False,False,False,False,False,True,False,False,False,0.0,Low,4.040767961318708,2.046401687601636,7.441773982055623,-0.30152415937925287,-0.3385542988287802,0,1.6889037133071985,-1.0991663952706623,0
T00605,R0134,Zone_2,-0.36219033531394074,-0.06607444775287498,0.34760886483213754,2023-07-10,1.0,Aadhya Singh,34.0,Female,Jaipur,2025-12-21 00:03:47.581311,-0.22243250446568272,-0.7295764288901869,4.59,6371.0,0.91,58.4,Residential,Low,0,Monday,July,0,False,False,True,False,True,False,False,False,False,False,False,False,0.0,Low,5.059044433303943,2.020222182019865,7.62823701781742,-0.06917351612452413,0.824112235552521,0,-1.3337457467922977,-0.5881544547120707,1
T00606,R0190,Zone_1,-0.1567808998700975,-0.546601245598628,-0.6087563528228003,2024-06-01,0.0,Saanvi Iyer,35.0,Female,Surat,2024-03-06 00:03:47.581311,0.5590549577479722,-1.4330965567485814,4.12,4921.0,2.43,30.9,Residential,Low,0,Saturday,June,0,False,False,True,False,False,False,False,False,False,False,False,False,0.0,Low,4.438525108579144,2.130609828254235,6.466065264130885,-0.18562945447079532,-0.19072280022913898,0,1.0037222536388357,-1.0991663952706623,0
T00607,R0232,Zone_7,-0.1404415129597917,0.1533602560252835,0.41619282466396573,2024-06-28,1.0,Meera Das,38.0,Male,Jaipur,2026-02-15 00:03:47.581311,2.122029882175282,0.6774638268266019,3.94,11070.0,0.64,45.2,Industrial,Low,0,Friday,June,1,False,True,False,False,False,False,False,False,False,True,False,False,0.0,Low,5.091662132738629,2.138889000323256,8.103702857336268,-0.5435884582884439,-0.5039447609027993,0,-1.5335903391955703,-0.2736855682144758,0
T00608,R0180,Zone_10,-1.104465340667829,-1.241868956767392,-0.9105520534620903,2023-09-26,1.0,Diya Kumar,33.0,Male,Hyderabad,2025-11-11 00:03:47.581311,-1.7854074288929924,-0.026056301031792503,4.53,2440.0,1.54,35.4,Industrial,Low,0,Tuesday,September,1,False,False,False,True,False,False,False,False,False,False,False,False,0.0,Low,4.1219597292550745,1.4724720573609429,4.255584566190643,-3.658541967659833,-3.250559358821967,0,-1.1909996093613888,1.285555994002765,0
T00609,R0088,Zone_9,-0.7706750080715835,-0.9878175483825187,-1.1905375293272742,2024-02-17,0.0,Diya Iyer,22.0,Female,Jaipur,2023-11-19 00:03:47.581311,0.16831122664114473,-1.4330965567485814,4.78,11037.0,1.83,56.1,Mixed,Low,0,Saturday,February,0,False,True,False,False,False,False,False,False,False,False,False,True,0.0,Low,3.6980869348648495,1.7561322915849038,5.173973328110612,-0.1829285185513184,-0.6036960599196656,0,1.3891368247022897,-1.0991663952706623,0
T00610,R0157,Zone_6,0.3287323111789866,0.5857757017057719,-0.5954862763036153,2023-09-18,1.0,Kavya Nair,36.0,Female,Hyderabad,2025-03-06 00:03:47.581311,0.9497986888547996,0.6774638268266019,4.65,14627.0,0.54,37.6,Mixed,Low,0,Monday,September,0,False,False,True,False,False,False,False,False,True,False,False,False,0.0,Low,4.450385972187225,2.3513752571634776,8.967162315916893,1.9436902085930725,1.7634406609740068,0,-0.2988362504182081,-0.02604132009762001,0
T00611,R0099,Zone_4,-0.030734200847739115,0.0286814470604208,0.28165264292490033,2024-01-28,1.0,Diya Gupta,35.0,Male,Mumbai,2024-07-25 00:03:47.581311,0.5590549577479722,-1.4330965567485814,3.7,4038.0,2.46,48.2,Business,Low,0,Sunday,January,1,False,True,False,False,False,False,True,False,False,False,False,False,0.0,Low,5.026639868237972,2.192770226986839,7.8370912971586595,-0.22622533980596085,0.4143395868343376,0,0.5005421191948818,-1.0991663952706623,0
T00612,R0247,Zone_8,-0.9550766603450338,-0.6085006072258893,-0.5584351715668804,2024-03-07,0.0,Aadhya Das,37.0,Female,Bengaluru,2023-12-11 00:03:47.581311,1.7312861510684545,-1.4330965567485814,4.92,4516.0,1.93,31.0,Business,Low,0,Thursday,March,0,True,False,False,False,False,False,False,False,False,False,True,False,0.0,Low,4.482776537774025,1.6094379124341003,6.300793600809346,0.873628505222185,0.835705268246608,0,1.31062644911529,-1.0991663952706623,0
T00613,R0148,Zone_3,-0.796351187502064,-0.6416505023153705,-0.3798803795909139,2024-08-01,1.0,Aarav Kumar,44.0,Female,Ahmedabad,2025-07-22 00:03:47.581311,-1.394663697786165,-0.026056301031792503,3.36,12971.0,2.11,38.0,Business,Low,0,Thursday,August,0,False,False,False,False,False,True,False,False,False,False,False,False,0.0,Low,4.625658852415407,1.7369512327330598,6.210475022089695,-1.3519426924266726,-0.9197891865838057,0,-0.7913104245548439,0.6893753966844082,0
T00614,R0252,Zone_5,-0.4368846754753383,-0.8302822062316216,-0.6212381079646081,2024-02-10,0.0,Reyansh Gupta,38.0,Female,Ahmedabad,2025-06-03 00:03:47.581311,3.294261075495764,1.3809839546849962,4.83,2590.0,1.31,43.9,Business,Low,0,Saturday,February,0,False,True,False,False,False,False,False,True,False,False,False,False,0.0,Low,4.4272389774954295,1.9768549529047348,5.669215113223347,-1.0701859680994372,-0.8012439342440127,0,-0.6164464062019804,-0.204895499293127,0
T00615,R0249,Zone_1,-0.9574108584750773,-1.1632479666436668,-0.633457089313957,2023-11-30,0.0,Diya Nair,20.0,Male,Mumbai,2024-04-29 00:03:47.581311,0.16831122664114473,1.3809839546849962,4.49,4921.0,2.43,30.9,Residential,Low,0,Thursday,November,1,False,False,True,False,False,False,False,False,False,False,False,False,0.0,Low,4.416065676897304,1.6074359097634274,4.559605246071199,-0.001720272317331987,0.16802568213342545,0,0.8110149681071087,0.6893753966844082,0
T00616,R0182,Zone_4,-0.6212863277487886,-0.7537147494320235,-0.24823070956889873,2024-01-15,1.0,Meera Patel,43.0,Male,Jaipur,2026-03-04 00:03:47.581311,-1.0039199666793377,-1.4330965567485814,4.4,4038.0,2.46,48.2,Business,Low,0,Monday,January,1,True,False,False,False,False,False,True,False,False,False,False,False,0.0,Low,4.719302120033004,1.860974538249528,5.894913061275798,1.0691762657923034,0.8879659985217454,0,-1.5942574476037066,-1.0991663952706623,0
T00617,R0215,Zone_7,-0.6516309034393563,-0.3732243606616073,-0.5330775005945761,2024-05-26,1.0,Saanvi Gupta,26.0,Male,Hyderabad,2025-12-30 00:03:47.581311,-1.0039199666793377,-0.7295764288901869,3.24,11070.0,0.64,45.2,Industrial,Low,0,Sunday,May,1,False,False,False,False,False,False,False,False,False,True,False,False,0.0,Low,4.504354880749275,1.840549633397487,6.907966415668217,-2.6292398427101413,-1.71356720458635,0,-1.3658636277142522,-0.383749678488634,0
T00618,R0282,Zone_2,1.0243233539320014,1.521600173700859,0.020586880116772902,2024-03-17,1.0,Reyansh Kumar,22.0,Female,Bengaluru,2023-10-26 00:03:47.581311,0.5590549577479722,0.6774638268266019,4.47,6371.0,0.91,58.4,Residential,Low,0,Sunday,March,0,False,False,True,False,True,False,False,False,False,False,False,False,0.0,Low,4.886959932735035,2.601207105484161,10.59764124699454,1.3124896688656529,0.8859312494478517,0,1.4747845071608352,0.09319479936605132,0
T00619,R0026,Zone_8,1.1643752417346216,0.8011033388356761,0.6291709834520761,2024-07-08,1.0,Aarav Kumar,26.0,Female,Surat,2023-11-06 00:03:47.581311,0.5590549577479722,-0.7295764288901869,3.17,4516.0,1.93,31.0,Business,Low,0,Monday,July,0,True,False,False,False,False,False,False,False,False,False,True,False,0.0,Low,5.186659285005154,2.644755350729896,9.367496997597597,0.42330882555669486,-0.7222918137030796,0,1.4355293193673353,-0.701712663725091,0
T00620,R0120,Zone_9,1.068673118402831,0.9240219763798583,0.4578424707687352,2024-07-20,1.0,Ishaan Gupta,18.0,Female,Surat,2025-10-03 00:03:47.581311,0.16831122664114473,-0.7295764288901869,4.55,11037.0,1.83,56.1,Mixed,Low,0,Saturday,July,0,True,False,False,False,False,False,False,False,False,False,False,True,0.0,Low,5.110963167226007,2.6152036507358583,9.588534820294496,0.25535971929104845,-0.10707863647178281,0,-1.0518221253662527,-0.6520309472818946,0
T00621,R0261,Zone_4,0.4757867933717382,0.07884633254981264,0.8008936568241056,2023-12-11,0.0,Aarav Kumar,31.0,Male,Pune,2025-03-09 00:03:47.581311,-0.6131762355725101,-1.4330965567485814,4.24,4038.0,2.46,48.2,Business,Low,0,Monday,December,1,True,False,False,False,False,False,True,False,False,False,False,False,0.0,Low,5.257182823189481,2.4096441652874536,7.945438943192503,0.060892333088721017,-0.7171314843730796,0,-0.3095422107255263,-1.0991663952706623,0
T00622,R0117,Zone_3,-0.8477035463630248,-0.8745798536520787,-0.37423074305304294,2023-07-24,1.0,Aadhya Gupta,21.0,Female,Ahmedabad,2025-07-10 00:03:47.581311,-1.0039199666793377,-1.4330965567485814,3.16,12971.0,2.11,38.0,Business,Low,0,Monday,July,0,False,False,False,False,False,True,False,False,False,False,False,False,0.0,Low,4.629862798578463,1.6974487897568136,5.534437640808685,-1.3280762404836604,-1.0474329626479704,0,-0.7484865833255712,-1.0991663952706623,0
T00623,R0236,Zone_3,1.099017694093399,0.9642125571520612,0.39635340333330293,2023-06-23,0.0,Arjun Gupta,28.0,Female,Ahmedabad,2025-04-25 00:03:47.581311,1.3405424199616272,-1.4330965567485814,3.36,12971.0,2.11,38.0,Business,Low,0,Friday,June,0,False,False,True,False,False,True,False,False,False,False,False,False,0.0,Low,5.082335608261447,2.624668592163159,9.659710140578753,-2.0892312330904557,-1.9871584832459817,0,-0.47726892220684425,-1.0991663952706623,0
T00624,R0199,Zone_7,-0.3878665147444212,-0.41048132239934265,0.36692273857788227,2023-01-31,0.0,Aarav Das,29.0,Female,Ahmedabad,2024-03-26 00:03:47.581311,0.9497986888547996,-1.4330965567485814,3.91,11070.0,0.64,45.2,Industrial,Low,0,Tuesday,January,0,False,True,False,False,False,False,False,False,False,True,False,False,0.0,Low,5.068338004224545,2.005525858729668,6.815423684555495,0.24946676819400834,0.9689188944381358,0,0.9323491849233813,-1.0991663952706623,1
T00625,R0099,Zone_2,0.0066129692329594866,-0.4518453507853325,-0.053252555564237615,2023-06-06,1.0,Diya Gupta,35.0,Female,Mumbai,2023-09-20 00:03:47.581311,0.5590549577479722,1.3809839546849962,3.7,6371.0,0.91,58.4,Residential,Low,0,Tuesday,June,0,False,False,False,False,True,False,False,False,False,False,False,False,0.0,Low,4.843635753400086,2.21046980408624,6.711184694225007,-0.22622533980596085,0.4143395868343376,0,1.6032560308486532,0.4906485309116225,0
T00626,R0254,Zone_6,1.540181140671653,1.9777779335605334,1.5281201274546978,2024-04-17,1.0,Meera Kumar,18.0,Male,Delhi,2024-04-11 00:03:47.581311,-0.22243250446568272,-1.4330965567485814,3.68,14627.0,0.54,37.6,Mixed,Low,0,Wednesday,April,1,False,False,True,False,False,False,False,False,True,False,False,False,0.0,Low,5.510561736993246,2.753023566744941,11.30751962191532,2.165938649967161,1.4389443564364945,0,0.8752507299510177,-1.0991663952706623,0
T00627,R0215,Zone_1,0.07663891313426985,0.13957224656328696,0.8471418442969095,2023-06-11,0.0,Saanvi Gupta,26.0,Male,Hyderabad,2024-09-11 00:03:47.581311,-1.0039199666793377,1.3809839546849962,3.24,4921.0,2.43,30.9,Residential,Low,0,Sunday,June,1,False,False,True,False,False,False,False,False,False,False,False,False,0.0,Low,5.27535575491069,2.2428350885882717,8.07465169527454,-2.6292398427101413,-1.71356720458635,0,0.3292467542777911,1.7625004718574506,1
T00628,R0011,Zone_9,0.26804315979785115,-0.20864833282798853,0.5754337428941877,2023-01-17,0.0,Vivaan Nair,26.0,Female,Chennai,2024-05-05 00:03:47.581311,0.5590549577479722,1.3809839546849962,4.0,11037.0,1.83,56.1,Mixed,Low,0,Tuesday,January,0,False,False,True,False,False,False,False,False,False,False,False,True,0.0,Low,5.163528040199398,2.3263016196113617,7.302739212103908,-0.009495693903703363,0.4865107408090695,0,0.7896030474924723,0.4906485309116225,0
T00629,R0202,Zone_2,-1.6693412881383978,-1.4997340698970727,-1.486158045843775,2023-07-30,1.0,Aadhya Reddy,27.0,Male,Ahmedabad,2025-08-01 00:03:47.581311,0.16831122664114473,-1.4330965567485814,4.72,6371.0,0.91,58.4,Residential,Low,0,Sunday,July,1,True,False,False,False,True,False,False,False,False,False,False,False,0.0,Low,2.8831233291713367,0.6626879730752369,3.0528675044947495,0.6605001072125638,-0.5075459023056194,0,-0.8269969589125711,-1.0991663952706623,0
T00630,R0014,Zone_9,0.5481469354030918,1.287204012846917,1.5542661198043797,2024-04-02,0.0,Aarav Das,26.0,Male,Ahmedabad,2024-07-02 00:03:47.581311,-0.6131762355725101,-0.026056301031792503,3.0,11037.0,1.83,56.1,Mixed,Low,0,Tuesday,April,1,False,False,True,False,False,False,False,False,False,False,False,True,0.0,Low,5.518576762682383,2.437115985951652,10.213716267842964,-0.624654311200292,0.5569923919426626,0,0.5826211482176544,0.09319479936605132,1
T00631,R0223,Zone_1,-1.1651544920489645,-1.0805199098716873,-0.9084498631224175,2023-01-12,1.0,Meera Ghosh,30.0,Female,Surat,2024-01-11 00:03:47.581311,0.16831122664114473,0.6774638268266019,4.04,4921.0,2.43,30.9,Residential,Low,0,Thursday,January,0,False,True,False,False,False,False,False,False,False,False,False,False,0.0,Low,4.124550404279167,1.410986973710262,4.859012245302536,-0.6138505675223849,-0.2175666130338627,0,1.1999981926063354,0.2422399486956406,0
T00632,R0296,Zone_1,1.1597068454745345,1.1094266993581956,1.0764119782174846,2024-08-04,0.0,Reyansh Patel,37.0,Female,Hyderabad,2023-09-10 00:03:47.581311,-0.22243250446568272,-0.7295764288901869,3.97,4921.0,2.43,30.9,Residential,Low,0,Sunday,August,0,False,False,False,False,False,False,False,False,False,False,False,False,0.0,Low,5.360869541205001,2.643333886382519,9.912618221237011,1.920960254361632,1.2824029984694925,0,1.6389425652063805,-0.5881544547120707,0
T00633,R0073,Zone_5,-0.23614363629158233,-0.574470626426068,0.2327767175275055,2023-10-16,1.0,Meera Das,41.0,Male,Ahmedabad,2024-06-22 00:03:47.581311,0.5590549577479722,1.3809839546849962,3.01,2590.0,1.31,43.9,Business,Low,0,Monday,October,1,False,False,True,False,False,False,False,True,False,False,False,False,0.0,Low,5.001930853466109,2.089391872533004,6.3921827257987545,0.3787843061568347,0.38877667428145524,0,0.6183076825753817,0.4906485309116225,0
T00634,R0154,Zone_2,-1.146480907008615,-0.9992586626169413,-1.165442632147429,2024-03-16,1.0,Kavya Patel,18.0,Female,Kolkata,2026-01-05 00:03:47.581311,2.122029882175282,0.6774638268266019,4.68,6371.0,0.91,58.4,Residential,Low,0,Saturday,March,0,True,False,False,False,True,False,False,False,False,False,False,False,0.0,Low,3.7443141610020367,1.430311246536665,5.136146415358503,1.5153179942313024,0.8079005153852908,0,-1.3872755483288886,-0.2736855682144758,0
T00635,R0275,Zone_10,-0.439218873605382,-0.1699245615730194,-0.9433987775194793,2024-07-02,1.0,Ishaan Das,21.0,Male,Jaipur,2024-09-03 00:03:47.581311,-1.394663697786165,-0.026056301031792503,3.07,2440.0,1.54,35.4,Industrial,Low,0,Tuesday,July,1,True,False,False,True,False,False,False,False,False,False,False,False,0.0,Low,4.080583646972063,1.9754689512968577,7.392563831310488,0.21852877493454703,-1.6020545078227966,0,0.35779598176397287,0.6893753966844082,0
T00636,R0156,Zone_10,-0.2874959951525431,0.055377380274073656,0.517623508553183,2023-02-15,0.0,Ishaan Iyer,33.0,Female,Jaipur,2025-07-06 00:03:47.581311,-1.7854074288929924,-0.7295764288901869,4.28,2440.0,1.54,35.4,Industrial,Low,0,Wednesday,February,0,False,False,True,True,False,False,False,False,False,False,False,False,0.0,Low,5.138031236614695,2.061786606441115,7.894935085230276,-0.018662506721321876,1.0388312565709097,0,-0.7342119695824804,0.09319479936605132,1
T00637,R0097,Zone_9,0.5458127372730481,0.9087671574006281,0.5549373870823768,2023-06-23,0.0,Aarav Iyer,23.0,Male,Bengaluru,2023-11-13 00:03:47.581311,0.16831122664114473,-0.7295764288901869,3.28,11037.0,1.83,56.1,Mixed,Low,0,Friday,June,1,False,False,False,False,False,False,False,False,False,False,False,True,0.0,Low,5.1545624629028985,2.4362414778067194,9.561380653441217,0.3459638424080422,0.319130592487773,0,1.410548745316926,-0.6520309472818946,0
T00638,R0074,Zone_10,0.7605589652370661,1.226184736929996,1.8752443072931846,2024-07-10,1.0,Vivaan Ghosh,23.0,Female,Kolkata,2025-03-07 00:03:47.581311,-0.22243250446568272,1.3809839546849962,4.89,2440.0,1.54,35.4,Industrial,Low,0,Wednesday,July,0,False,False,False,True,False,False,False,False,False,False,False,False,0.0,Low,5.612069151732869,2.513656063073986,10.11137972781163,-0.8798752170459152,-0.43733249909983135,0,-0.30240490385398083,0.9448813669637038,1
T00639,R0291,Zone_2,-0.40420590165472675,-0.2441451231450436,-0.6857490740133201,2023-09-19,0.0,Arjun Ghosh,23.0,Male,Pune,2025-12-26 00:03:47.581311,-0.6131762355725101,-1.4330965567485814,3.46,6371.0,0.91,58.4,Residential,Low,0,Tuesday,September,1,False,False,True,False,True,False,False,False,False,False,False,False,0.0,Low,4.366786085257597,1.9960599327407849,7.219418259112018,-0.20625478331043567,0.15371540942736683,0,-1.3515890139711615,-1.0991663952706623,0
T00640,R0105,Zone_2,1.1597068454745345,1.4890370024182715,1.4226164497823643,2023-12-14,1.0,Diya Das,31.0,Male,Jaipur,2024-05-14 00:03:47.581311,1.7312861510684545,-0.026056301031792503,3.69,6371.0,0.91,58.4,Residential,Low,0,Thursday,December,1,False,False,False,False,True,False,False,False,False,False,False,False,0.0,Low,5.477550826742758,2.643333886382519,10.545141061171254,-0.0933065539504982,-0.6788422080277071,0,0.7574851665705179,-0.5029857979523055,0
T00641,R0298,Zone_2,-0.05874457840826322,-0.25089244692431845,-0.2734569936449735,2024-08-07,0.0,Vivaan Singh,35.0,Male,Ahmedabad,2025-09-27 00:03:47.581311,-0.22243250446568272,1.3809839546849962,3.88,6371.0,0.91,58.4,Residential,Low,0,Wednesday,August,1,False,False,False,False,True,False,False,False,False,False,False,False,0.0,Low,4.702024627351974,2.179286876649552,7.2034713853808015,0.5512700493781397,0.10940531162172483,0,-1.0304102047516164,0.9448813669637038,0
T00642,R0064,Zone_6,-0.8547061407531559,-0.9989653007134947,-0.4969461041314483,2024-06-01,1.0,Ishaan Nair,21.0,Female,Bengaluru,2025-06-15 00:03:47.581311,-1.0039199666793377,-0.026056301031792503,4.21,14627.0,0.54,37.6,Mixed,Low,0,Saturday,June,0,False,False,False,False,False,False,False,False,True,False,False,False,0.0,Low,4.53431844501614,1.691939133945844,5.137119815616529,1.8977251900361591,2.3598608737218316,0,-0.6592702474312532,0.3316670382933942,0
T00643,R0216,Zone_2,-1.3192115686318469,-1.3630274228908938,-1.4350485432104778,2023-01-13,1.0,Ishaan Ghosh,44.0,Male,Chennai,2025-05-22 00:03:47.581311,-1.0039199666793377,-1.4330965567485814,3.4,6371.0,0.91,58.4,Residential,Low,0,Friday,January,1,False,False,False,False,True,False,False,False,False,False,False,False,0.0,Low,3.080073421987742,1.235471471385307,3.7389838191679834,-1.275039680610298,-0.9390770652147628,0,-0.5736225649727078,-1.0991663952706623,0
T00644,R0113,Zone_3,-1.4849396358649476,-1.3380916610979212,-1.3457054537743798,2023-01-07,0.0,Aadhya Singh,26.0,Male,Chennai,2025-11-11 00:03:47.581311,0.16831122664114473,-1.4330965567485814,4.61,12971.0,2.11,38.0,Business,Low,0,Saturday,January,1,False,False,False,False,False,True,False,False,False,False,False,False,0.0,Low,3.3520071374713836,1.0043016091968684,3.850973902793941,-0.7155039739463284,0.05253806265286683,0,-1.1909996093613888,-1.0991663952706623,0
T00645,R0115,Zone_1,1.099017694093399,0.17888274162514964,0.9744557467433492,2024-02-23,1.0,Aarav Ghosh,40.0,Female,Bengaluru,2024-10-09 00:03:47.581311,1.3405424199616272,1.3809839546849962,4.4,4921.0,2.43,30.9,Residential,Low,0,Friday,February,0,True,False,False,False,False,False,False,False,False,False,False,False,0.0,Low,5.323741418888195,2.624668592163159,8.157205403813245,-0.29616693110921594,-0.21003522005749173,0,0.22932445807615487,0.20159127160575266,0
T00646,R0174,Zone_7,0.9472948156405602,0.12050372283924896,1.751609237941173,2024-02-10,0.0,Aadhya Patel,32.0,Female,Kolkata,2024-07-08 00:03:47.581311,-0.22243250446568272,-1.4330965567485814,3.8,11070.0,0.64,45.2,Industrial,Low,0,Saturday,February,0,False,True,False,False,False,False,False,False,False,True,False,False,0.0,Low,5.577084821610244,2.5764217586237734,8.034301463101817,0.4628757829225361,0.05623319425495424,0,0.5612092276030181,-1.0991663952706623,1
T00647,R0056,Zone_6,-0.9270662827845096,-0.6313828356947347,-0.6506687727200288,2024-02-10,1.0,Meera Patel,40.0,Male,Hyderabad,2025-03-05 00:03:47.581311,0.5590549577479722,0.6774638268266019,3.25,14627.0,0.54,37.6,Mixed,Low,0,Saturday,February,1,False,True,False,False,False,False,False,False,True,False,False,False,0.0,Low,4.400112102220266,1.6331544390514163,6.238589584192889,-0.432478628202369,-0.8547708734419384,0,-0.29526759698243543,0.09319479936605132,0
T00648,R0110,Zone_8,1.3534452902681593,1.0510476805722948,0.9279447854780865,2023-03-20,0.0,Vivaan Patel,19.0,Male,Kolkata,2025-01-07 00:03:47.581311,-0.22243250446568272,-0.7295764288901869,4.43,4516.0,1.93,31.0,Business,Low,0,Monday,March,1,False,False,False,False,False,False,False,False,False,False,True,False,0.0,Low,5.30633513814162,2.7006898466959175,9.81172767661231,0.24231104186188815,0.23799116916143737,0,-0.0918543511433902,-0.5881544547120707,0
T00649,R0278,Zone_10,0.09764669630466288,0.3575401408242114,0.9075798165625052,2024-07-30,1.0,Aarav Reddy,20.0,Female,Mumbai,2025-12-03 00:03:47.581311,0.5590549577479722,1.3809839546849962,4.27,2440.0,1.54,35.4,Industrial,Low,0,Tuesday,July,0,False,False,True,True,False,False,False,False,False,False,False,False,0.0,Low,5.2986173215570345,2.252343876557299,8.522323626805074,1.6189231259117443,3.0677772554880267,0,-1.2695099849483888,0.4906485309116225,1
T00650,R0183,Zone_3,-0.5139132137667796,-0.24385176124159672,-0.13103359813213478,2023-02-09,0.0,Arjun Patel,43.0,Female,Jaipur,2024-02-13 00:03:47.581311,0.16831122664114473,-0.026056301031792503,3.79,12971.0,2.11,38.0,Business,Low,0,Thursday,February,0,False,False,False,False,False,True,False,False,False,False,False,False,0.0,Low,4.7958731868099616,1.9300710850255671,7.220110802473879,-0.5121971610984408,-0.7742623902294132,0,1.0822326292258357,-0.204895499293127,0
T00651,R0253,Zone_9,-0.8290299613226754,-0.5888453596949581,-1.2241725747620404,2023-09-16,0.0,Ishaan Gupta,26.0,Female,Surat,2023-11-22 00:03:47.581311,-0.6131762355725101,0.6774638268266019,3.16,11037.0,1.83,56.1,Mixed,Low,0,Saturday,September,0,False,False,False,False,False,False,False,False,False,False,False,True,0.0,Low,3.6325736179028416,1.7119945007591924,6.353739056650029,-1.5626156941458604,-2.285889964854369,0,1.3784308643949716,0.6893753966844082,0
T00652,R0051,Zone_2,-0.9294004809145533,-0.7012029687150579,-0.4981285861975143,2024-03-14,0.0,Aarav Nair,21.0,Female,Kolkata,2026-01-20 00:03:47.581311,0.9497986888547996,1.3809839546849962,4.02,6371.0,0.91,58.4,Residential,Low,0,Thursday,March,0,False,False,False,False,True,False,False,False,False,False,False,False,0.0,Low,4.533351898197619,1.631199404215613,6.044832503882965,-1.280932631707338,-0.588556645330157,0,-1.4408053498654794,0.3316670382933942,0
T00653,R0076,Zone_7,0.5294733503627423,0.011373094757063287,-0.31497525285351313,2023-10-31,1.0,Reyansh Reddy,40.0,Female,Bengaluru,2025-03-11 00:03:47.581311,-1.0039199666793377,-1.4330965567485814,3.34,11070.0,0.64,45.2,Industrial,Low,0,Tuesday,October,0,False,False,True,False,False,False,False,False,False,True,False,False,0.0,Low,4.67292228803891,2.4300984132930052,7.7993589480161765,1.922475584643727,1.3221829200234607,0,-0.31667951759707175,-1.0991663952706623,0
T00654,R0091,Zone_6,0.7372169839366295,0.5183024639130227,0.8328206726078878,2024-07-13,1.0,Meera Das,41.0,Male,Surat,2024-03-21 00:03:47.581311,-0.22243250446568272,-1.4330965567485814,3.4,14627.0,0.54,37.6,Mixed,Low,0,Saturday,July,1,True,False,False,False,False,False,False,False,True,False,False,False,0.0,Low,5.269763559129975,2.505525936990736,8.83798619596116,-0.5692325092162233,-0.029616636449121925,0,0.9501924521022449,-1.0991663952706623,0
T00655,R0299,Zone_4,0.2563721691476326,0.268358122176404,0.3904409930029727,2023-12-19,0.0,Ishaan Gupta,33.0,Female,Kolkata,2024-07-25 00:03:47.581311,-1.394663697786165,-1.4330965567485814,3.92,4038.0,2.46,48.2,Business,Low,0,Tuesday,December,0,False,False,True,False,False,False,True,False,False,False,False,False,0.0,Low,5.0795392727434665,2.321406847234633,8.342062095189654,-0.3648733836724352,-0.44907900371349363,0,0.5005421191948818,-1.0991663952706623,0
T00656,R0073,Zone_10,-1.3635613331026766,-1.4357811749456841,-1.1691214652418567,2023-02-08,0.0,Meera Das,41.0,Male,Ahmedabad,2025-12-26 00:03:47.581311,0.5590549577479722,-1.4330965567485814,3.01,2440.0,1.54,35.4,Industrial,Low,0,Wednesday,February,1,True,False,False,True,False,False,False,False,False,False,False,False,0.0,Low,3.7376696182833684,1.1786549963416462,3.391164991562634,0.3787843061568347,0.38877667428145524,0,-1.3515890139711615,-1.0991663952706623,0
T00657,R0101,Zone_6,0.32406391491889935,0.197071179638847,0.31160885526523907,2023-07-18,0.0,Aarav Singh,37.0,Male,Delhi,2025-09-05 00:03:47.581311,-1.0039199666793377,-0.026056301031792503,3.03,14627.0,0.54,37.6,Mixed,Low,0,Tuesday,July,1,True,False,False,False,False,False,False,False,True,False,False,False,0.0,Low,5.04148775757902,2.349468678892896,8.19512049941915,0.569454012763292,0.14177135890696843,0,-0.9518998291646165,0.3316670382933942,0
T00658,R0034,Zone_4,0.6391806624747952,0.7321632915256933,0.5972439676682939,2024-06-29,1.0,Arjun Iyer,26.0,Male,Chennai,2023-10-23 00:03:47.581311,-1.7854074288929924,0.6774638268266019,3.1,4038.0,2.46,48.2,Business,Low,0,Saturday,June,1,False,True,False,False,False,False,True,False,False,False,False,False,0.0,Low,5.172980875236739,2.4706386779902956,9.241212041718338,-0.27795235499109194,0.38896031589462265,0,1.4854904674681533,2.4779171886394784,0
T00659,R0235,Zone_8,-0.8033537818921949,-0.5644963217088789,-0.9895155780960535,2023-03-24,1.0,Aarav Ghosh,34.0,Female,Delhi,2024-10-08 00:03:47.581311,0.16831122664114473,-0.7295764288901869,4.06,4516.0,1.93,31.0,Business,Low,0,Friday,March,0,False,False,False,False,False,False,False,False,False,False,True,False,0.0,Low,4.019441402195416,1.7316555451583497,6.418722614352485,-0.6690969840571369,-0.8597934715620631,0,0.2328931115119276,-0.6520309472818946,0
T00660,R0298,Zone_4,0.029954950533396554,-0.45917939837150085,-0.06665401897965245,2023-05-08,1.0,Vivaan Singh,35.0,Male,Ahmedabad,2025-04-11 00:03:47.581311,-0.22243250446568272,-0.026056301031792503,3.88,4038.0,2.46,48.2,Business,Low,0,Monday,May,1,True,False,False,False,False,False,True,False,False,False,False,False,0.0,Low,4.835567366013609,2.2213750375685026,6.692533152700851,0.5512700493781397,0.10940531162172483,0,-0.42730777410602616,-0.07714251415347918,0
T00661,R0232,Zone_1,-1.580641759196738,-1.4592501272214233,-1.486158045843775,2024-05-24,0.0,Meera Das,38.0,Male,Jaipur,2025-11-18 00:03:47.581311,2.122029882175282,-0.026056301031792503,3.94,4921.0,2.43,30.9,Residential,Low,0,Friday,May,1,False,False,False,False,False,False,False,False,False,False,False,False,0.0,Low,2.8831233291713367,0.8415671856782186,3.271085446759225,-0.5435884582884439,-0.5039447609027993,0,-1.2159801834117978,-0.5488458438998713,0
T00662,R0263,Zone_1,-1.4569292583044235,-1.4976805365729455,-1.1859389879592397,2023-11-22,1.0,Ishaan Das,31.0,Female,Chennai,2025-12-23 00:03:47.581311,1.7312861510684545,-0.7295764288901869,3.84,4921.0,2.43,30.9,Residential,Low,0,Wednesday,November,0,False,True,False,False,False,False,False,False,False,False,False,False,0.0,Low,3.7067193722422673,1.0473189942805592,3.0643106892089125,0.3692901071671584,-0.09128086669907033,0,-1.3408830536638432,-0.8010760966114839,0
T00663,R0219,Zone_1,-0.3995375053946395,-0.622288616687886,-0.4144351332992871,2023-05-12,0.0,Vivaan Sharma,25.0,Male,Pune,2024-08-07 00:03:47.581311,-2.17615115999982,-0.7295764288901869,4.15,4921.0,2.43,30.9,Residential,Low,0,Friday,May,1,False,False,True,False,False,False,False,False,False,False,False,False,0.0,Low,4.599554447202456,1.998773638612381,6.263385665915839,-0.9851064866359188,-1.6064343602968363,0,0.4541496245298364,0.6893753966844082,0
T00664,R0164,Zone_1,-0.3831981184843337,-0.5970594929914665,0.3536526620586972,2024-05-09,0.0,Aadhya Ghosh,37.0,Male,Ahmedabad,2024-10-03 00:03:47.581311,1.7312861510684545,-1.4330965567485814,4.02,4921.0,2.43,30.9,Residential,Low,0,Thursday,May,1,False,False,True,False,False,False,False,False,False,False,False,False,0.0,Low,5.061961921261596,2.0082140323914683,6.331666447310692,0.1561617091575382,0.5640717761302595,0,0.2507363786907912,-1.0991663952706623,1
T00665,R0068,Zone_6,0.38942146256012206,0.3651675503138267,0.7727768610309809,2023-03-14,0.0,Meera Singh,30.0,Female,Ahmedabad,2023-10-03 00:03:47.581311,0.5590549577479722,-0.026056301031792503,4.97,14627.0,0.54,37.6,Mixed,Low,0,Tuesday,March,0,False,False,False,False,False,False,False,False,True,False,False,False,0.0,Low,5.245970886175828,2.3758355547336385,8.537564055396597,-0.06711566018587507,-0.22010545833589992,0,1.5568635361836078,-0.3042589321795199,0
T00666,R0078,Zone_6,-1.4055768994434628,-1.1682351190022613,-1.4498952624844177,2023-10-30,1.0,Saanvi Sharma,30.0,Male,Jaipur,2024-12-06 00:03:47.581311,-1.7854074288929924,1.3809839546849962,3.62,14627.0,0.54,37.6,Mixed,Low,0,Monday,October,1,False,True,False,False,False,False,False,False,True,False,False,False,0.0,Low,3.0267463270831603,1.1216775615991057,4.540925015897091,-4.279266149881404,-3.7085982703837375,0,0.022342558801336933,3.670278383276192,0
T00667,R0169,Zone_8,-0.42054528856503254,-0.02852412411169276,0.23303949131996474,2024-03-28,0.0,Reyansh Kumar,32.0,Male,Delhi,2024-11-25 00:03:47.581311,-0.6131762355725101,-0.7295764288901869,4.19,4516.0,1.93,31.0,Business,Low,0,Thursday,March,1,False,False,False,False,False,False,False,False,False,False,True,False,0.0,Low,5.0020653434131885,1.986503546020567,7.71167945391923,0.10410730780034874,1.396050922503857,0,0.06159774659483688,-0.5029857979523055,1
T00668,R0131,Zone_10,-0.5932759501882644,-0.39317297009598534,-0.2668876488334957,2023-04-12,1.0,Reyansh Ghosh,24.0,Male,Surat,2024-12-25 00:03:47.581311,-1.0039199666793377,-0.7295764288901869,3.6,2440.0,1.54,35.4,Industrial,Low,0,Wednesday,April,1,False,True,False,True,False,False,False,False,False,False,False,False,0.0,Low,4.706552800276694,1.8794650496471605,6.858571279792899,-1.5897232691922456,-1.3912100624970747,0,-0.0454618564783448,-0.383749678488634,0
T00669,R0079,Zone_5,0.5948308980039655,0.21203263671463066,0.6571563923489715,2024-06-22,1.0,Ishaan Nair,25.0,Female,Bengaluru,2023-12-30 00:03:47.581311,-1.394663697786165,0.6774638268266019,4.92,2590.0,1.31,43.9,Business,Low,0,Saturday,June,0,True,False,False,False,False,False,False,True,False,False,False,False,0.0,Low,5.198497031265826,2.454447442303292,8.226177727231525,0.6030438340164215,0.7642227703212535,0,1.2428220338356082,1.5836462926619435,0
T00670,R0225,Zone_2,1.6382174621334873,1.6324909732037254,0.03385695663595794,2024-03-19,0.0,Ishaan Sharma,39.0,Female,Delhi,2023-11-06 00:03:47.581311,-0.6131762355725101,1.3809839546849962,4.08,6371.0,0.91,58.4,Residential,Low,0,Tuesday,March,0,False,False,True,False,True,False,False,False,False,False,False,False,0.0,Low,4.894550815075454,2.779440197188883,10.774506949276148,-0.02160898226984245,-0.589372014092619,0,1.4355293193673353,1.285555994002765,0
T00671,R0083,Zone_5,1.9860129835099951,2.5791698356263417,1.191375512418346,2023-11-30,1.0,Kavya Patel,45.0,Female,Mumbai,2025-07-17 00:03:47.581311,0.9497986888547996,1.3809839546849962,4.4,2590.0,1.31,43.9,Business,Low,0,Thursday,November,0,True,False,False,False,False,False,False,True,False,False,False,False,0.0,Low,5.401144676347507,2.8678989020441064,12.18031198286809,0.6896702151429129,0.3817872744843101,0,-0.7734671573759803,0.3316670382933942,0
T00672,R0033,Zone_4,-1.8514087422818044,-1.7306098879096536,-1.486158045843775,2023-02-08,1.0,Diya Iyer,18.0,Male,Chennai,2025-02-17 00:03:47.581311,-1.394663697786165,-0.7295764288901869,3.24,4038.0,2.46,48.2,Business,Low,0,Wednesday,February,1,False,False,True,False,False,False,True,False,False,False,False,False,0.0,Low,2.8831233291713367,0.1484200051182733,1.2041594578792296,-2.890002928754171,-2.3121690796986027,0,-0.23816914201007183,-0.204895499293127,0
T00673,R0226,Zone_7,-0.07741816344861262,-0.3805584082477757,-0.36201176170369415,2023-11-25,1.0,Aarav Iyer,20.0,Male,Surat,2023-10-30 00:03:47.581311,-0.22243250446568272,-1.4330965567485814,3.25,11070.0,0.64,45.2,Industrial,Low,0,Saturday,November,1,False,False,True,False,False,False,False,False,False,True,False,False,0.0,Low,4.638895055389712,2.1701959049483,6.8898476035395735,-0.28889640702845243,-0.015119442815375127,0,1.4605098934177443,-1.0991663952706623,0
T00674,R0155,Zone_9,-1.3192115686318469,-1.2914471184498901,-0.9830776201808054,2023-03-24,0.0,Meera Reddy,23.0,Female,Hyderabad,2024-05-07 00:03:47.581311,0.16831122664114473,0.6774638268266019,3.14,11037.0,1.83,56.1,Mixed,Low,0,Friday,March,0,True,False,False,False,False,False,False,False,False,False,False,True,0.0,Low,4.028204759717555,1.235471471385307,4.052159917870962,-0.2816354494267424,-0.5891103247938563,0,0.7824657406209269,0.2422399486956406,0
T00675,R0299,Zone_5,-0.09609174848896203,-0.38085177015122235,-0.026843789422096982,2023-09-01,0.0,Ishaan Gupta,33.0,Male,Kolkata,2025-04-12 00:03:47.581311,-1.394663697786165,1.3809839546849962,3.92,2590.0,1.31,43.9,Business,Low,0,Friday,September,1,True,False,False,False,False,False,False,True,False,False,False,False,0.0,Low,4.859347179882474,2.1610215286722587,6.889121859859935,-0.3648733836724352,-0.44907900371349363,0,-0.4308764275417989,2.4779171886394784,0
T00676,R0222,Zone_5,0.47111839711165054,0.3798356454861635,-0.07782190515916464,2024-04-22,1.0,Aarav Singh,27.0,Male,Surat,2025-07-08 00:03:47.581311,-0.22243250446568272,-0.7295764288901869,3.44,2590.0,1.31,43.9,Business,Low,0,Monday,April,1,False,False,True,False,False,False,False,True,False,False,False,False,0.0,Low,4.828793622139152,2.4078456036515385,8.566796367370944,0.37784891709381246,0.7190902204337829,0,-0.7413492764540258,-0.5881544547120707,0
T00677,R0237,Zone_5,0.07430471500422622,-0.29078966579307447,0.6056527290269856,2023-12-01,0.0,Aadhya Nair,40.0,Female,Chennai,2025-07-05 00:03:47.581311,0.5590549577479722,1.3809839546849962,3.71,2590.0,1.31,43.9,Business,Low,0,Friday,December,0,True,False,False,False,False,False,False,True,False,False,False,False,0.0,Low,5.17660160786394,2.2417729535972883,7.108445681019163,0.41938019149200184,0.583473512561381,0,-0.7306433161467076,0.4906485309116225,0
T00678,R0285,Zone_5,-0.07975236157865624,0.15394697983217687,-0.3948584857610831,2023-02-19,0.0,Diya Iyer,29.0,Female,Chennai,2026-03-05 00:03:47.581311,0.5590549577479722,0.6774638268266019,4.97,2590.0,1.31,43.9,Business,Low,0,Sunday,February,0,True,False,False,False,False,False,False,True,False,False,False,False,0.0,Low,4.614427207250769,2.169053700369523,8.104936767180853,-0.6505178187928573,-0.1994641410159006,0,-1.5978261010394792,0.09319479936605132,0
T00679,R0247,Zone_4,1.7105776041648413,1.2842703938124498,2.026996172438322,2023-10-22,0.0,Aadhya Das,37.0,Male,Bengaluru,2023-08-29 00:03:47.581311,1.7312861510684545,0.6774638268266019,4.92,4038.0,2.46,48.2,Business,Low,0,Sunday,October,1,False,False,True,False,False,False,True,False,False,False,False,False,0.0,Low,5.6534010450952765,2.7985001040242823,10.208819716304133,0.873628505222185,0.835705268246608,0,1.681766406435653,-0.204895499293127,0
T00680,R0093,Zone_5,0.8189139184881579,0.6940262440776174,0.348922733794433,2024-05-14,0.0,Diya Patel,33.0,Male,Surat,2025-10-07 00:03:47.581311,-1.0039199666793377,-0.026056301031792503,3.77,2590.0,1.31,43.9,Business,Low,0,Tuesday,May,1,False,False,True,False,False,False,False,True,False,False,False,False,0.0,Low,5.059679394275178,2.533696813957432,9.1706052144883,1.1964640094883718,0.8481671881161373,0,-1.0660967391093437,0.3316670382933942,0
T00681,R0288,Zone_2,-0.33884835401350405,0.14279922750120103,-0.8356615226112436,2023-08-13,0.0,Diya Ghosh,42.0,Male,Ahmedabad,2025-11-01 00:03:47.581311,0.16831122664114473,-0.7295764288901869,4.56,6371.0,0.91,58.4,Residential,Low,0,Sunday,August,1,False,False,True,False,True,False,False,False,False,False,False,False,0.0,Low,4.2103482379784065,2.033397603178429,8.08146026408594,-0.932069926762557,-0.9116905914431296,0,-1.1553130750036615,-0.6520309472818946,0
T00682,R0263,Zone_4,0.0066129692329594866,-0.3418346369928066,-0.8388148081207528,2024-07-02,1.0,Ishaan Das,31.0,Female,Chennai,2024-10-25 00:03:47.581311,1.7312861510684545,0.6774638268266019,3.84,4038.0,2.46,48.2,Business,Low,0,Tuesday,July,0,True,False,False,False,False,False,True,False,False,False,False,False,0.0,Low,4.206779991551889,2.21046980408624,6.984983894040129,0.3692901071671584,-0.09128086669907033,0,0.1722260031037913,-0.204895499293127,0
T00683,R0143,Zone_3,0.9939787782414334,0.4775251593339265,0.49883518239235636,2024-02-16,1.0,Meera Kumar,42.0,Female,Kolkata,2024-10-25 00:03:47.581311,0.16831122664114473,-0.026056301031792503,4.56,12971.0,2.11,38.0,Business,Low,0,Friday,February,0,False,False,True,False,False,True,False,False,False,False,False,False,0.0,Low,5.129602813160299,2.5915163848462583,8.758995376183275,-1.1508457362401752,-0.631090797563891,0,0.1722260031037913,-0.204895499293127,0
T00684,R0129,Zone_8,0.6905330213357561,1.4371119455081993,0.5630833746486094,2024-06-24,1.0,Vivaan Singh,35.0,Female,Hyderabad,2026-04-10 00:03:47.581311,1.3405424199616272,-0.026056301031792503,3.9,4516.0,1.93,31.0,Business,Low,0,Monday,June,0,True,False,False,False,False,False,False,False,False,False,True,False,0.0,Low,5.158135335948174,2.489064659936664,10.460879504133484,0.046695678173123416,0.12664997458493465,0,-1.7262976247272972,-0.4487875618324548,0
T00685,R0293,Zone_1,-0.5185816100268669,-0.1338410474490708,-0.5430629047080223,2024-08-11,1.0,Arjun Kumar,39.0,Female,Delhi,2023-12-31 00:03:47.581311,-1.394663697786165,1.3809839546849962,3.2,4921.0,2.43,30.9,Residential,Low,0,Sunday,August,0,False,False,False,False,False,False,False,False,False,False,False,False,0.0,Low,4.495913200051142,1.927164106234258,7.475292636412303,-1.4653820010446967,-0.9793717079759219,0,1.2392533803998353,2.4779171886394784,0
T00686,R0183,Zone_6,-1.68334647691866,-1.6194257265033407,-1.486158045843775,2023-01-26,0.0,Arjun Patel,43.0,Male,Jaipur,2025-06-28 00:03:47.581311,0.16831122664114473,1.3809839546849962,3.79,14627.0,0.54,37.6,Mixed,Low,0,Thursday,January,1,False,False,False,False,False,False,False,False,True,False,False,False,0.0,Low,2.8831233291713367,0.6312717768418579,2.2891046284519194,-0.5121971610984408,-0.7742623902294132,0,-0.7056627420962985,0.6893753966844082,0
T00687,R0011,Zone_10,-1.403242701313419,-1.2336548234708833,-1.1061871419478995,2023-06-28,1.0,Vivaan Nair,26.0,Female,Chennai,2023-09-04 00:03:47.581311,0.5590549577479722,-0.026056301031792503,4.0,2440.0,1.54,35.4,Industrial,Low,0,Wednesday,June,0,True,False,False,True,False,False,False,False,False,False,False,False,0.0,Low,3.845669504878125,1.1249295969854831,4.288356328478313,-0.009495693903703363,0.4865107408090695,0,1.6603544858210169,-0.3042589321795199,0
T00688,R0240,Zone_1,0.14899905516562384,0.6206857682159334,-0.6238658458891992,2023-12-16,0.0,Aarav Iyer,30.0,Female,Delhi,2025-02-05 00:03:47.581311,0.16831122664114473,1.3809839546849962,4.07,4921.0,2.43,30.9,Residential,Low,0,Saturday,December,0,False,False,False,False,False,False,False,False,False,False,False,False,0.0,Low,4.42484663185681,2.2752138961979136,9.033271832508971,2.0173520973060755,0.750380783728771,0,-0.19534530078079917,0.6893753966844082,0
T00689,R0023,Zone_9,-1.6716754862684415,-1.5985970313586224,-1.4029901405304661,2023-03-31,0.0,Meera Iyer,24.0,Female,Jaipur,2024-12-29 00:03:47.581311,-0.22243250446568272,0.6774638268266019,3.21,11037.0,1.83,56.1,Mixed,Low,0,Friday,March,0,False,False,True,False,False,False,False,False,False,False,False,True,0.0,Low,3.186352633162641,0.6575200029167941,2.4392621835300936,-0.74854659259759,0.11280530491693588,0,-0.059736470221435696,0.43386942640511234,0
T00690,R0139,Zone_7,-0.19879646621088354,-0.531053064715951,-0.8774425556122423,2024-04-12,0.0,Diya Gupta,44.0,Female,Kolkata,2025-10-15 00:03:47.581311,0.16831122664114473,-1.4330965567485814,4.39,11070.0,0.64,45.2,Industrial,Low,0,Friday,April,0,False,True,False,False,False,False,False,False,False,True,False,False,0.0,Low,4.162003210695915,2.1090003439213802,6.5069193939989765,-0.42822260796561756,-0.2510766163965579,0,-1.0946459665955253,-1.0991663952706623,0
T00691,R0233,Zone_9,-0.5512603838474782,-0.4251494175716794,0.044499295230552,2024-08-03,1.0,Ishaan Iyer,30.0,Female,Hyderabad,2025-08-09 00:03:47.581311,-0.6131762355725101,0.6774638268266019,4.37,11037.0,1.83,56.1,Mixed,Low,0,Saturday,August,0,True,False,False,False,False,False,False,False,False,False,False,True,0.0,Low,4.9005971888873185,1.9065751436566365,6.7786429320329304,1.9623512204003664,2.1979771188826325,0,-0.8555461863987529,0.6893753966844082,0
T00692,R0100,Zone_8,1.1457016566942724,1.2616815272470514,2.026996172438322,2023-09-29,0.0,Ishaan Gupta,28.0,Male,Delhi,2024-07-25 00:03:47.581311,1.7312861510684545,-0.026056301031792503,3.79,4516.0,1.93,31.0,Business,Low,0,Friday,September,1,False,False,False,False,False,False,False,False,False,False,True,False,0.0,Low,5.6534010450952765,2.6390573296152584,10.171037311896953,0.21361798235368046,0.23335159497734753,0,0.5005421191948818,-0.5029857979523055,1
T00693,R0007,Zone_8,-1.5596339760263451,-1.47391822239376,-1.3068149324904312,2024-05-08,0.0,Ishaan Ghosh,18.0,Male,Mumbai,2025-07-09 00:03:47.581311,-0.6131762355725101,-0.026056301031792503,4.03,4516.0,1.93,31.0,Business,Low,0,Wednesday,May,1,False,False,False,False,False,False,False,False,False,False,True,False,0.0,Low,3.4506222649896783,0.8796267475025636,3.1937438845342623,-0.8770690498568474,-1.008074892113964,0,-0.7449179298897984,0.09319479936605132,0
T00694,R0139,Zone_10,-1.5012790227752533,-1.4096719655389247,-1.4094280984457144,2024-01-02,0.0,Diya Gupta,44.0,Female,Kolkata,2023-11-19 00:03:47.581311,0.16831122664114473,0.6774638268266019,4.39,2440.0,1.54,35.4,Industrial,Low,0,Tuesday,January,0,True,False,False,True,False,False,False,False,False,False,False,False,0.0,Low,3.165896900077314,0.9783261227936078,3.5199431813596083,-0.42822260796561756,-0.2510766163965579,0,1.3891368247022897,0.2422399486956406,0
T00695,R0210,Zone_3,-0.5115790156367357,-0.5542286550882434,-0.12196790229229544,2023-07-07,1.0,Meera Iyer,34.0,Male,Mumbai,2024-09-10 00:03:47.581311,-1.394663697786165,1.3809839546849962,3.4,12971.0,2.11,38.0,Business,Low,0,Friday,July,1,False,False,False,False,False,True,False,False,False,False,False,False,0.0,Low,4.801558999993482,1.9315214116032138,6.445928947793328,1.2041248459145242,-0.014399305346597396,0,0.3328154077135638,2.4779171886394784,0
T00696,R0212,Zone_5,0.71854339889628,0.04070928510173687,1.6964267415247596,2023-05-30,1.0,Aadhya Iyer,36.0,Female,Ahmedabad,2023-12-03 00:03:47.581311,-0.6131762355725101,1.3809839546849962,3.22,2590.0,1.31,43.9,Business,Low,0,Tuesday,May,0,False,True,False,False,False,False,False,True,False,False,False,False,0.0,Low,5.5610661724546055,2.498973906999436,7.863205453248694,-0.8888549520509287,-0.1046132478150123,0,1.3391756766014717,1.285555994002765,1
T00697,R0020,Zone_10,1.2273985912458008,1.875981353064516,0.6099884966025608,2023-06-27,1.0,Diya Das,35.0,Female,Chennai,2025-08-03 00:03:47.581311,-0.6131762355725101,-0.026056301031792503,4.03,2440.0,1.54,35.4,Industrial,Low,0,Tuesday,June,0,False,False,False,True,False,False,False,False,False,False,False,False,0.0,Low,5.178463438072558,2.66374994220563,11.153026495081951,-1.274843248907063,-1.073690040498625,0,-0.8341342657841165,0.09319479936605132,0
T00698,R0225,Zone_8,-1.0834575574974357,-0.8261751395833673,-0.7016468884570964,2023-08-29,1.0,Ishaan Sharma,39.0,Male,Delhi,2025-10-15 00:03:47.581311,-0.6131762355725101,-0.7295764288901869,4.08,4516.0,1.93,31.0,Business,Low,0,Tuesday,August,1,False,True,False,False,False,False,False,False,False,False,True,False,0.0,Low,4.351309662011821,1.4929040961781488,5.681549084536717,-0.02160898226984245,-0.589372014092619,0,-1.0946459665955253,-0.5029857979523055,0
T00699,R0008,Zone_1,0.5271391522326988,0.9430905001038963,1.3264412417423295,2023-10-31,1.0,Ishaan Ghosh,28.0,Male,Jaipur,2024-01-05 00:03:47.581311,0.16831122664114473,1.3809839546849962,4.02,4921.0,2.43,30.9,Residential,Low,0,Tuesday,October,1,False,True,False,False,False,False,False,False,False,False,False,False,0.0,Low,5.446478717528557,2.4292177439274116,9.622369770487934,-1.2141949605333575,-0.5317590490017221,0,1.2214101132209718,0.6893753966844082,1
T00700,R0057,Zone_5,-1.3192115686318469,-1.3445456229737494,-1.3725083806052092,2024-01-19,1.0,Aadhya Reddy,39.0,Female,Bengaluru,2024-06-02 00:03:47.581311,1.7312861510684545,0.6774638268266019,3.66,2590.0,1.31,43.9,Business,Low,0,Friday,January,0,False,True,False,False,False,False,False,True,False,False,False,False,0.0,Low,3.277899165317662,1.235471471385307,3.8223029707232783,-0.7498795220123965,-0.9787656906524701,0,0.6896807512908362,-0.204895499293127,0
T00701,R0185,Zone_3,-0.8943875089638983,-0.9977918530997077,-0.4089168836576457,2023-09-16,0.0,Vivaan Sharma,27.0,Female,Delhi,2024-01-10 00:03:47.581311,-0.22243250446568272,1.3809839546849962,4.05,12971.0,2.11,38.0,Business,Low,0,Saturday,September,0,True,False,False,False,False,True,False,False,False,False,False,False,0.0,Low,4.603769205072463,1.6601310267496185,5.141011573610781,-1.0869703555990426,-0.7481013307079293,0,1.2035668460421083,0.9448813669637038,0
T00702,R0166,Zone_9,0.6415148606048388,0.6391675681330781,-0.030128461827835882,2024-07-11,1.0,Reyansh Sharma,24.0,Female,Chennai,2024-11-21 00:03:47.581311,-1.394663697786165,0.6774638268266019,4.29,11037.0,1.83,56.1,Mixed,Low,0,Thursday,July,0,False,False,False,False,False,False,False,False,False,False,False,True,0.0,Low,4.857406411505574,2.4714836294558595,9.068075870878012,1.5901131427706583,0.8931391827646669,0,0.07587236033792778,1.5836462926619435,0
T00703,R0169,Zone_6,0.8165797203581143,0.7075208916361674,1.6424267271744117,2023-04-12,1.0,Reyansh Kumar,32.0,Male,Delhi,2024-03-14 00:03:47.581311,-0.6131762355725101,-0.026056301031792503,4.19,14627.0,0.54,37.6,Mixed,Low,0,Wednesday,April,1,False,False,True,False,False,False,False,False,True,False,False,False,0.0,Low,5.545138381216603,2.532902848056256,9.19565114605812,0.10410730780034874,1.396050922503857,0,0.975173026152654,0.09319479936605132,1
T00704,R0269,Zone_8,-1.188496473349401,-1.3301708897048594,-0.9799243346712959,2023-11-03,1.0,Aadhya Sharma,41.0,Female,Mumbai,2024-05-14 00:03:47.581311,-0.22243250446568272,1.3809839546849962,3.41,4516.0,1.93,31.0,Business,Low,0,Friday,November,0,False,False,True,False,False,False,False,False,False,False,True,False,0.0,Low,4.032469158504013,1.3862943611198906,3.8858718455450894,0.5403259973407792,1.9771821839200237,0,0.7574851665705179,0.9448813669637038,0
T00705,R0268,Zone_10,0.531807548492786,0.36428746460348643,-0.2519095426633263,2023-07-31,0.0,Ishaan Kumar,34.0,Female,Chennai,2024-09-25 00:03:47.581311,-1.0039199666793377,0.6774638268266019,4.6,2440.0,1.54,35.4,Industrial,Low,0,Monday,July,0,False,False,False,True,False,False,False,False,False,False,False,False,0.0,Low,4.716801002159277,2.4309783077624445,8.53580693314932,0.2429845219872635,0.5035306455174099,0,0.27928560617697296,1.0470837550754222,0
T00706,R0290,Zone_5,-1.575973362936651,-1.558113088682973,-1.3759244399071777,2023-09-16,1.0,Saanvi Kumar,34.0,Female,Chennai,2025-05-23 00:03:47.581311,0.5590549577479722,-0.026056301031792503,4.28,2590.0,1.31,43.9,Business,Low,0,Saturday,September,0,False,False,False,False,False,False,False,True,False,False,False,False,0.0,Low,3.26804686887465,0.8501509293696101,2.7073972741361767,-0.30152415937925287,-0.3385542988287802,0,-0.5771912184084805,-0.3042589321795199,0
T00707,R0147,Zone_8,-0.2571514194619754,0.14807974176324207,-0.44189499461126436,2023-11-13,1.0,Saanvi Nair,35.0,Male,Mumbai,2025-04-22 00:03:47.581311,0.16831122664114473,-0.7295764288901869,3.91,4516.0,1.93,31.0,Business,Low,0,Monday,November,1,True,False,False,False,False,False,False,False,False,False,True,False,0.0,Low,4.578312731818208,2.0781907597781832,8.092589202474075,-0.08716806322441498,-0.018448602916935477,0,-0.4665629618995261,-0.6520309472818946,0
T00708,R0127,Zone_3,-1.3448877480623271,-1.330757613511753,-1.349515673765037,2023-02-27,0.0,Vivaan Kumar,38.0,Female,Chennai,2024-01-10 00:03:47.581311,0.5590549577479722,0.6774638268266019,4.83,12971.0,2.11,38.0,Business,Low,0,Monday,February,0,False,True,False,False,False,True,False,False,False,False,False,False,0.0,Low,3.341801171705499,1.2029723039923526,3.8832975677895196,-0.1319381222533172,0.8470359557790273,0,1.2035668460421083,0.09319479936605132,0
T00709,R0120,Zone_5,-0.9644134528652084,-1.1453528905334158,-1.2516324360740179,2024-05-01,1.0,Ishaan Gupta,18.0,Female,Surat,2024-07-03 00:03:47.581311,0.16831122664114473,-0.7295764288901869,4.55,2590.0,1.31,43.9,Business,Low,0,Wednesday,May,0,False,False,True,False,False,False,False,True,False,False,False,False,0.0,Low,3.575710756008298,1.601405740736836,4.626013402488151,0.25535971929104845,-0.10707863647178281,0,0.5790524947818817,-0.6520309472818946,0
T00710,R0104,Zone_6,-1.510615815295428,-1.5267233650141723,-1.1869900831290763,2024-02-14,1.0,Diya Gupta,52.0,Male,Kolkata,2024-06-03 00:03:47.581311,0.5590549577479722,-0.7295764288901869,3.7,14627.0,0.54,37.6,Mixed,Low,0,Wednesday,February,1,False,True,False,False,False,False,False,False,True,False,False,False,0.0,Low,3.7047528032702264,0.9631743177730056,2.898275349237888,-1.7112490162600968,-1.464277387544063,0,0.6861120978550634,-0.701712663725091,0
T00711,R0138,Zone_10,0.625175473694533,-0.02383033365654488,-0.0027999874120880758,2023-07-06,1.0,Ishaan Das,46.0,Female,Kolkata,2025-03-19 00:03:47.581311,-1.0039199666793377,-1.4330965567485814,3.53,2440.0,1.54,35.4,Industrial,Low,0,Thursday,July,0,False,True,False,True,False,False,False,False,False,False,False,False,0.0,Low,4.873440054918411,2.4655539212721855,7.722046360907192,-1.0852866552856026,-0.7591890866206448,0,-0.3452287450832535,-1.0991663952706623,0
T00712,R0186,Zone_2,0.625175473694533,1.0862511089859033,-0.5075884427260423,2024-06-27,0.0,Ishaan Sharma,18.0,Female,Hyderabad,2024-08-07 00:03:47.581311,-0.22243250446568272,1.3809839546849962,3.26,6371.0,0.91,58.4,Residential,Low,0,Thursday,June,0,False,False,True,False,True,False,False,False,False,False,False,False,0.0,Low,4.5255857066452485,2.4655539212721855,9.8726896031426,1.0050272838502368,0.13665248011251213,0,0.4541496245298364,0.9448813669637038,0
T00713,R0155,Zone_5,-0.8290299613226754,-0.873113044134845,-0.9666542581521109,2023-04-13,0.0,Meera Reddy,23.0,Male,Hyderabad,2023-09-23 00:03:47.581311,0.16831122664114473,0.6774638268266019,3.14,2590.0,1.31,43.9,Business,Low,0,Thursday,April,1,False,True,False,False,False,False,False,True,False,False,False,False,0.0,Low,4.050218504179545,1.7119945007591924,5.5389529696504916,-0.2816354494267424,-0.5891103247938563,0,1.592550070541335,0.2422399486956406,0
T00714,R0099,Zone_10,0.4174318401206464,0.2836129411556341,0.8311126429569037,2023-01-25,1.0,Diya Gupta,35.0,Female,Mumbai,2026-01-19 00:03:47.581311,0.5590549577479722,-0.7295764288901869,3.7,2440.0,1.54,35.4,Industrial,Low,0,Wednesday,January,0,False,False,False,True,False,False,False,False,False,False,False,False,0.0,Low,5.2690945078711335,2.3869262414277967,8.373171442171717,-0.22622533980596085,0.4143395868343376,0,-1.4372366964297068,-0.701712663725091,0
T00715,R0085,Zone_4,0.28438254670815694,0.616578701567679,-0.11171972438639007,2024-05-31,1.0,Aadhya Ghosh,29.0,Male,Chennai,2025-06-01 00:03:47.581311,-1.0039199666793377,-1.4330965567485814,4.95,4038.0,2.46,48.2,Business,Low,0,Friday,May,1,True,False,False,False,False,False,True,False,False,False,False,False,0.0,Low,4.807947751349428,2.333114298028869,9.02551937563706,0.41623728424024636,-0.9255904251437593,0,-0.609309099330435,-1.0991663952706623,0
T00716,R0202,Zone_4,-0.17078608865035944,-0.6137811214879305,-0.3478219769109021,2024-04-23,0.0,Aadhya Reddy,27.0,Male,Ahmedabad,2025-09-14 00:03:47.581311,0.16831122664114473,-0.026056301031792503,4.72,4038.0,2.46,48.2,Business,Low,0,Tuesday,April,1,False,False,True,False,False,False,True,False,False,False,False,False,0.0,Low,4.649282760606412,2.1234584270966104,6.286493458200685,0.6605001072125638,-0.5075459023056194,0,-0.9840177100865709,-0.204895499293127,0
T00717,R0281,Zone_9,2.497202373989559,1.4036686885152716,2.026996172438322,2024-07-06,1.0,Arjun Iyer,21.0,Female,Jaipur,2024-11-15 00:03:47.581311,-1.0039199666793377,0.6774638268266019,4.74,11037.0,1.83,56.1,Mixed,Low,0,Saturday,July,0,False,False,True,False,False,False,False,False,False,False,False,True,0.0,Low,5.6534010450952765,2.9851767596144745,10.406248123122953,-0.2744165843328677,-0.7881456961848574,0,0.09728428095256411,1.0470837550754222,0
T00718,R0019,Zone_5,-1.0017606229459073,-1.115136614478402,-1.2480849898758195,2023-07-19,0.0,Kavya Patel,40.0,Female,Mumbai,2025-03-26 00:03:47.581311,-1.0039199666793377,-0.7295764288901869,4.08,2590.0,1.31,43.9,Business,Low,0,Wednesday,July,0,False,False,False,False,False,False,False,True,False,False,False,False,0.0,Low,3.5832411220909393,1.5686159179138452,4.736032094485847,-0.2013439907295691,-0.11189647419322601,0,-0.37020931913366256,-0.383749678488634,0
T00719,R0088,Zone_9,-0.0050580214172586315,0.11375639905997392,-0.7866542103176192,2023-03-30,1.0,Diya Iyer,22.0,Female,Jaipur,2024-05-23 00:03:47.581311,0.16831122664114473,1.3809839546849962,4.78,11037.0,1.83,56.1,Mixed,Low,0,Thursday,March,0,False,True,False,False,False,False,False,False,False,False,False,True,0.0,Low,4.2642279738954265,2.2049722641270453,8.019975062305368,-0.1829285185513184,-0.6036960599196656,0,0.7253672856485633,0.6893753966844082,0
T00720,R0142,Zone_8,-0.4672292511659061,-0.7334727780941989,-0.42126725190322395,2024-05-10,1.0,Meera Nair,33.0,Female,Kolkata,2025-05-07 00:03:47.581311,-1.394663697786165,-1.4330965567485814,3.48,4516.0,1.93,31.0,Business,Low,0,Friday,May,0,False,True,False,False,False,False,False,False,False,False,True,False,0.0,Low,4.594311442653216,1.958685340544036,5.9531504264548865,-0.7729602471424706,-0.8299608915030422,0,-0.520092763436117,-1.0991663952706623,0
T00721,R0236,Zone_8,-0.4555582605156877,-0.6243421500120132,-0.16821608976509908,2024-02-14,0.0,Arjun Gupta,28.0,Male,Ahmedabad,2024-01-20 00:03:47.581311,1.3405424199616272,-0.7295764288901869,3.36,4516.0,1.93,31.0,Business,Low,0,Wednesday,February,1,False,False,True,False,False,False,False,False,False,False,True,False,0.0,Low,4.772208885917529,1.965712776351493,6.257795138864806,-2.0892312330904557,-1.9871584832459817,0,1.167880311684381,-0.7739769785515586,0
T00722,R0068,Zone_10,0.16533844207592963,0.17741593210791565,-0.37567599891156805,2024-08-05,1.0,Meera Singh,30.0,Female,Ahmedabad,2023-08-24 00:03:47.581311,0.5590549577479722,1.3809839546849962,4.97,2440.0,1.54,35.4,Industrial,Low,0,Monday,August,0,False,False,True,True,False,False,False,False,False,False,False,False,0.0,Low,4.628789051586725,2.2823823856765264,8.154140052758475,-0.06711566018587507,-0.22010545833589992,0,1.6996096736145168,0.4906485309116225,0
T00723,R0030,Zone_1,-0.36452453344398433,-0.09629072380788879,0.3796672675121492,2023-01-23,0.0,Saanvi Patel,25.0,Male,Mumbai,2023-12-22 00:03:47.581311,1.3405424199616272,-0.7295764288901869,3.72,4921.0,2.43,30.9,Residential,Low,0,Monday,January,1,False,False,False,False,False,False,False,False,False,False,False,False,0.0,Low,5.074423533843123,2.018895041811802,7.560423268574319,-0.4263475780711049,0.3973443902703131,0,1.27137126132179,-0.7739769785515586,1
T00724,R0286,Zone_7,-1.025102604246344,-0.9441066247689551,-0.9899097387847422,2023-09-08,0.0,Ishaan Nair,26.0,Female,Pune,2026-03-07 00:03:47.581311,-0.6131762355725101,0.6774638268266019,4.48,11070.0,0.64,45.2,Industrial,Low,0,Friday,September,0,False,False,True,False,False,False,False,False,False,True,False,False,0.0,Low,4.018902367055242,1.547562508716013,5.316013544000805,-0.6177792015870784,-0.7890822684120105,0,-1.6049634079110247,0.6893753966844082,0
T00725,R0042,Zone_8,0.12332287573514315,-0.24707874217951079,0.13292267639304303,2023-05-08,0.0,Arjun Reddy,18.0,Female,Chennai,2024-11-19 00:03:47.581311,-1.0039199666793377,0.6774638268266019,3.03,4516.0,1.93,31.0,Business,Low,0,Monday,May,0,True,False,False,False,False,False,False,False,False,False,True,False,0.0,Low,4.9494688588587685,2.263844264677615,7.212489168102785,0.6719913618517916,0.5443211206341212,0,0.08300966720947323,1.0470837550754222,0
T00726,R0095,Zone_4,1.3581136865282466,1.3558506982534533,0.3133168849162236,2024-03-11,0.0,Kavya Iyer,29.0,Female,Chennai,2025-02-18 00:03:47.581311,1.7312861510684545,0.6774638268266019,4.26,4038.0,2.46,48.2,Business,Low,0,Monday,March,0,False,False,True,False,False,False,True,False,False,False,False,False,0.0,Low,5.042327740828745,2.702032128776647,10.327632836231157,-0.125226705726133,-0.16477424028860577,0,-0.24173779544584456,-0.204895499293127,0
T00727,R0244,Zone_1,1.078009910923006,0.9216750811522845,0.6957841398404608,2024-04-12,1.0,Aadhya Iyer,24.0,Male,Kolkata,2024-03-24 00:03:47.581311,-1.394663697786165,-1.4330965567485814,3.13,4921.0,2.43,30.9,Residential,Low,0,Friday,April,1,False,False,False,False,False,False,False,False,False,False,False,False,0.0,Low,5.214609617474552,2.6181254935742233,9.584362263604188,0.43362148997651534,1.0600694091337033,0,0.9394864917949267,-1.0991663952706623,0
T00728,R0165,Zone_1,0.21669080093689017,0.3997842549205413,-0.07414307206473705,2023-04-25,1.0,Meera Reddy,37.0,Female,Kolkata,2025-10-27 00:03:47.581311,-0.6131762355725101,0.6774638268266019,3.27,4921.0,2.43,30.9,Residential,Low,0,Tuesday,April,0,False,True,False,False,False,False,False,False,False,False,False,False,0.0,Low,4.831030044796529,2.3045830956567186,8.606392972668631,-0.18071866188992822,-0.0010944704726304911,0,-1.137469807824798,0.6893753966844082,0
T00729,R0150,Zone_2,-0.8803823201836362,-1.0221408910857868,-0.7598512834867897,2024-06-18,1.0,Ishaan Gupta,33.0,Female,Pune,2023-08-23 00:03:47.581311,-0.22243250446568272,1.3809839546849962,4.95,6371.0,0.91,58.4,Residential,Low,0,Tuesday,June,0,True,False,False,False,True,False,False,False,False,False,False,False,0.0,Low,4.292512127466133,1.6714733033535532,5.059644256269407,-0.09948012176644538,-0.7368624639820931,0,1.7031783270502894,0.9448813669637038,0
T00730,R0083,Zone_9,0.19568301776649716,0.46139025464435607,0.516178252694658,2023-05-02,1.0,Kavya Patel,45.0,Female,Mumbai,2023-10-18 00:03:47.581311,0.9497986888547996,-0.7295764288901869,4.4,11037.0,1.83,56.1,Mixed,Low,0,Tuesday,May,0,False,False,False,False,False,False,False,False,False,False,False,True,0.0,Low,5.137385412432552,2.295560478057081,8.727542609463445,0.6896702151429129,0.3817872744843101,0,1.503333734647017,-0.7414580368796482,0
T00731,R0235,Zone_1,1.2437379781561066,1.3784395648188523,2.026996172438322,2023-12-01,0.0,Aarav Ghosh,34.0,Female,Delhi,2025-05-06 00:03:47.581311,0.16831122664114473,-0.026056301031792503,4.06,4921.0,2.43,30.9,Residential,Low,0,Friday,December,0,False,False,True,False,False,False,False,False,False,False,False,False,0.0,Low,5.6534010450952765,2.668616131856803,10.36484442719716,-0.6690969840571369,-0.8597934715620631,0,-0.5165241100003443,-0.204895499293127,0
T00732,R0144,Zone_4,1.3697846771784652,0.6429812728778854,2.026996172438322,2023-08-03,0.0,Ishaan Kumar,34.0,Male,Pune,2024-01-09 00:03:47.581311,0.5590549577479722,1.3809839546849962,3.52,4038.0,2.46,48.2,Business,Low,0,Thursday,August,1,True,False,False,False,False,False,True,False,False,False,False,False,0.0,Low,5.6534010450952765,2.7053799725463312,9.075241043630742,0.7624808998085651,1.2620660015370258,0,1.207135499477881,0.4906485309116225,0
T00733,R0083,Zone_9,0.39875825508029694,0.8040369578701433,-0.31799715146679297,2024-06-30,1.0,Kavya Patel,45.0,Female,Mumbai,2025-06-12 00:03:47.581311,0.9497986888547996,1.3809839546849962,4.4,11037.0,1.83,56.1,Mixed,Low,0,Sunday,June,0,False,False,True,False,False,False,False,False,False,False,False,True,0.0,Low,4.67077064307204,2.379546134130174,9.372833082905082,0.6896702151429129,0.3817872744843101,0,-0.648564287123935,0.3316670382933942,0
T00734,R0132,Zone_10,-0.44622146799551304,-0.46064620788873445,-0.9977929525585157,2023-05-15,1.0,Aadhya Iyer,23.0,Male,Surat,2024-10-19 00:03:47.581311,1.3405424199616272,0.6774638268266019,3.32,2440.0,1.54,35.4,Industrial,Low,0,Monday,May,1,False,False,False,True,False,False,False,False,False,False,False,False,0.0,Low,4.008060193625088,1.9712993830601329,6.688796603276257,-1.0504646715303652,-0.9341307618375628,0,0.19363792371842764,-0.12359814511335115,0
T00735,R0046,Zone_5,-0.2571514194619754,-0.3342072275031915,0.5026454023830137,2023-09-22,0.0,Vivaan Singh,31.0,Male,Kolkata,2024-05-12 00:03:47.581311,0.16831122664114473,-1.4330965567485814,3.87,2590.0,1.31,43.9,Business,Low,0,Friday,September,1,False,False,False,False,False,False,False,True,False,False,False,False,0.0,Low,5.131317825851867,2.0781907597781832,7.003570517957251,1.1260432438787409,0.8854537812536175,0,0.7646224734420632,-1.0991663952706623,1
T00736,R0267,Zone_1,0.8796030698692934,0.0823666753911734,0.8400469519005132,2023-02-02,1.0,Arjun Iyer,37.0,Male,Jaipur,2023-11-27 00:03:47.581311,-1.0039199666793377,-0.7295764288901869,4.5,4921.0,2.43,30.9,Residential,Low,0,Thursday,February,1,True,False,False,False,False,False,False,False,False,False,False,False,0.0,Low,5.272589217975305,2.554121718809473,7.952986860293433,0.79338615445082,0.2100640020116088,0,1.3605875972161081,-0.383749678488634,0
T00737,R0049,Zone_10,0.7792325502774154,1.264321784378072,0.9752440681207266,2024-07-13,1.0,Meera Iyer,39.0,Male,Mumbai,2024-10-24 00:03:47.581311,-0.6131762355725101,-1.4330965567485814,4.4,2440.0,1.54,35.4,Industrial,Low,0,Saturday,July,1,False,False,True,True,False,False,False,False,False,False,False,False,0.0,Low,5.324033845052673,2.5201129055226197,10.175460677532001,0.9644781679682218,1.0635677818645393,0,0.17579465653956403,-1.0991663952706623,0
T00738,R0129,Zone_5,-1.7043542600890529,-1.6499353644618013,-1.486158045843775,2024-03-20,1.0,Vivaan Singh,35.0,Male,Hyderabad,2025-12-23 00:03:47.581311,1.3405424199616272,-0.7295764288901869,3.9,2590.0,1.31,43.9,Business,Low,0,Wednesday,March,1,False,True,False,False,False,False,False,True,False,False,False,False,0.0,Low,2.8831233291713367,0.5822156198526637,2.04939015319192,0.046695678173123416,0.12664997458493465,0,-1.3408830536638432,-0.7739769785515586,0
T00739,R0202,Zone_2,0.746553776456804,-0.08954340002861376,1.2553609308821398,2024-07-15,1.0,Aadhya Reddy,27.0,Male,Ahmedabad,2025-02-27 00:03:47.581311,0.16831122664114473,-0.7295764288901869,4.72,6371.0,0.91,58.4,Residential,Low,0,Monday,July,1,False,False,False,False,True,False,False,False,False,False,False,False,0.0,Low,5.422877386483444,2.5087859235779435,7.575618786607468,0.6605001072125638,-0.5075459023056194,0,-0.27385567636779906,-0.6520309472818946,0
T00740,R0137,Zone_4,0.8095771259679835,1.5441890402662577,0.8236235898718187,2024-01-24,1.0,Arjun Gupta,27.0,Female,Bengaluru,2023-09-10 00:03:47.581311,-0.22243250446568272,-1.4330965567485814,3.14,4038.0,2.46,48.2,Business,Low,0,Wednesday,January,0,False,False,True,False,False,False,True,False,False,False,False,False,0.0,Low,5.26615567973964,2.5305171610400525,10.633908030446756,2.16257124934028,2.4858117364577574,0,1.6389425652063805,-1.0991663952706623,0
T00741,R0074,Zone_1,-1.0577813780669554,-1.00747279591345,-0.9669170319445699,2023-04-18,0.0,Vivaan Ghosh,23.0,Male,Kolkata,2025-09-20 00:03:47.581311,-0.22243250446568272,1.3809839546849962,4.89,4921.0,2.43,30.9,Residential,Low,0,Tuesday,April,1,True,False,False,False,False,False,False,False,False,False,False,False,0.0,Low,4.049870072120271,1.5173226235262949,5.10881590977792,-0.8798752170459152,-0.43733249909983135,0,-1.0054296307012072,0.9448813669637038,0
T00742,R0242,Zone_6,-0.9130610940042477,-0.9866441007687319,-1.1557200018264417,2024-02-03,1.0,Kavya Iyer,34.0,Male,Ahmedabad,2025-10-11 00:03:47.581311,-0.22243250446568272,-0.7295764288901869,4.54,14627.0,0.54,37.6,Mixed,Low,0,Saturday,February,1,False,True,False,False,False,False,False,False,True,False,False,False,0.0,Low,3.761665123839584,1.6448050562713916,5.177837386399847,-2.5568407292322184,-2.7290224243301915,0,-1.0803713528524344,-0.5881544547120707,0
T00743,R0157,Zone_2,-0.9060584996141167,-0.5489481408262021,-0.5152088827073565,2024-04-09,1.0,Kavya Nair,36.0,Male,Hyderabad,2025-03-28 00:03:47.581311,0.9497986888547996,-1.4330965567485814,4.65,6371.0,0.91,58.4,Residential,Low,0,Tuesday,April,1,False,False,False,False,True,False,False,False,False,False,False,False,0.0,Low,4.519285446830922,1.6505798557652755,6.4598761598036845,1.9436902085930725,1.7634406609740068,0,-0.377346626005208,-1.0991663952706623,0
T00744,R0229,Zone_8,-0.8150247725424135,-0.4852886077782604,-0.5234862571698186,2024-06-26,0.0,Reyansh Ghosh,22.0,Female,Mumbai,2024-12-04 00:03:47.581311,-1.0039199666793377,-0.7295764288901869,4.43,4516.0,1.93,31.0,Business,Low,0,Wednesday,June,0,True,False,False,False,False,False,False,False,False,False,True,False,0.0,Low,4.512396785835737,1.7227665977411035,6.6257075093909785,-0.20959412226542554,0.2550855798956923,0,0.02947986567288238,-0.383749678488634,0
T00745,R0060,Zone_1,-1.674009684398485,-1.548138783965784,-1.4296616804650661,2024-04-01,0.0,Aarav Nair,40.0,Female,Hyderabad,2025-03-31 00:03:47.581311,-0.6131762355725101,-0.026056301031792503,4.57,4921.0,2.43,30.9,Residential,Low,0,Monday,April,0,True,False,False,False,False,False,False,False,False,False,False,False,0.0,Low,3.09874002362822,0.6523251860396903,2.7694764848252458,-0.1266999435003933,-0.26179210452486745,0,-0.3880525863125262,0.09319479936605132,0
T00746,R0218,Zone_4,0.3450716980892924,0.6582360918571156,0.21727306377241817,2023-10-24,1.0,Arjun Reddy,34.0,Male,Delhi,2026-02-26 00:03:47.581311,-0.6131762355725101,1.3809839546849962,3.87,4038.0,2.46,48.2,Business,Low,0,Tuesday,October,1,True,False,False,False,False,False,True,False,False,False,False,False,0.0,Low,4.993963759808284,2.3580197998821464,9.103845341392834,0.146340123995804,-0.29986101093443934,0,-1.5728455269890702,1.285555994002765,0
T00747,R0286,Zone_6,-0.938737273434728,-0.859911758479742,-0.7331797435521897,2023-03-16,1.0,Ishaan Nair,26.0,Female,Pune,2023-11-10 00:03:47.581311,-0.6131762355725101,0.6774638268266019,4.48,14627.0,0.54,37.6,Mixed,Low,0,Thursday,March,0,False,False,False,False,False,False,False,False,True,False,False,False,0.0,Low,4.319885238136032,1.623340817603092,5.579426493825329,-0.6177792015870784,-0.7890822684120105,0,1.4212547056242444,0.6893753966844082,0
T00748,R0020,Zone_9,-0.1030943428790929,0.4256001024238543,-0.09582190994261387,2023-01-03,1.0,Diya Das,35.0,Male,Chennai,2024-04-04 00:03:47.581311,-0.6131762355725101,-0.7295764288901869,4.03,11037.0,1.83,56.1,Mixed,Low,0,Tuesday,January,1,False,False,True,False,False,False,False,False,False,False,False,True,0.0,Low,4.817778435386918,2.157559320943788,8.657366805212773,-1.274843248907063,-1.073690040498625,0,0.9002313040014268,-0.5029857979523055,0
T00749,R0105,Zone_8,-0.6026127427084391,-0.5160916076401676,-0.2222161041154468,2024-03-17,0.0,Diya Das,31.0,Male,Jaipur,2024-10-10 00:03:47.581311,1.7312861510684545,-0.026056301031792503,3.69,4516.0,1.93,31.0,Business,Low,0,Sunday,March,1,False,False,False,False,False,False,False,False,False,False,True,False,0.0,Low,4.736812295039806,1.873339456220478,6.545991139621257,-0.0933065539504982,-0.6788422080277071,0,0.22575580464038214,-0.5029857979523055,0
T00750,R0063,Zone_1,0.27737995231802565,-0.3925862462890918,0.6951272053593129,2023-05-17,0.0,Diya Iyer,34.0,Female,Surat,2024-11-02 00:03:47.581311,-0.6131762355725101,0.6774638268266019,4.83,4921.0,2.43,30.9,Residential,Low,0,Wednesday,May,0,False,True,False,False,False,False,False,False,False,False,False,False,0.0,Low,5.214337752752762,2.330200260027019,6.860029154456998,1.8660996858153758,2.5599347384352944,0,0.14367677561760953,0.6893753966844082,0
T00751,R0095,Zone_9,-1.2001674639996194,-1.3122758135946084,-1.1587419004397217,2023-12-23,1.0,Kavya Iyer,29.0,Male,Chennai,2024-11-26 00:03:47.581311,1.7312861510684545,0.6774638268266019,4.26,11037.0,1.83,56.1,Mixed,Low,0,Saturday,December,1,False,False,False,False,False,False,False,False,False,False,False,True,0.0,Low,3.7563044304287256,1.3737155789130306,3.963584236521283,-0.125226705726133,-0.16477424028860577,0,0.05802909315906416,-0.204895499293127,0
T00752,R0081,Zone_4,0.2657089616678075,0.8178249673321398,1.1652295200686642,2024-07-07,0.0,Diya Reddy,42.0,Female,Mumbai,2026-03-23 00:03:47.581311,-0.6131762355725101,-0.7295764288901869,3.9,4038.0,2.46,48.2,Business,Low,0,Sunday,July,0,True,False,False,False,False,False,True,False,False,False,False,False,0.0,Low,5.392126420226094,2.325324579963535,9.397872099576585,0.429201776653735,0.1772399000740926,0,-1.6620618628833883,-0.5029857979523055,1
T00753,R0013,Zone_6,0.4337712270309517,0.1897371320526786,0.07997375721253196,2024-06-28,0.0,Ishaan Gupta,43.0,Female,Kolkata,2025-09-13 00:03:47.581311,0.5590549577479722,-1.4330965567485814,3.91,14627.0,0.54,37.6,Mixed,Low,0,Friday,June,0,False,True,False,False,False,False,False,False,True,False,False,False,0.0,Low,4.920491744243289,2.3933394562625097,8.179853299418028,0.5031910515387956,0.9648604147871388,0,-0.9804490566507982,-1.0991663952706623,0
T00754,R0088,Zone_6,0.9449606175105165,1.7791719249270932,1.3481200796202064,2024-07-02,1.0,Diya Iyer,22.0,Male,Jaipur,2025-06-08 00:03:47.581311,0.16831122664114473,-0.7295764288901869,4.78,14627.0,0.54,37.6,Mixed,Low,0,Tuesday,July,1,False,True,False,False,False,False,False,False,True,False,False,False,0.0,Low,5.4535674418185955,2.5756610130564646,11.00409014866745,-0.1829285185513184,-0.6036960599196656,0,-0.6342896733808441,-0.6520309472818946,0
T00756,R0264,Zone_10,-1.3145431723717595,-1.062918195664883,-1.3718514461240616,2024-02-10,1.0,Aadhya Das,27.0,Male,Delhi,2024-06-22 00:03:47.581311,-1.7854074288929924,-0.026056301031792503,3.59,2440.0,1.54,35.4,Industrial,Low,0,Saturday,February,1,False,False,True,True,False,False,False,False,False,False,False,False,0.0,Low,3.279782759771722,1.2412685890696329,4.920365840057018,-2.324770702696396,-2.2019290193142984,0,0.6183076825753817,1.285555994002765,0
T00757,R0158,Zone_2,0.35207429247942323,0.25134313177649337,-0.13221608019820083,2023-10-03,0.0,Aarav Iyer,27.0,Female,Ahmedabad,2023-08-20 00:03:47.581311,-1.394663697786165,0.6774638268266019,3.57,6371.0,0.91,58.4,Residential,Low,0,Tuesday,October,0,False,False,False,False,True,False,False,False,False,False,False,False,0.0,Low,4.795129169911258,2.3608540011180215,8.307225770376053,-1.01751771766964,-1.1161387993822363,0,1.7138842873576077,1.5836462926619435,0
T00758,R0029,Zone_9,-0.8500377444930685,-0.5835648454329169,-0.4313840429128997,2024-08-13,1.0,Kavya Iyer,30.0,Male,Surat,2024-03-22 00:03:47.581311,-1.0039199666793377,-0.7295764288901869,3.69,11037.0,1.83,56.1,Mixed,Low,0,Tuesday,August,1,False,True,False,False,False,False,False,False,False,False,False,True,0.0,Low,4.58649692072247,1.6956156086751528,6.367888189973187,0.17344769904218865,0.7154824497705309,0,0.9466237986664722,-0.383749678488634,0
T00759,R0258,Zone_5,-1.5082816171653843,-1.4706912414558457,-1.2005229334407206,2023-12-08,1.0,Vivaan Nair,32.0,Male,Jaipur,2025-07-16 00:03:47.581311,-1.0039199666793377,-1.4330965567485814,3.76,2590.0,1.31,43.9,Business,Low,0,Friday,December,1,False,False,True,False,False,False,False,True,False,False,False,False,0.0,Low,3.6790816116338254,0.9669838461896731,3.2109188716004646,-1.3233618796060271,-0.9954036208054234,0,-0.7698985039402075,-1.0991663952706623,0
T00760,R0109,Zone_2,0.9613000044208223,0.1894437701492321,0.14619275291222844,2023-10-25,1.0,Vivaan Kumar,35.0,Male,Delhi,2024-09-20 00:03:47.581311,-1.394663697786165,-0.7295764288901869,3.35,6371.0,0.91,58.4,Residential,Low,0,Wednesday,October,1,False,False,False,False,True,False,False,False,False,False,False,False,0.0,Low,4.95660140560377,2.580974118534234,8.179242018671413,1.6018990449647397,1.4086395550864725,0,0.2971288733558366,-0.204895499293127,0
T00761,R0147,Zone_2,1.5331785462815222,2.288741551214073,1.857507076302195,2023-08-28,1.0,Saanvi Nair,35.0,Female,Mumbai,2024-02-05 00:03:47.581311,0.16831122664114473,1.3809839546849962,3.91,6371.0,0.91,58.4,Residential,Low,0,Monday,August,0,False,False,False,False,True,False,False,False,False,False,False,False,0.0,Low,5.607124720614766,2.751109690562657,11.766902736064406,-0.08716806322441498,-0.018448602916935477,0,1.1107818567120173,0.6893753966844082,0
T00762,R0168,Zone_2,-0.4789002418161244,-0.7428603590044944,-0.12669783055655945,2024-02-19,0.0,Diya Das,23.0,Female,Pune,2023-09-19 00:03:47.581311,-1.0039199666793377,-1.4330965567485814,4.03,6371.0,0.91,58.4,Residential,Low,0,Monday,February,0,False,False,True,False,True,False,False,False,False,False,False,False,0.0,Low,4.798596522514152,1.951608170169951,5.9262129560116215,-0.64095814256877,-0.5328911995468982,0,1.6068246842844258,-1.0991663952706623,0
T00763,R0085,Zone_10,0.22369339532702145,0.632420244353803,-0.45739864836635186,2023-10-12,0.0,Aadhya Ghosh,29.0,Male,Chennai,2025-09-24 00:03:47.581311,-1.0039199666793377,-0.026056301031792503,4.95,2440.0,1.54,35.4,Industrial,Low,0,Thursday,October,1,False,False,False,True,False,False,False,False,False,False,False,False,0.0,Low,4.56611745872439,2.307572634505085,9.055385138137417,0.41623728424024636,-0.9255904251437593,0,-1.019704244444298,0.3316670382933942,0
T00764,R0186,Zone_10,-0.09609174848896203,0.2463559794178988,-0.8143768454220555,2024-06-14,0.0,Ishaan Sharma,18.0,Female,Hyderabad,2026-03-13 00:03:47.581311,-0.22243250446568272,0.6774638268266019,3.26,2440.0,1.54,35.4,Industrial,Low,0,Friday,June,0,False,False,True,True,False,False,False,False,False,False,False,False,0.0,Low,4.23410650459726,2.1610215286722587,8.296987405076615,1.0050272838502368,0.13665248011251213,0,-1.626375328525661,0.43386942640511234,0
T00765,R0201,Zone_9,0.4851235858919127,-0.2570530468966999,-0.3609606665338577,2023-06-17,0.0,Meera Reddy,37.0,Female,Delhi,2025-01-26 00:03:47.581311,-0.22243250446568272,-0.7295764288901869,3.84,11037.0,1.83,56.1,Mixed,Low,0,Saturday,June,0,True,False,False,False,False,False,False,False,False,False,False,True,0.0,Low,4.639668226395659,2.413231613081109,7.188880302244572,0.929260769745434,0.6315876152112011,0,-0.15965876642307195,-0.5881544547120707,0
T00766,R0279,Zone_8,1.005649768891652,1.238505936874759,1.15169666975702,2024-06-30,1.0,Diya Singh,25.0,Female,Pune,2025-11-03 00:03:47.581311,-1.0039199666793377,-1.4330965567485814,3.73,4516.0,1.93,31.0,Business,Low,0,Sunday,June,0,False,True,False,False,False,False,False,False,False,False,True,False,0.0,Low,5.387426541619813,2.5952547069568657,10.132127121192273,0.12866127070468267,0.32496488653809685,0,-1.162450381875207,-1.0991663952706623,0
T00767,R0279,Zone_5,0.38008467003994756,0.5018741973200055,-0.20066865313379958,2024-06-02,1.0,Diya Singh,25.0,Female,Pune,2024-03-08 00:03:47.581311,-1.0039199666793377,1.3809839546849962,3.73,2590.0,1.31,43.9,Business,Low,0,Sunday,June,0,False,False,True,False,False,False,False,True,False,False,False,False,0.0,Low,4.7510870608882465,2.372111155642656,8.806247782114696,0.12866127070468267,0.32496488653809685,0,0.9965849467672903,1.7625004718574506,0
T00768,R0047,Zone_1,0.38241886816999116,-0.09453055238720831,1.2800616673732963,2024-08-05,1.0,Reyansh Iyer,51.0,Female,Bengaluru,2025-08-03 00:03:47.581311,-0.22243250446568272,-1.4330965567485814,4.86,4921.0,2.43,30.9,Residential,Low,0,Monday,August,0,False,False,True,False,False,False,False,False,False,False,False,False,0.0,Low,5.431142259660542,2.373043556642607,7.564390259630977,0.4704524343330167,0.9841480310729339,0,-0.8341342657841165,-1.0991663952706623,1
T00769,R0042,Zone_9,1.44914741359995,2.2368164943040005,2.026996172438322,2023-06-12,0.0,Arjun Reddy,18.0,Male,Chennai,2024-11-09 00:03:47.581311,-1.0039199666793377,1.3809839546849962,3.03,11037.0,1.83,56.1,Mixed,Low,0,Monday,June,1,False,False,False,False,False,False,False,False,False,False,False,True,0.0,Low,5.6534010450952765,2.72785282839839,11.69144986731757,0.6719913618517916,0.5443211206341212,0,0.11869620156720045,1.7625004718574506,0
T00770,R0154,Zone_1,-0.2128016549911457,0.06447159928092253,-0.038799996978986534,2023-07-12,0.0,Kavya Patel,18.0,Male,Kolkata,2024-07-02 00:03:47.581311,2.122029882175282,-0.026056301031792503,4.68,4921.0,2.43,30.9,Residential,Low,0,Wednesday,July,1,False,True,False,False,False,False,False,False,False,False,False,False,0.0,Low,4.852264611458088,2.1016921506146558,7.914543574963751,1.5153179942313024,0.8079005153852908,0,0.5826211482176544,-0.5488458438998713,0
T00771,R0058,Zone_1,1.0570021277526125,1.5609106687627219,0.2641781857263696,2023-12-27,1.0,Vivaan Reddy,46.0,Male,Kolkata,2024-12-20 00:03:47.581311,0.16831122664114473,0.6774638268266019,4.32,4921.0,2.43,30.9,Residential,Low,0,Wednesday,December,1,False,False,False,False,False,False,False,False,False,False,False,False,0.0,Low,5.01787568575175,2.611539300721366,10.660675400742676,0.8387618778980307,0.014896122993908854,0,-0.027618589299481185,0.2422399486956406,0
T00772,R0006,Zone_5,-0.9807528397755141,-0.6736269497910647,-0.8099096909502506,2023-11-14,1.0,Aarav Das,45.0,Female,Jaipur,2026-04-04 00:03:47.581311,-0.22243250446568272,-0.026056301031792503,4.64,2590.0,1.31,43.9,Business,Low,0,Tuesday,November,0,False,False,False,False,False,False,False,True,False,False,False,False,0.0,Low,4.239021940256878,1.5871923034867808,6.1220911460055865,0.5554793001617393,0.8761982439499878,0,-1.704885704112661,-0.07714251415347918,0
T00773,R0045,Zone_1,1.8552978882275488,1.5494695545282993,2.026996172438322,2023-08-20,0.0,Saanvi Iyer,34.0,Female,Ahmedabad,2024-04-18 00:03:47.581311,0.5590549577479722,-0.7295764288901869,4.88,4921.0,2.43,30.9,Residential,Low,0,Sunday,August,0,False,True,False,False,False,False,False,False,False,False,False,False,0.0,Low,5.6534010450952765,2.8355635214011694,10.64236815751081,0.9628412371079327,1.2276882915521163,0,0.8502701559006086,-0.701712663725091,0
T00774,R0199,Zone_4,0.839921701658551,0.5584930446852256,1.9744414139464994,2023-10-09,0.0,Aarav Das,29.0,Male,Ahmedabad,2024-11-25 00:03:47.581311,0.9497986888547996,-1.4330965567485814,3.91,4038.0,2.46,48.2,Business,Low,0,Monday,October,1,False,False,True,False,False,False,True,False,False,False,False,False,0.0,Low,5.639279508442102,2.540814281726296,8.915155635209068,0.24946676819400834,0.9689188944381358,0,0.06159774659483688,-1.0991663952706623,1
T00775,R0213,Zone_5,-0.4929054305963863,-0.19075325671773768,-0.30761758666465816,2023-02-13,0.0,Kavya Ghosh,29.0,Female,Chennai,2024-02-19 00:03:47.581311,0.5590549577479722,1.3809839546849962,3.74,2590.0,1.31,43.9,Business,Low,0,Monday,February,0,True,False,False,False,False,False,False,True,False,False,False,False,0.0,Low,4.678141798443914,1.9430489167742813,7.344385610791416,-0.7683768407336619,-0.43676583355062903,0,1.0608207086111994,0.4906485309116225,0
T00776,R0093,Zone_2,-1.288866992941279,-1.2509631757742405,-1.2006543203369502,2023-09-05,1.0,Diya Patel,33.0,Male,Surat,2023-12-30 00:03:47.581311,-1.0039199666793377,1.3809839546849962,3.77,6371.0,0.91,58.4,Residential,Low,0,Tuesday,September,1,False,False,True,False,True,False,False,False,False,False,False,False,0.0,Low,3.6788291182604347,1.2725655957915478,4.219004621945797,1.1964640094883718,0.8481671881161373,0,1.2428220338356082,1.7625004718574506,0
T00777,R0023,Zone_5,-0.021397408327564413,-0.5926590644397656,0.44995925699496153,2024-03-17,1.0,Meera Iyer,24.0,Male,Jaipur,2024-10-01 00:03:47.581311,-0.22243250446568272,-1.4330965567485814,3.21,2590.0,1.31,43.9,Business,Low,0,Sunday,March,1,True,False,False,False,False,False,False,True,False,False,False,False,0.0,Low,5.1073384426629,2.1972245773362196,6.343500610861483,-0.74854659259759,0.11280530491693588,0,0.25787368556233664,-1.0991663952706623,0
T00778,R0129,Zone_4,-1.4009085031833755,-1.3832693942287186,-1.2353404609415526,2023-03-04,0.0,Vivaan Singh,35.0,Male,Hyderabad,2025-02-02 00:03:47.581311,1.3405424199616272,-1.4330965567485814,3.9,4038.0,2.46,48.2,Business,Low,0,Saturday,March,1,False,False,True,False,False,False,True,False,False,False,False,False,0.0,Low,3.6098362467734835,1.128171090909654,3.645545226711637,0.046695678173123416,0.12664997458493465,0,-0.184639340473481,-1.0991663952706623,0
T00779,R0193,Zone_1,0.3287323111789866,0.24518253180411168,1.07181343684945,2023-07-12,1.0,Kavya Singh,33.0,Female,Chennai,2025-12-24 00:03:47.581311,-0.22243250446568272,-0.7295764288901869,4.41,4921.0,2.43,30.9,Residential,Low,0,Wednesday,July,0,False,False,False,False,False,False,False,False,False,False,False,False,0.0,Low,5.359224301451558,2.3513752571634776,8.294576541331088,-0.046443561893082935,0.49832676689057426,0,-1.344451707099616,-0.5881544547120707,1
T00780,R0047,Zone_4,1.6732304340841424,0.5711076065334351,2.026996172438322,2024-06-30,0.0,Reyansh Iyer,51.0,Female,Bengaluru,2025-11-12 00:03:47.581311,-0.22243250446568272,-0.026056301031792503,4.86,4038.0,2.46,48.2,Business,Low,0,Sunday,June,0,False,True,False,False,False,False,True,False,False,False,False,False,0.0,Low,5.6534010450952765,2.7887081041196646,8.939239341241512,0.4704524343330167,0.9841480310729339,0,-1.1945682627971617,-0.07714251415347918,0
T00781,R0105,Zone_8,0.16533844207592963,0.17536239878378868,-0.5868147411524646,2024-03-09,1.0,Diya Das,31.0,Male,Jaipur,2024-07-18 00:03:47.581311,1.7312861510684545,1.3809839546849962,3.69,4516.0,1.93,31.0,Business,Low,0,Saturday,March,1,False,False,False,False,False,False,False,False,False,False,True,False,0.0,Low,4.458061320949879,2.2823823856765264,8.149846624323676,-0.0933065539504982,-0.6788422080277071,0,0.5255226932452909,0.09319479936605132,0
T00782,R0032,Zone_2,-0.22914104190145126,0.034842047032802276,0.6128790083196111,2024-05-01,0.0,Kavya Reddy,18.0,Male,Mumbai,2023-10-10 00:03:47.581311,-0.6131762355725101,-0.7295764288901869,4.0,6371.0,0.91,58.4,Residential,Low,0,Wednesday,May,1,False,False,False,False,True,False,False,False,False,False,False,False,0.0,Low,5.179702735211794,2.0930978681273213,7.850477692471968,0.09035708857392151,1.2079651822979531,0,1.5318829621331986,-0.5029857979523055,1
T00783,R0076,Zone_8,0.37775047190990396,-0.090423485738954,0.0006160718898802599,2023-09-03,0.0,Reyansh Reddy,40.0,Male,Bengaluru,2023-11-27 00:03:47.581311,-1.0039199666793377,-0.026056301031792503,3.34,4516.0,1.93,31.0,Business,Low,0,Sunday,September,1,False,False,True,False,False,False,False,False,False,False,True,False,0.0,Low,4.875426304616494,2.3711778844596574,7.573638491504595,1.922475584643727,1.3221829200234607,0,1.3605875972161081,0.3316670382933942,0
T00784,R0173,Zone_1,0.3123929242686808,0.9105273288213086,-0.10239125475409167,2023-07-28,0.0,Saanvi Ghosh,26.0,Male,Mumbai,2026-01-02 00:03:47.581311,-0.22243250446568272,-0.7295764288901869,4.28,4921.0,2.43,30.9,Residential,Low,0,Friday,July,1,True,False,False,False,False,False,False,False,False,False,False,False,0.0,Low,4.813727878973883,2.344686269012681,9.564517760974674,-0.5557629067087025,-0.2286106884771609,0,-1.3765695880215705,-0.5881544547120707,0
T00785,R0290,Zone_9,-0.9994264248158634,-0.9276783581759379,-0.7771943537890912,2023-12-02,0.0,Saanvi Kumar,34.0,Female,Chennai,2024-03-22 00:03:47.581311,0.5590549577479722,1.3809839546849962,4.28,11037.0,1.83,56.1,Mixed,Low,0,Saturday,December,0,False,False,True,False,False,False,False,False,False,False,False,True,0.0,Low,4.27430221608671,1.57069708411767,5.36842621258782,-0.30152415937925287,-0.3385542988287802,0,0.9466237986664722,0.4906485309116225,0
T00786,R0035,Zone_1,0.2587063672776762,0.14426603701843463,0.26365263814145146,2023-12-14,1.0,Reyansh Das,39.0,Female,Kolkata,2024-01-02 00:03:47.581311,-1.394663697786165,-1.4330965567485814,3.49,4921.0,2.43,30.9,Residential,Low,0,Thursday,December,0,True,False,False,False,False,False,False,False,False,False,False,False,0.0,Low,5.017610907832681,2.322387720290225,8.084553172563094,-0.49893802113010083,-0.8265727037401066,0,1.23211607352829,-1.0991663952706623,0
T00787,R0183,Zone_7,0.7022040119859743,0.9501311857866178,0.29084972566096945,2024-01-25,1.0,Arjun Patel,43.0,Male,Jaipur,2025-10-05 00:03:47.581311,0.16831122664114473,-1.4330965567485814,3.79,11070.0,0.64,45.2,Industrial,Low,0,Thursday,January,1,False,False,True,False,False,False,False,False,False,True,False,False,0.0,Low,5.031221927704644,2.4932054526026954,9.634832639957997,-0.5121971610984408,-0.7742623902294132,0,-1.0589594322377982,-1.0991663952706623,0
T00788,R0139,Zone_1,-0.3248431652332419,-0.031164381242713275,0.4846453975995645,2023-05-24,0.0,Diya Gupta,44.0,Male,Kolkata,2024-04-15 00:03:47.581311,0.16831122664114473,-0.026056301031792503,4.39,4921.0,2.43,30.9,Residential,Low,0,Wednesday,May,1,False,False,False,False,False,False,False,False,False,False,False,False,0.0,Low,5.123189870334323,2.0412203288596382,7.705841939723395,-0.42822260796561756,-0.2510766163965579,0,0.8609761162079268,-0.204895499293127,1
T00789,R0045,Zone_8,1.120025477263792,1.309792879412316,1.1849375545030976,2024-02-26,1.0,Saanvi Iyer,34.0,Female,Ahmedabad,2024-09-28 00:03:47.581311,0.5590549577479722,0.6774638268266019,4.88,4516.0,1.93,31.0,Business,Low,0,Monday,February,0,False,False,False,False,False,False,False,False,False,False,True,False,0.0,Low,5.39893163658063,2.6311691567662523,10.251341375644458,0.9628412371079327,1.2276882915521163,0,0.2685796458696548,0.09319479936605132,0
T00790,R0062,Zone_10,-0.17078608865035944,-0.16493740921442485,0.33302491935065703,2024-01-24,1.0,Kavya Sharma,38.0,Female,Jaipur,2024-01-31 00:03:47.581311,-0.22243250446568272,-0.026056301031792503,3.58,2440.0,1.54,35.4,Industrial,Low,0,Wednesday,January,0,True,False,False,True,False,False,False,False,False,False,False,False,0.0,Low,5.051969157589233,2.1234584270966104,7.404052944165108,0.7920391942000682,-0.09619983848033548,0,1.128625123890881,-0.07714251415347918,0
T00791,R0164,Zone_2,0.8726004754791625,0.543531587609442,2.026996172438322,2024-01-06,0.0,Aadhya Ghosh,37.0,Male,Ahmedabad,2026-01-23 00:03:47.581311,1.7312861510684545,0.6774638268266019,4.02,6371.0,0.91,58.4,Residential,Low,0,Saturday,January,1,False,True,False,False,True,False,False,False,False,False,False,False,0.0,Low,5.6534010450952765,2.551786178627545,8.886506625215558,0.1561617091575382,0.5640717761302595,0,-1.4515113101727977,-0.204895499293127,1
T00792,R0105,Zone_2,2.6325858655320924,2.446570255268417,2.0145144172965144,2023-07-05,1.0,Diya Das,31.0,Male,Jaipur,2024-12-11 00:03:47.581311,1.7312861510684545,-0.7295764288901869,3.69,6371.0,0.91,58.4,Residential,Low,0,Wednesday,July,1,False,False,False,False,True,False,False,False,False,False,False,False,0.0,Low,5.650065192150214,3.0140632302387145,11.99333148045196,-0.0933065539504982,-0.6788422080277071,0,0.004499291622473319,-0.8010760966114839,0
T00793,R0161,Zone_7,-0.13343891856966084,-0.06548772394598142,-0.41193878227092556,2023-12-13,1.0,Aarav Nair,32.0,Male,Surat,2023-11-01 00:03:47.581311,-0.6131762355725101,-0.7295764288901869,4.91,11070.0,0.64,45.2,Industrial,Low,0,Wednesday,December,1,False,False,True,False,False,False,False,False,False,True,False,False,0.0,Low,4.601463324056765,2.1424163408412245,7.62954782408499,-1.5056505002078056,-1.169826424991684,0,1.4533725865461988,-0.5029857979523055,0
T00794,R0209,Zone_7,-1.489608032125035,-1.2888068613188697,-1.2103769506579372,2023-01-20,1.0,Vivaan Sharma,31.0,Female,Surat,2026-01-16 00:03:47.581311,0.16831122664114473,1.3809839546849962,3.77,11070.0,0.64,45.2,Industrial,Low,0,Friday,January,0,False,True,False,False,False,False,False,False,False,True,False,False,0.0,Low,3.659965443949294,0.9969486348916096,4.063249930782009,-0.45768736345081856,-1.2266267759443161,0,-1.4265307361223887,0.6893753966844082,0
T00795,R0296,Zone_4,-0.41354269417490147,-0.3468217893514011,-0.6343767975875637,2023-01-14,0.0,Reyansh Patel,37.0,Female,Hyderabad,2025-10-02 00:03:47.581311,-0.22243250446568272,0.6774638268266019,3.97,4038.0,2.46,48.2,Business,Low,0,Saturday,January,0,False,False,False,False,False,False,True,False,False,False,False,False,0.0,Low,4.415219602029645,1.9906103279732201,6.972804313904127,1.920960254361632,1.2824029984694925,0,-1.04825347193048,0.43386942640511234,0
T00796,R0172,Zone_1,-1.7417014301697518,-1.604757631331004,-1.486158045843775,2024-01-12,0.0,Reyansh Reddy,31.0,Female,Pune,2025-12-31 00:03:47.581311,1.3405424199616272,1.3809839546849962,3.72,4921.0,2.43,30.9,Residential,Low,0,Friday,January,0,False,False,True,False,False,False,False,False,False,False,False,False,0.0,Low,2.8831233291713367,0.48858001481867097,2.3958297101421877,-0.22277290380971576,-0.04607998782176537,0,-1.369432281150025,0.20159127160575266,0
T00797,R0258,Zone_7,0.6928672194657998,0.2639576936247028,1.2752003522128026,2023-10-18,0.0,Vivaan Nair,32.0,Male,Jaipur,2024-02-21 00:03:47.581311,-1.0039199666793377,-1.4330965567485814,3.76,11070.0,0.64,45.2,Industrial,Low,0,Wednesday,October,1,False,False,False,False,False,False,False,False,False,True,False,False,0.0,Low,5.429521052163381,2.4898941912990393,8.333066662399863,-1.3233618796060271,-0.9954036208054234,0,1.053683401739654,-1.0991663952706623,0
T00798,R0259,Zone_1,1.5075023668510419,1.3857736124050206,2.026996172438322,2024-04-08,0.0,Aadhya Das,32.0,Male,Jaipur,2026-01-08 00:03:47.581311,0.16831122664114473,0.6774638268266019,3.52,4921.0,2.43,30.9,Residential,Low,0,Monday,April,1,True,False,False,False,False,False,False,False,False,False,False,False,0.0,Low,5.6534010450952765,2.744060638625243,10.376897416858279,1.105417915039101,0.6900958331662902,0,-1.3979815086362068,0.2422399486956406,0
T00799,R0154,Zone_3,0.790903540927634,-0.020896714622077688,1.4082952780933429,2023-12-15,0.0,Kavya Patel,18.0,Female,Kolkata,2025-02-15 00:03:47.581311,2.122029882175282,-0.026056301031792503,4.68,12971.0,2.11,38.0,Business,Low,0,Friday,December,0,False,False,True,False,False,True,False,False,False,False,False,False,0.0,Low,5.472984704405132,2.5241273629412815,7.728518616138541,1.5153179942313024,0.8079005153852908,0,-0.2310318351385264,-0.5488458438998713,0
T00800,R0175,Zone_7,0.35207429247942323,0.9592254047934666,0.8639593670142927,2024-01-11,0.0,Diya Patel,35.0,Female,Chennai,2023-11-05 00:03:47.581311,-0.22243250446568272,-1.4330965567485814,3.48,11070.0,0.64,45.2,Industrial,Low,0,Thursday,January,0,False,False,True,False,False,False,False,False,False,True,False,False,0.0,Low,5.281883060084612,2.3608540011180215,9.65090669315583,-0.20976249229676938,-0.10616370772046754,0,1.439097972803108,-1.0991663952706623,0
T00801,R0059,Zone_10,-0.7730092062016272,-0.9972051292928144,-0.219456979294626,2024-04-09,1.0,Aarav Sharma,43.0,Male,Delhi,2025-09-28 00:03:47.581311,-1.394663697786165,-1.4330965567485814,3.27,2440.0,1.54,35.4,Industrial,Low,0,Tuesday,April,1,False,False,False,True,False,False,False,False,False,False,False,False,0.0,Low,4.738651577362572,1.7544036826842861,5.142956348249516,0.3879511189744532,0.12269834096341725,0,-1.033978858187389,-1.0991663952706623,0
T00802,R0292,Zone_9,1.8179507181468504,2.795084196563139,0.6019738959325581,2024-01-11,0.0,Diya Patel,37.0,Female,Jaipur,2026-04-13 00:03:47.581311,0.5590549577479722,-0.026056301031792503,4.39,11037.0,1.83,56.1,Mixed,Low,0,Thursday,January,0,False,False,True,False,False,False,False,False,False,False,False,True,0.0,Low,5.175019150203543,2.826129489167811,12.478781991845198,0.42789223196550363,-0.11737633993013644,0,-1.7370035850346155,-0.3042589321795199,0
T00803,R0282,Zone_2,0.8585952866989004,0.2704116555005309,-0.20671245036035907,2024-01-15,1.0,Reyansh Kumar,22.0,Female,Bengaluru,2025-03-03 00:03:47.581311,0.5590549577479722,-1.4330965567485814,4.47,6371.0,0.91,58.4,Residential,Low,0,Monday,January,0,False,False,True,False,True,False,False,False,False,False,False,False,0.0,Low,4.747103681876758,2.547098670044448,8.346256645946132,1.3124896688656529,0.8859312494478517,0,-0.28813029011089,-1.0991663952706623,0
T00804,R0260,Zone_4,0.31005872613863716,0.18240308446651018,0.8091710312865676,2024-07-16,0.0,Reyansh Das,55.0,Male,Mumbai,2025-04-01 00:03:47.581311,-0.6131762355725101,0.6774638268266019,4.24,4038.0,2.46,48.2,Business,Low,0,Tuesday,July,1,False,True,False,False,False,False,True,False,False,False,False,False,0.0,Low,5.260459723991796,2.343727036325221,8.164557550780078,-1.0568040583165752,-0.4993508953180304,0,-0.39162123974829893,0.6893753966844082,0
T00805,R0207,Zone_9,0.21669080093689017,0.7503517295393907,1.061696645839774,2023-08-14,0.0,Ishaan Iyer,31.0,Female,Mumbai,2025-10-29 00:03:47.581311,0.16831122664114473,1.3809839546849962,3.93,11037.0,1.83,56.1,Mixed,Low,0,Monday,August,0,False,False,True,False,False,False,False,False,False,False,False,True,0.0,Low,5.35559521769951,2.3045830956567186,9.274696760541554,-0.09306101432145507,0.7916588273284412,0,-1.1446071146963435,0.6893753966844082,1
T00806,R0194,Zone_7,0.10931768695488141,0.221420217624926,0.7520177314267108,2023-03-03,0.0,Arjun Iyer,30.0,Male,Jaipur,2024-11-21 00:03:47.581311,-0.6131762355725101,-1.4330965567485814,4.06,11070.0,0.64,45.2,Industrial,Low,0,Friday,March,1,False,True,False,False,False,False,False,False,False,True,False,False,0.0,Low,5.237611491430642,2.25758772706331,8.245604889879214,-0.48518780190367305,-0.5252994552585641,0,0.07587236033792778,-1.0991663952706623,0
T00807,R0155,Zone_7,0.5061313690623057,-0.07458194295283029,-0.020799992195537305,2023-08-25,1.0,Meera Reddy,23.0,Male,Hyderabad,2024-07-15 00:03:47.581311,0.16831122664114473,0.6774638268266019,3.14,11070.0,0.64,45.2,Industrial,Low,0,Friday,August,1,False,True,False,False,False,False,False,False,False,True,False,False,0.0,Low,4.8629083820668,2.421256622711544,7.60920495189872,-0.2816354494267424,-0.5891103247938563,0,0.5362286535526091,0.2422399486956406,0
T00808,R0154,Zone_7,-0.7379962342509722,-0.6856547878323809,-0.5839242294354142,2024-01-19,1.0,Kavya Patel,18.0,Male,Kolkata,2025-06-05 00:03:47.581311,2.122029882175282,-0.7295764288901869,4.68,11070.0,0.64,45.2,Industrial,Low,0,Friday,January,1,False,False,True,False,False,False,False,False,False,True,False,False,0.0,Low,4.460606734796738,1.780024213009634,6.088513775955509,1.5153179942313024,0.8079005153852908,0,-0.6235837130735259,-0.8240061195852668,0
T00809,R0011,Zone_4,1.7595957648957585,1.0416600996619996,0.24565263335800222,2023-06-22,1.0,Vivaan Nair,26.0,Male,Chennai,2024-08-29 00:03:47.581311,0.5590549577479722,0.6774638268266019,4.0,4038.0,2.46,48.2,Business,Low,0,Thursday,June,1,True,False,False,False,False,False,True,False,False,False,False,False,0.0,Low,5.0084996819658345,2.8112082932048366,9.795407086997457,-0.009495693903703363,0.4865107408090695,0,0.3756392489428365,0.09319479936605132,0
T00810,R0026,Zone_8,0.1560016495557547,0.32380352192783707,-0.595223502511156,2023-06-25,0.0,Aarav Kumar,26.0,Male,Surat,2025-02-20 00:03:47.581311,0.5590549577479722,1.3809839546849962,3.17,4516.0,1.93,31.0,Business,Low,0,Sunday,June,1,False,False,False,False,False,False,False,False,False,False,True,False,0.0,Low,4.450619426139493,2.278292400425001,8.4545845551393,0.42330882555669486,-0.7222918137030796,0,-0.24887510231739002,0.4906485309116225,0
T00811,R0191,Zone_8,0.6788620306855376,0.8181183292355867,0.6756819447173388,2024-06-15,0.0,Meera Gupta,33.0,Male,Surat,2024-03-12 00:03:47.581311,1.3405424199616272,0.6774638268266019,4.56,4516.0,1.93,31.0,Business,Low,0,Saturday,June,1,False,False,True,False,False,False,False,False,False,False,True,False,0.0,Low,5.206256900698823,2.4849066497880004,9.398404119849284,-0.3127743387463294,-0.4040108476384331,0,0.9823103330241993,-0.12359814511335115,0
T00812,R0262,Zone_7,-0.5279184025470415,-0.8141473015420512,-0.7754863241381069,2023-04-17,0.0,Meera Singh,30.0,Male,Ahmedabad,2024-06-02 00:03:47.581311,0.5590549577479722,-0.026056301031792503,3.35,11070.0,0.64,45.2,Industrial,Low,0,Monday,April,1,False,True,False,False,False,False,False,False,False,True,False,False,0.0,Low,4.2761104090823325,1.9213246735826988,5.717516943569122,-0.8646283753186516,-0.7437044257983821,0,0.6896807512908362,-0.3042589321795199,0
T00813,R0002,Zone_10,0.41509764199060234,0.5235829781750642,0.264309572622599,2024-02-19,1.0,Ishaan Nair,39.0,Female,Mumbai,2024-12-23 00:03:47.581311,-0.22243250446568272,1.3809839546849962,4.12,2440.0,1.54,35.4,Industrial,Low,0,Monday,February,0,True,False,False,True,False,False,False,False,False,False,False,False,0.0,Low,5.017941869278694,2.386006701133118,8.84816365128946,1.603582745278179,1.2548252750750044,0,-0.03832454960679935,0.9448813669637038,0
T00814,R0040,Zone_2,-1.0927943500176105,-0.9581879961343983,-0.755909676599903,2023-06-28,1.0,Aarav Gupta,34.0,Male,Surat,2026-01-31 00:03:47.581311,0.9497986888547996,-0.7295764288901869,4.41,6371.0,0.91,58.4,Residential,Low,0,Wednesday,June,1,False,False,True,False,True,False,False,False,False,False,False,False,0.0,Low,4.296604902619887,1.4838746894587547,5.270673581241775,-0.027501933366882544,-0.5258503800980654,0,-1.4800605376589795,-0.7414580368796482,0
T00815,R0246,Zone_7,-1.3262141630219777,-1.24832291864322,-1.4049609439739097,2024-04-06,1.0,Vivaan Das,29.0,Male,Mumbai,2025-11-24 00:03:47.581311,1.7312861510684545,-0.026056301031792503,4.79,11070.0,0.64,45.2,Industrial,Low,0,Saturday,April,1,False,False,False,False,False,False,False,False,False,True,False,False,0.0,Low,3.1801349965517702,1.2267122912954254,4.2296571965113205,-0.6560833837178401,-0.025472894620583223,0,-1.2373921040264342,-0.5029857979523055,0
T00816,R0199,Zone_1,-0.05874457840826322,0.05273712314305314,0.8204703043623096,2023-01-18,1.0,Aarav Das,29.0,Female,Ahmedabad,2024-09-09 00:03:47.581311,0.9497986888547996,0.6774638268266019,3.91,4921.0,2.43,30.9,Residential,Low,0,Wednesday,January,0,False,False,False,False,False,False,False,False,False,False,False,False,0.0,Low,5.264915689914006,2.179286876649552,7.889233169326408,0.24946676819400834,0.9689188944381358,0,0.33638406114933656,-0.02604132009762001,1
T00817,R0246,Zone_5,-1.5643023722864324,-1.434901089235344,-1.3499098344537257,2024-06-13,1.0,Vivaan Das,29.0,Female,Mumbai,2025-07-26 00:03:47.581311,1.7312861510684545,1.3809839546849962,4.79,2590.0,1.31,43.9,Business,Low,0,Thursday,June,0,False,False,True,False,False,False,False,True,False,False,False,False,0.0,Low,3.3407394126250414,0.8712933659434193,3.395585369269929,-0.6560833837178401,-0.025472894620583223,0,-0.8055850382979348,0.09319479936605132,0
T00819,R0276,Zone_1,-1.8093931759410182,-1.6854321547788564,-1.486158045843775,2024-08-18,0.0,Aadhya Ghosh,26.0,Female,Chennai,2025-05-09 00:03:47.581311,-0.6131762355725101,-0.7295764288901869,3.63,4921.0,2.43,30.9,Residential,Low,0,Sunday,August,0,True,False,False,False,False,False,False,False,False,False,False,False,0.0,Low,2.8831233291713367,0.29266961396282,1.7291616465790582,-1.7727976166069621,-1.438071729345095,0,-0.5272300703076624,-0.5029857979523055,0
T00820,R0170,Zone_9,0.38241886816999116,1.04518044250336,1.3068645942041255,2023-03-01,1.0,Saanvi Kumar,29.0,Male,Bengaluru,2025-06-10 00:03:47.581311,-0.22243250446568272,-0.026056301031792503,3.68,11037.0,1.83,56.1,Mixed,Low,0,Wednesday,March,1,False,False,False,False,False,False,False,False,False,False,False,True,0.0,Low,5.440033919166517,2.373043556642607,9.801530492734285,-0.26364090232685156,0.24261893781325272,0,-0.6414269802523895,-0.07714251415347918,1
T00822,R0137,Zone_3,0.5411443410129609,1.2338121464196112,0.9410834751010421,2023-10-09,1.0,Arjun Gupta,27.0,Female,Bengaluru,2025-08-12 00:03:47.581311,-0.22243250446568272,-0.7295764288901869,3.14,12971.0,2.11,38.0,Business,Low,0,Monday,October,0,False,True,False,False,False,True,False,False,False,False,False,False,0.0,Low,5.31128294893806,2.4344901638739844,10.124228365658293,2.16257124934028,2.4858117364577574,0,-0.8662521467060711,-0.5881544547120707,0
T00823,R0051,Zone_2,-0.3831981184843337,-0.06343419062185425,0.406995741927897,2023-03-21,1.0,Aarav Nair,21.0,Male,Kolkata,2024-11-15 00:03:47.581311,0.9497986888547996,0.6774638268266019,4.02,6371.0,0.91,58.4,Residential,Low,0,Tuesday,March,1,False,False,True,False,True,False,False,False,False,False,False,False,0.0,Low,5.0873493911639605,2.0082140323914683,7.634133873596926,-1.280932631707338,-0.588556645330157,0,0.09728428095256411,-0.02604132009762001,1
T00824,R0103,Zone_3,-0.6656360922196182,-0.5697768359709201,-0.39341322990255806,2023-10-13,1.0,Ishaan Gupta,37.0,Male,Surat,2025-05-12 00:03:47.581311,0.5590549577479722,-0.7295764288901869,3.07,12971.0,2.11,38.0,Business,Low,0,Friday,October,1,False,True,False,False,False,True,False,False,False,False,False,False,0.0,Low,4.6155164780422355,1.8309801823813363,6.404685784642366,-0.09134223691815115,0.09274639385583802,0,-0.5379360306149805,-0.701712663725091,0
T00825,R0173,Zone_9,0.7652273614971533,0.6242061110572943,1.2782222508260828,2024-04-20,1.0,Saanvi Ghosh,26.0,Male,Mumbai,2024-09-16 00:03:47.581311,-0.22243250446568272,-1.4330965567485814,4.28,11037.0,1.83,56.1,Mixed,Low,0,Saturday,April,1,False,False,False,False,False,False,False,False,False,False,False,True,0.0,Low,5.430529138856541,2.5152741864043966,9.039911503991618,-0.5557629067087025,-0.2286106884771609,0,0.3114034870989275,-1.0991663952706623,0
T00826,R0274,Zone_6,-0.9550766603450338,-0.7035498639426317,-1.0511360324277155,2024-01-02,1.0,Reyansh Nair,27.0,Male,Surat,2024-09-30 00:03:47.581311,-1.394663697786165,-0.026056301031792503,3.04,14627.0,0.54,37.6,Mixed,Low,0,Tuesday,January,1,False,False,False,False,False,False,False,False,True,False,False,False,0.0,Low,3.9314333989479695,1.6094379124341003,6.038211655780211,-0.3133100615733336,-0.3534659978179621,0,0.26144233899810937,0.6893753966844082,0
T00827,R0123,Zone_8,-0.16144929613018474,-0.2136354851865831,0.6281198882822395,2023-03-29,1.0,Meera Ghosh,32.0,Female,Bengaluru,2026-01-28 00:03:47.581311,-1.394663697786165,-0.7295764288901869,3.31,4516.0,1.93,31.0,Business,Low,0,Wednesday,March,0,False,False,False,False,False,False,False,False,False,False,True,False,0.0,Low,5.186211932763729,2.128231705849268,7.291090453423274,0.7857253180246687,1.613500956655205,0,-1.4693545773516612,-0.204895499293127,1
T00828,R0217,Zone_1,0.7862351446675467,1.2335187845161644,1.2289521647399992,2024-01-04,0.0,Kavya Iyer,39.0,Female,Jaipur,2023-11-16 00:03:47.581311,-1.0039199666793377,0.6774638268266019,3.52,4921.0,2.43,30.9,Residential,Low,0,Thursday,January,0,False,False,True,False,False,False,False,False,False,False,False,False,0.0,Low,5.413964790073998,2.522523513359307,10.123734488813898,0.23355580023199912,0.7901217470262318,0,1.399842785009608,1.0470837550754222,0
T00829,R0219,Zone_8,-0.3808639203542901,-0.4574192269508204,-0.8625958363383025,2024-03-19,1.0,Vivaan Sharma,25.0,Male,Pune,2025-10-21 00:03:47.581311,-2.17615115999982,0.6774638268266019,4.15,4516.0,1.93,31.0,Business,Low,0,Tuesday,March,1,True,False,False,False,False,False,False,False,False,False,True,False,0.0,Low,4.179451348852659,2.0095554142156695,6.697014260101288,-0.9851064866359188,-1.6064343602968363,0,-1.1160578872101616,4.266458980594549,0
T00830,R0211,Zone_4,0.0813073093943571,-0.5128646267022535,-0.7803476392986004,2024-03-29,0.0,Arjun Reddy,36.0,Male,Mumbai,2025-12-26 00:03:47.581311,-0.22243250446568272,-0.7295764288901869,3.63,4038.0,2.46,48.2,Business,Low,0,Friday,March,1,False,True,False,False,False,False,True,False,False,False,False,False,0.0,Low,4.270955399408094,2.244955980157409,6.554387843269576,-0.8891355687698352,-1.2254698337813625,0,-1.3515890139711615,-0.5881544547120707,0
T00831,R0095,Zone_2,-0.37619552409420265,-0.55452201699169,-0.3777781892512409,2023-12-06,0.0,Kavya Iyer,29.0,Male,Chennai,2025-10-13 00:03:47.581311,1.7312861510684545,0.6774638268266019,4.26,6371.0,0.91,58.4,Residential,Low,0,Wednesday,December,1,False,True,False,False,True,False,False,False,False,False,False,False,0.0,Low,4.627225176768922,2.012232791986386,6.445153217728808,-0.125226705726133,-0.16477424028860577,0,-1.0875086597239798,-0.204895499293127,0
T00832,R0263,Zone_5,-1.153483501398746,-1.0192072720513197,-1.3437346503309364,2024-06-23,0.0,Ishaan Das,31.0,Female,Chennai,2025-10-04 00:03:47.581311,1.7312861510684545,1.3809839546849962,3.84,2590.0,1.31,43.9,Business,Low,0,Sunday,June,0,False,False,False,False,False,False,False,True,False,False,False,False,0.0,Low,3.3572454941329726,1.423108334242607,5.06951674225463,0.3692901071671584,-0.09128086669907033,0,-1.0553907788020254,0.09319479936605132,0
T00833,R0100,Zone_8,1.367450479048421,1.992152666829423,1.572134737691599,2023-11-23,0.0,Ishaan Gupta,28.0,Male,Delhi,2026-02-08 00:03:47.581311,1.7312861510684545,1.3809839546849962,3.79,4516.0,1.93,31.0,Business,Low,0,Thursday,November,1,False,True,False,False,False,False,False,False,False,False,True,False,0.0,Low,5.524017646643936,2.7047112998366956,11.329165900453573,0.21361798235368046,0.23335159497734753,0,-1.508609765145161,0.09319479936605132,0
T00834,R0196,Zone_6,1.6055386883128762,2.5712490642332795,2.026996172438322,2023-11-17,1.0,Vivaan Das,18.0,Male,Hyderabad,2023-12-17 00:03:47.581311,1.7312861510684545,1.3809839546849962,4.93,14627.0,0.54,37.6,Mixed,Low,0,Friday,November,1,False,False,False,False,False,False,False,False,True,False,False,False,0.0,Low,5.6534010450952765,2.770711962226921,12.169223475637219,-0.0564756095939968,-0.034067322116810524,0,1.2892145285006535,0.09319479936605132,0
T00835,R0175,Zone_10,-0.39020071287446484,-0.28932285627584087,-0.5230920964811299,2023-10-25,1.0,Diya Patel,35.0,Female,Chennai,2023-08-25 00:03:47.581311,-0.22243250446568272,-1.4330965567485814,3.48,2440.0,1.54,35.4,Industrial,Low,0,Wednesday,October,0,False,True,False,True,False,False,False,False,False,False,False,False,0.0,Low,4.5127258955968115,2.004179057179289,7.111961754677819,-0.20976249229676938,-0.10616370772046754,0,1.696041020178744,-1.0991663952706623,0
T00836,R0074,Zone_3,-0.331845759623373,0.08999408488078847,0.06433871656121483,2023-11-20,1.0,Vivaan Ghosh,23.0,Female,Kolkata,2024-12-26 00:03:47.581311,-0.22243250446568272,-0.7295764288901869,4.89,12971.0,2.11,38.0,Business,Low,0,Monday,November,0,False,False,True,False,False,True,False,False,False,False,False,False,0.0,Low,4.911772143292383,2.0373166153791646,7.969316156358712,-0.8798752170459152,-0.43733249909983135,0,-0.049030509914117525,-0.5881544547120707,0
T00837,R0249,Zone_5,-0.22914104190145126,-0.6454642070601782,0.5555943215635248,2024-01-27,1.0,Diya Nair,20.0,Male,Mumbai,2024-02-21 00:03:47.581311,0.16831122664114473,-1.4330965567485814,4.49,2590.0,1.31,43.9,Business,Low,0,Saturday,January,1,False,False,False,False,False,False,False,True,False,False,False,False,0.0,Low,5.154851071522756,2.0930978681273213,6.2,-0.001720272317331987,0.16802568213342545,0,1.053683401739654,-1.0991663952706623,1
T00838,R0064,Zone_5,0.6065018886541836,0.21525961765254473,-0.426916888441095,2023-05-21,1.0,Ishaan Nair,21.0,Female,Bengaluru,2026-01-04 00:03:47.581311,-1.0039199666793377,0.6774638268266019,4.21,2590.0,1.31,43.9,Business,Low,0,Sunday,May,0,False,False,True,False,False,False,False,True,False,False,False,False,0.0,Low,4.589955020181611,2.458733775483977,8.232860985101109,1.8977251900361591,2.3598608737218316,0,-1.383706894893116,1.0470837550754222,0
T00839,R0017,Zone_1,-1.0787891612373484,-0.7636890541492127,-1.1339097770523354,2024-03-16,1.0,Meera Das,49.0,Female,Mumbai,2024-10-17 00:03:47.581311,-0.22243250446568272,-1.4330965567485814,3.83,4921.0,2.43,30.9,Residential,Low,0,Saturday,March,0,False,True,False,False,False,False,False,False,False,False,False,False,0.0,Low,3.799525974201,1.4973884086254776,5.866003750424985,-0.05570391361700346,-0.46075467513350665,0,0.20077523058997307,-1.0991663952706623,0
T00840,R0165,Zone_7,-0.12410212604948592,-0.02265688604275796,-0.6458074575595352,2023-11-18,1.0,Meera Reddy,37.0,Male,Kolkata,2023-12-02 00:03:47.581311,-0.6131762355725101,0.6774638268266019,3.27,11070.0,0.64,45.2,Industrial,Low,0,Saturday,November,1,False,False,False,False,False,False,False,False,False,True,False,False,0.0,Low,4.4046439245392905,2.1471001901536506,7.72463591375024,-0.18071866188992822,-0.0010944704726304911,0,1.3427443300372444,0.6893753966844082,0
T00841,R0057,Zone_8,0.28438254670815694,0.7122146820913151,0.5529665836389335,2024-05-28,0.0,Aadhya Reddy,39.0,Female,Bengaluru,2025-12-07 00:03:47.581311,1.7312861510684545,0.6774638268266019,3.66,4516.0,1.93,31.0,Business,Low,0,Tuesday,May,0,False,True,False,False,False,False,False,False,False,False,True,False,0.0,Low,5.153696136936908,2.333114298028869,9.204346799203082,-0.7498795220123965,-0.9787656906524701,0,-1.2837845986914795,-0.204895499293127,0
T00842,R0286,Zone_10,0.727880191416455,0.872390281373233,1.6618719878163863,2023-08-18,1.0,Ishaan Nair,26.0,Male,Pune,2025-01-17 00:03:47.581311,-0.6131762355725101,-0.026056301031792503,4.48,2440.0,1.54,35.4,Industrial,Low,0,Friday,August,1,False,False,False,True,False,False,False,False,False,False,False,False,0.0,Low,5.550903208462204,2.502255288122613,9.496315074806649,-0.6177792015870784,-0.7890822684120105,0,-0.12754088550111742,0.09319479936605132,1
T00843,R0024,Zone_10,-0.5115790156367357,-0.7375798447424532,-1.0114571897663893,2023-08-07,1.0,Meera Kumar,41.0,Female,Chennai,2023-10-13 00:03:47.581311,-1.394663697786165,1.3809839546849962,3.49,2440.0,1.54,35.4,Industrial,Low,0,Monday,August,0,False,True,False,True,False,False,False,False,False,False,False,False,0.0,Low,3.9889840465642745,1.9315214116032138,5.941380311005179,-0.20576370405234942,-0.3474333708254176,0,1.5211770018258806,2.4779171886394784,0
T00844,R0195,Zone_9,0.4501106139412575,0.5089148830027274,0.19546283899831193,2023-09-04,1.0,Aadhya Reddy,33.0,Male,Kolkata,2025-04-10 00:03:47.581311,0.5590549577479722,0.6774638268266019,4.97,11037.0,1.83,56.1,Mixed,Low,0,Monday,September,1,False,True,False,False,False,False,False,False,False,False,False,True,0.0,Low,4.982647257556087,2.3997118037247684,8.81986394452885,-0.1640219671149804,-0.4615941796508422,0,-0.42373912067025343,0.09319479936605132,0
T00845,R0121,Zone_2,0.38241886816999116,0.7350969105601605,0.3822950054367405,2023-09-18,0.0,Diya Iyer,29.0,Male,Pune,2023-12-15 00:03:47.581311,0.9497986888547996,-0.026056301031792503,4.17,6371.0,0.91,58.4,Residential,Low,0,Monday,September,1,True,False,False,False,True,False,False,False,False,False,False,False,0.0,Low,5.075673690275478,2.373043556642607,9.246621004453464,-0.8713725304630427,-0.5874988696383137,0,1.296351835372199,-0.383749678488634,0
T00846,R0069,Zone_8,1.1550384492144468,0.45698982609265487,0.9426601178557964,2024-01-31,0.0,Diya Singh,22.0,Male,Ahmedabad,2026-03-02 00:03:47.581311,-2.566894891106647,1.3809839546849962,4.56,4516.0,1.93,31.0,Business,Low,0,Wednesday,January,1,False,False,False,False,False,False,False,False,False,False,True,False,0.0,Low,5.311875044480103,2.641910398597665,8.718944890294926,2.916027139604709,2.37162862829359,0,-1.5871201407321611,13.209167940369902,0
T00847,R0287,Zone_8,-0.6352915165290505,-0.4019738271993873,-0.388683301638294,2024-06-29,1.0,Saanvi Singh,18.0,Female,Delhi,2023-11-12 00:03:47.581311,-0.6131762355725101,0.6774638268266019,3.33,4516.0,1.93,31.0,Business,Low,0,Saturday,June,0,False,False,True,False,False,False,False,False,False,False,True,False,0.0,Low,4.619073091157083,1.851599469584072,6.836665854054885,-0.8122465877894053,-0.3043785946183545,0,1.414117398752699,0.6893753966844082,0
T00848,R0234,Zone_10,-0.6259547240088758,-0.8361494443005563,-0.7904644303082764,2023-12-05,0.0,Saanvi Nair,32.0,Male,Pune,2025-02-19 00:03:47.581311,0.5590549577479722,0.6774638268266019,3.98,2440.0,1.54,35.4,Industrial,Low,0,Tuesday,December,1,False,False,True,True,False,False,False,False,False,False,False,False,0.0,Low,4.2601414466837575,1.8578592709325787,5.651548460377917,-0.6131957951782692,-0.14727319455376647,0,-0.2453064488816173,0.09319479936605132,0
T00849,R0218,Zone_3,1.3814556678286833,1.5230669832180928,1.6055070093339066,2023-06-25,0.0,Arjun Reddy,34.0,Female,Delhi,2024-12-12 00:03:47.581311,-0.6131762355725101,-1.4330965567485814,3.87,12971.0,2.11,38.0,Business,Low,0,Sunday,June,0,True,False,False,False,False,True,False,False,False,False,False,False,0.0,Low,5.5341006982086824,2.7087166456453704,10.6,0.146340123995804,-0.29986101093443934,0,0.0009306381867005965,-1.0991663952706623,0
T00850,R0078,Zone_3,-1.846740346021717,-1.7438111735647568,-1.486158045843775,2023-07-17,0.0,Saanvi Sharma,30.0,Male,Jaipur,2026-01-26 00:03:47.581311,-1.7854074288929924,-1.4330965567485814,3.62,12971.0,2.11,38.0,Business,Low,0,Monday,July,1,False,True,False,False,False,True,False,False,False,False,False,False,0.0,Low,2.8831233291713367,0.16551443847757338,1.0,-4.279266149881404,-3.7085982703837375,0,-1.4622172704801157,-1.0991663952706623,0
T00851,R0151,Zone_9,1.880974067658029,1.2921911652055116,2.026996172438322,2023-05-03,1.0,Meera Reddy,34.0,Male,Hyderabad,2024-01-09 00:03:47.581311,-0.22243250446568272,1.3809839546849962,5.0,11037.0,1.83,56.1,Mixed,Low,0,Wednesday,May,1,False,True,False,False,False,False,False,False,False,False,False,True,0.0,Low,5.6534010450952765,2.8419981736119486,10.222035022440492,0.5276982449899783,0.6015543411035054,0,1.207135499477881,0.9448813669637038,0
T00852,R0237,Zone_10,2.9617078018682506,1.7398614298652306,2.026996172438322,2023-02-28,1.0,Aadhya Nair,40.0,Female,Chennai,2024-02-03 00:03:47.581311,0.5590549577479722,0.6774638268266019,3.71,2440.0,1.54,35.4,Industrial,Low,0,Tuesday,February,0,True,False,False,True,False,False,False,False,False,False,False,False,0.0,Low,5.6534010450952765,3.0809921175048145,10.943034314119645,0.41938019149200184,0.583473512561381,0,1.1179191635835628,0.09319479936605132,0
T00853,R0014,Zone_9,0.5364759447528736,0.388343140686119,0.7397987500773621,2024-05-09,1.0,Aarav Das,26.0,Male,Ahmedabad,2025-07-18 00:03:47.581311,-0.6131762355725101,-0.7295764288901869,3.0,11037.0,1.83,56.1,Mixed,Low,0,Thursday,May,1,False,True,False,False,False,False,False,False,False,False,False,True,0.0,Low,5.232658217741762,2.432735777459091,8.583705493549974,-0.624654311200292,0.5569923919426626,0,-0.777035810811753,-0.5029857979523055,0
T00854,R0198,Zone_1,0.9286212306002107,0.42149303577560004,0.22896649753684847,2023-05-08,1.0,Vivaan Kumar,31.0,Male,Mumbai,2024-06-09 00:03:47.581311,-1.394663697786165,-1.4330965567485814,3.85,4921.0,2.43,30.9,Residential,Low,0,Monday,May,1,False,False,False,False,False,False,False,False,False,False,False,False,0.0,Low,4.999978713907727,2.570319527636131,8.649277426467485,0.9934518441953362,0.5667162153598685,0,0.6647001772404271,-1.0991663952706623,0
T00855,R0121,Zone_2,-1.7603750152101012,-1.613558488434406,-1.486158045843775,2023-03-18,1.0,Diya Iyer,29.0,Female,Pune,2024-05-13 00:03:47.581311,0.9497986888547996,1.3809839546849962,4.17,6371.0,0.91,58.4,Residential,Low,0,Saturday,March,0,False,True,False,False,True,False,False,False,False,False,False,False,0.0,Low,2.8831233291713367,0.4382549309311553,2.3323807579381204,-0.8713725304630427,-0.5874988696383137,0,0.7610538200062906,0.3316670382933942,0
T00856,R0047,Zone_10,-0.831364159452719,-0.9397061962172539,-0.8101724647427098,2023-09-16,0.0,Reyansh Iyer,51.0,Male,Bengaluru,2024-03-16 00:03:47.581311,-0.22243250446568272,0.6774638268266019,4.86,2440.0,1.54,35.4,Industrial,Low,0,Saturday,September,1,False,False,False,True,False,False,False,False,False,False,False,False,0.0,Low,4.238733464847405,1.7101878155342434,5.330103188494571,0.4704524343330167,0.9841480310729339,0,0.9680357192811085,0.43386942640511234,0
T00857,R0070,Zone_8,1.2133934024655386,1.5409620593283437,0.6942074970857062,2023-01-31,1.0,Meera Reddy,33.0,Male,Bengaluru,2023-10-27 00:03:47.581311,-0.6131762355725101,0.6774638268266019,3.54,4516.0,1.93,31.0,Business,Low,0,Tuesday,January,1,False,False,True,False,False,False,False,False,False,False,True,False,0.0,Low,5.213957017929963,2.659559991941776,10.6287346377638,2.1509256555056537,2.2025497950504977,0,1.4712158537250624,0.6893753966844082,0
T00858,R0051,Zone_1,0.4010924532103406,0.7139748535119955,0.9660469853846574,2023-11-03,0.0,Aarav Nair,21.0,Male,Kolkata,2024-04-16 00:03:47.581311,0.9497986888547996,-0.7295764288901869,4.02,4921.0,2.43,30.9,Residential,Low,0,Friday,November,1,False,True,False,False,False,False,False,False,False,False,False,False,0.0,Low,5.320616874042804,2.3804716316511167,9.207605551933684,-1.280932631707338,-0.588556645330157,0,0.8574074627721541,-0.7414580368796482,0
T00859,R0077,Zone_10,-0.23380943816153874,-0.393466331999432,0.30622199251982735,2024-04-29,0.0,Reyansh Das,28.0,Male,Mumbai,2025-06-03 00:03:47.581311,2.5127736132821092,1.3809839546849962,3.79,2440.0,1.54,35.4,Industrial,Low,0,Monday,April,1,True,False,False,True,False,False,False,False,False,False,False,False,0.0,Low,5.0388339484549345,2.0906287310704004,6.8578422262399705,1.4133246098594512,1.137265784680176,0,-0.6164464062019804,-0.07714251415347918,0
T00860,R0173,Zone_2,0.24936957475750174,0.2463559794178988,1.2624558232785357,2023-12-10,1.0,Saanvi Ghosh,26.0,Female,Mumbai,2023-10-02 00:03:47.581311,-0.22243250446568272,0.6774638268266019,4.28,6371.0,0.91,58.4,Residential,Low,0,Sunday,December,0,False,False,True,False,True,False,False,False,False,False,False,False,0.0,Low,5.425258339989186,2.318458442150336,8.296987405076615,-0.5557629067087025,-0.2286106884771609,0,1.5604321896193805,0.43386942640511234,1
T00861,R0174,Zone_4,0.5691547185734848,0.15658723696319757,-0.03236203906373836,2024-01-14,0.0,Aadhya Patel,32.0,Female,Kolkata,2023-12-15 00:03:47.581311,-0.22243250446568272,-1.4330965567485814,3.8,4038.0,2.46,48.2,Business,Low,0,Sunday,January,0,False,True,False,False,False,False,True,False,False,False,False,False,0.0,Low,4.856084534247658,2.4449523342809676,8.110487038396647,0.4628757829225361,0.05623319425495424,0,1.296351835372199,-1.0991663952706623,0
T00862,R0007,Zone_3,-0.36452453344398433,-0.32922007514459695,-0.20290223036970187,2023-06-30,1.0,Ishaan Ghosh,18.0,Male,Mumbai,2023-10-25 00:03:47.581311,-0.6131762355725101,-0.7295764288901869,4.03,12971.0,2.11,38.0,Business,Low,0,Friday,June,1,False,False,False,False,False,True,False,False,False,False,False,False,0.0,Low,4.7496167903531195,2.018895041811802,7.0156966867161525,-0.8770690498568474,-1.008074892113964,0,1.4783531605966078,-0.5029857979523055,0
T00863,R0026,Zone_7,-0.054076182148175764,0.013426628081190446,-0.25296063783316275,2023-12-21,0.0,Aarav Kumar,26.0,Female,Surat,2023-11-07 00:03:47.581311,0.5590549577479722,1.3809839546849962,3.17,11070.0,0.64,45.2,Industrial,Low,0,Thursday,December,0,False,False,False,False,False,False,False,False,False,True,False,False,0.0,Low,4.716085246559246,2.1815467646169897,7.803845206050668,0.42330882555669486,-0.7222918137030796,0,1.4319606659315625,0.4906485309116225,0
T00864,R0074,Zone_9,-0.06341297466835047,0.3144159410175413,-0.41193878227092556,2023-07-01,1.0,Vivaan Ghosh,23.0,Male,Kolkata,2023-09-12 00:03:47.581311,-0.22243250446568272,-0.7295764288901869,4.89,11037.0,1.83,56.1,Mixed,Low,0,Saturday,July,1,False,True,False,False,False,False,False,False,False,False,False,True,0.0,Low,4.601463324056765,2.1770218700187,8.435638683585257,-0.8798752170459152,-0.43733249909983135,0,1.631805258334835,-0.5881544547120707,0
T00865,R0255,Zone_5,-1.2491856247305366,-1.2204535378157804,-0.9275009630757032,2023-12-21,1.0,Reyansh Sharma,37.0,Female,Bengaluru,2025-10-28 00:03:47.581311,0.16831122664114473,-1.4330965567485814,3.12,2590.0,1.31,43.9,Business,Low,0,Thursday,December,0,True,False,False,False,False,False,False,True,False,False,False,False,0.0,Low,4.10082352831981,1.3190856114264407,4.340506882842141,0.5367481341747186,0.7370759488548032,0,-1.1410384612605706,-1.0991663952706623,0
T00866,R0147,Zone_2,0.3567426887395105,-0.25177253263465865,-0.40576359814813645,2023-04-29,1.0,Saanvi Nair,35.0,Male,Mumbai,2025-05-10 00:03:47.581311,0.16831122664114473,1.3809839546849962,3.91,6371.0,0.91,58.4,Residential,Low,0,Saturday,April,1,False,True,False,False,True,False,False,False,False,False,False,False,0.0,Low,4.6061696863211745,2.362739015813793,7.201388754955532,-0.08716806322441498,-0.018448602916935477,0,-0.5307987237434351,0.6893753966844082,0
T00867,R0166,Zone_4,2.084049304971829,1.6923368015068592,1.1632587166252213,2023-05-22,0.0,Reyansh Sharma,24.0,Male,Chennai,2025-10-03 00:03:47.581311,-1.394663697786165,-0.7295764288901869,4.29,4038.0,2.46,48.2,Business,Low,0,Monday,May,1,False,False,True,False,False,False,True,False,False,False,False,False,0.0,Low,5.39144334453752,2.8914822521801917,10.868762579061151,1.5901131427706583,0.8931391827646669,0,-1.0518221253662527,-0.204895499293127,0
T00868,R0250,Zone_4,2.0000181722902566,1.5952340114659895,0.09652850613745627,2023-10-09,0.0,Aadhya Iyer,34.0,Male,Jaipur,2025-01-16 00:03:47.581311,0.5590549577479722,-0.026056301031792503,4.63,4038.0,2.46,48.2,Business,Low,0,Monday,October,1,False,False,False,False,False,False,True,False,False,False,False,False,0.0,Low,4.929642134886724,2.8713021951758138,10.715409464878139,0.16336420494280862,-0.12729298704116868,0,-0.1239722320653447,-0.3042589321795199,0
T00869,R0286,Zone_5,-1.7440356282997953,-1.6361473549998047,-1.486158045843775,2024-05-06,1.0,Ishaan Nair,26.0,Male,Pune,2025-07-05 00:03:47.581311,-0.6131762355725101,-1.4330965567485814,4.48,2590.0,1.31,43.9,Business,Low,0,Monday,May,1,False,True,False,False,False,False,False,True,False,False,False,False,0.0,Low,2.8831233291713367,0.4824261492442927,2.1610182784974308,-0.6177792015870784,-0.7890822684120105,0,-0.7306433161467076,-1.0991663952706623,0
T00870,R0057,Zone_7,0.6438490587348824,0.5036343687406859,-0.01344232600668214,2023-06-30,0.0,Aadhya Reddy,39.0,Male,Bengaluru,2025-05-13 00:03:47.581311,1.7312861510684545,-1.4330965567485814,3.66,11070.0,0.64,45.2,Industrial,Low,0,Friday,June,1,False,False,False,False,False,False,False,False,False,True,False,False,0.0,Low,4.8672267108008995,2.47232786758114,8.809653795694812,-0.7498795220123965,-0.9787656906524701,0,-0.5415046840507532,-1.0991663952706623,0
T00871,R0189,Zone_7,0.7675615596271974,0.35284635036906375,1.487652963415995,2023-06-27,1.0,Reyansh Gupta,29.0,Male,Delhi,2025-03-20 00:03:47.581311,0.16831122664114473,-1.4330965567485814,3.28,11070.0,0.64,45.2,Industrial,Low,0,Tuesday,June,1,False,False,True,False,False,False,False,False,False,True,False,False,0.0,Low,5.4980285108791245,2.5160822672564502,8.512931340026183,0.537484753061849,1.283400565946733,0,-0.34879739851902625,-1.0991663952706623,0
T00872,R0034,Zone_7,-0.49990802498651743,-0.8162008348661783,-0.356493512062053,2024-05-18,0.0,Arjun Iyer,26.0,Female,Chennai,2024-11-05 00:03:47.581311,-1.7854074288929924,-0.026056301031792503,3.1,11070.0,0.64,45.2,Industrial,Low,0,Saturday,May,0,True,False,False,False,False,False,False,False,False,True,False,False,0.0,Low,4.642947550322122,1.9387416595767009,5.711392124517454,-0.27795235499109194,0.38896031589462265,0,0.13297081531029134,1.285555994002765,0
T00873,R0115,Zone_3,-1.146480907008615,-1.0098196911410238,-1.3420266206799523,2023-04-25,0.0,Aarav Ghosh,40.0,Male,Bengaluru,2025-08-17 00:03:47.581311,1.3405424199616272,-0.026056301031792503,4.4,12971.0,2.11,38.0,Business,Low,0,Tuesday,April,1,False,False,True,False,False,True,False,False,False,False,False,False,0.0,Low,3.3617633124167483,1.430311246536665,5.10098029794274,-0.29616693110921594,-0.21003522005749173,0,-0.8840954138849347,-0.4487875618324548,0
T00874,R0295,Zone_1,-1.5619681741563887,-1.485946060435076,-1.4375448942388396,2024-01-30,0.0,Kavya Gupta,18.0,Female,Delhi,2024-01-03 00:03:47.581311,0.5590549577479722,0.6774638268266019,3.59,4921.0,2.43,30.9,Residential,Low,0,Tuesday,January,0,False,True,False,False,False,False,False,False,False,False,False,False,0.0,Low,3.071303460401065,0.8754687373538999,3.128897569432403,-1.836965306330289,-2.371944424784545,0,1.2285474200925173,0.09319479936605132,0
T00875,R0023,Zone_10,-0.5395893931972598,-0.5196119504815285,-0.6400264341254347,2023-08-16,0.0,Meera Iyer,24.0,Male,Jaipur,2023-08-30 00:03:47.581311,-0.22243250446568272,-0.7295764288901869,3.21,2440.0,1.54,35.4,Industrial,Low,0,Wednesday,August,1,True,False,False,True,False,False,False,False,False,False,False,False,0.0,Low,4.410006521180839,1.9139771019523042,6.536818798161686,-0.74854659259759,0.11280530491693588,0,1.6781977529998804,-0.5881544547120707,0
T00876,R0238,Zone_10,0.3870872644300784,0.4754716260097995,1.2151565406358957,2024-08-18,1.0,Reyansh Patel,30.0,Female,Pune,2024-12-17 00:03:47.581311,-0.6131762355725101,0.6774638268266019,4.91,2440.0,1.54,35.4,Industrial,Low,0,Sunday,August,0,False,False,False,True,False,False,False,False,False,False,False,False,0.0,Low,5.409277176856294,2.3749057545736716,8.754998572244316,-0.9644811577962785,-1.0019045339115444,0,-0.016912628992163017,0.6893753966844082,1
T00877,R0077,Zone_5,-0.2057990606010146,-0.3497554083858683,-0.926055707217178,2023-08-28,1.0,Reyansh Das,28.0,Female,Mumbai,2024-06-24 00:03:47.581311,2.5127736132821092,-0.7295764288901869,3.79,2590.0,1.31,43.9,Business,Low,0,Monday,August,0,False,False,True,False,False,False,False,True,False,False,False,False,0.0,Low,4.102643365036796,2.105352923464337,6.9656299069072,1.4133246098594512,1.137265784680176,0,0.6111703757038363,-0.8436604249913665,0
T00878,R0148,Zone_7,-0.7333278379908847,-0.9860573769618384,-1.148625109430046,2024-06-10,1.0,Aarav Kumar,44.0,Female,Ahmedabad,2024-04-28 00:03:47.581311,-1.394663697786165,-0.026056301031792503,3.36,11070.0,0.64,45.2,Industrial,Low,0,Monday,June,0,True,False,False,False,False,False,False,False,False,True,False,False,0.0,Low,3.77413929806476,1.7833912195575383,5.179768334587948,-1.3519426924266726,-0.9197891865838057,0,0.8145836215428814,0.6893753966844082,0
T00879,R0039,Zone_9,-1.4802712396048603,-1.2776591089878937,-1.4378076680312986,2023-05-23,0.0,Aadhya Iyer,24.0,Male,Chennai,2024-08-30 00:03:47.581311,-0.22243250446568272,-0.026056301031792503,4.2,11037.0,1.83,56.1,Mixed,Low,0,Tuesday,May,1,False,True,False,False,False,False,False,False,False,False,False,True,0.0,Low,3.070375816549757,1.0116009116784799,4.109744517606903,-1.9178764602817142,-1.7995492572519067,0,0.3720705955070638,-0.07714251415347918,0
T00880,R0041,Zone_2,0.3870872644300784,0.1835765320802973,0.066046746212199,2023-10-23,0.0,Aarav Nair,25.0,Male,Pune,2023-11-05 00:03:47.581311,-1.0039199666793377,0.6774638268266019,4.74,6371.0,0.91,58.4,Residential,Low,0,Monday,October,1,False,True,False,False,True,False,False,False,False,False,False,False,0.0,Low,4.912728412444662,2.3749057545736716,8.167006795638168,0.19819809364975854,0.31379213079300117,0,1.439097972803108,1.0470837550754222,0
T00881,R0247,Zone_9,1.2227301949857134,0.9020198336213531,2.026996172438322,2023-02-01,0.0,Aadhya Das,37.0,Female,Bengaluru,2024-10-06 00:03:47.581311,1.7312861510684545,1.3809839546849962,4.92,11037.0,1.83,56.1,Mixed,Low,0,Wednesday,February,0,False,True,False,False,False,False,False,False,False,False,False,True,0.0,Low,5.6534010450952765,2.6623552418400807,9.54934552731233,0.873628505222185,0.835705268246608,0,0.24003041838347303,0.09319479936605132,0
T00882,R0194,Zone_2,-1.102131142537785,-1.184956747498725,-1.164917084562511,2024-05-23,0.0,Arjun Iyer,30.0,Male,Jaipur,2025-01-11 00:03:47.581311,-0.6131762355725101,0.6774638268266019,4.06,6371.0,0.91,58.4,Residential,Low,0,Thursday,May,1,False,True,False,False,True,False,False,False,False,False,False,False,0.0,Low,3.7452597875500437,1.4747630091074988,4.4777226354476225,-0.48518780190367305,-0.5252994552585641,0,-0.10612896488648109,0.6893753966844082,0
T00883,R0187,Zone_3,0.5014629728022185,0.7931825674426143,1.2562806391557466,2024-06-05,0.0,Saanvi Reddy,27.0,Female,Surat,2026-01-15 00:03:47.581311,-0.22243250446568272,-0.7295764288901869,4.71,12971.0,2.11,38.0,Business,Low,0,Wednesday,June,0,True,False,False,False,False,True,False,False,False,False,False,False,0.0,Low,5.423186348593906,2.419478844465545,9.353074360871938,1.594322393554259,2.141326304672151,0,-1.4229620826866158,-0.5881544547120707,1
T00884,R0162,Zone_8,-1.5619681741563887,-1.3747618990287633,-1.4131069315401419,2024-02-20,0.0,Meera Patel,30.0,Male,Hyderabad,2024-06-23 00:03:47.581311,-0.6131762355725101,0.6774638268266019,4.28,4516.0,1.93,31.0,Business,Low,0,Tuesday,February,1,False,False,True,False,False,False,False,False,False,False,True,False,0.0,Low,3.1540172525197043,0.8754687373538999,3.6851051545376556,0.44982710549337585,0.5025610177998875,0,0.614739029139609,0.6893753966844082,0
T00885,R0249,Zone_4,-0.789348593111933,-0.44480466510261074,-1.016581278719342,2023-07-13,1.0,Diya Nair,20.0,Female,Mumbai,2026-01-09 00:03:47.581311,0.16831122664114473,-1.4330965567485814,4.49,4038.0,2.46,48.2,Business,Low,0,Thursday,July,0,False,True,False,False,False,False,True,False,False,False,False,False,0.0,Low,3.9817356178394463,1.742219023667919,6.729041536504289,-0.001720272317331987,0.16802568213342545,0,-1.4015501620719795,-1.0991663952706623,0
T00886,R0002,Zone_1,0.8305849091383765,1.2437864511368004,1.5258865502187957,2024-04-04,1.0,Ishaan Nair,39.0,Female,Mumbai,2025-01-17 00:03:47.581311,-0.22243250446568272,-0.7295764288901869,4.12,4921.0,2.43,30.9,Residential,Low,0,Thursday,April,0,False,False,True,False,False,False,False,False,False,False,False,False,0.0,Low,5.509874048610326,2.5376572151735295,10.141005867269776,1.603582745278179,1.2548252750750044,0,-0.12754088550111742,-0.5881544547120707,0
T00887,R0101,Zone_1,-1.3262141630219777,-1.2844064327671685,-1.2472966684984423,2024-08-03,0.0,Aarav Singh,37.0,Male,Delhi,2025-02-10 00:03:47.581311,-1.0039199666793377,-0.7295764288901869,3.03,4921.0,2.43,30.9,Residential,Low,0,Saturday,August,1,False,False,False,False,False,False,False,False,False,False,False,False,0.0,Low,3.584906863730958,1.2267122912954254,4.08166632639171,0.569454012763292,0.14177135890696843,0,-0.2131885679596628,-0.383749678488634,0
T00888,R0057,Zone_7,-0.7263252436007537,-0.995151595968687,-0.34466869140139283,2024-06-15,0.0,Aadhya Reddy,39.0,Female,Bengaluru,2025-11-14 00:03:47.581311,1.7312861510684545,1.3809839546849962,3.66,11070.0,0.64,45.2,Industrial,Low,0,Saturday,June,0,False,False,False,False,False,False,False,False,False,True,False,False,0.0,Low,4.6515765588022475,1.7884205679625405,5.149757275833493,-0.7498795220123965,-0.9787656906524701,0,-1.2017055696687071,0.09319479936605132,0
T00889,R0259,Zone_3,1.6335490658734,1.238505936874759,0.2660176022735832,2023-04-05,1.0,Aadhya Das,32.0,Male,Jaipur,2024-11-16 00:03:47.581311,0.16831122664114473,-0.026056301031792503,3.52,12971.0,2.11,38.0,Business,Low,0,Wednesday,April,1,False,True,False,False,False,True,False,False,False,False,False,False,0.0,Low,5.018801856762649,2.7781979610042917,10.132127121192273,1.105417915039101,0.6900958331662902,0,0.0937156275167914,-0.204895499293127,0
T00890,R0130,Zone_7,-0.8757139239235489,-0.5958860453776796,-1.0772820247773969,2023-03-04,0.0,Diya Ghosh,27.0,Female,Pune,2025-04-03 00:03:47.581311,0.16831122664114473,-0.7295764288901869,3.62,11070.0,0.64,45.2,Industrial,Low,0,Saturday,March,0,False,False,False,False,False,False,False,False,False,True,False,False,0.0,Low,3.8916161956504833,1.6752256529721035,6.334824385884742,-1.0189909554439003,-0.5498156106163926,0,-0.3987585466198444,-0.6520309472818946,0
T00891,R0235,Zone_9,-1.0181000098562127,-1.2172265568778662,-0.5882599970109897,2023-10-22,0.0,Aarav Ghosh,34.0,Female,Delhi,2026-03-23 00:03:47.581311,0.16831122664114473,-0.026056301031792503,4.06,11037.0,1.83,56.1,Mixed,Low,0,Sunday,October,0,False,False,False,False,False,False,False,False,False,False,False,True,0.0,Low,4.456786180221833,1.5539252025038417,4.3531597719357835,-0.6690969840571369,-0.8597934715620631,0,-1.6620618628833883,-0.204895499293127,0
T00892,R0058,Zone_1,0.6508516531250137,1.1223346231098519,0.48582787966563057,2023-12-12,1.0,Vivaan Reddy,46.0,Male,Kolkata,2023-11-13 00:03:47.581311,0.16831122664114473,0.6774638268266019,4.32,4921.0,2.43,30.9,Residential,Low,0,Tuesday,December,1,True,False,False,False,False,False,False,False,False,False,False,False,0.0,Low,5.123725855815993,2.474856313934499,9.934787365615835,0.8387618778980307,0.014896122993908854,0,1.410548745316926,0.2422399486956406,0
T00893,R0252,Zone_8,2.2591141647251045,1.2232511178955288,0.6838279322835713,2024-01-19,1.0,Reyansh Gupta,38.0,Male,Ahmedabad,2025-06-05 00:03:47.581311,3.294261075495764,-1.4330965567485814,4.83,4516.0,1.93,31.0,Business,Low,0,Friday,January,1,True,False,False,False,False,False,False,False,False,False,True,False,0.0,Low,5.209650073831871,2.9322598505984176,10.10643359449811,-1.0701859680994372,-0.8012439342440127,0,-0.6235837130735259,-1.0991663952706623,0
T00894,R0067,Zone_7,-0.3015011839328053,-0.035271447890967596,0.2840176070570324,2024-06-24,0.0,Saanvi Iyer,32.0,Male,Pune,2023-12-26 00:03:47.581311,2.122029882175282,1.3809839546849962,3.38,11070.0,0.64,45.2,Industrial,Low,0,Monday,June,1,True,False,False,False,False,False,False,False,False,True,False,False,0.0,Low,5.027820118850356,2.0541237336955462,7.696752561957543,0.35712645169762713,0.4338649281973977,0,1.257096647578699,0.0014747074709196375,0
T00895,R0278,Zone_9,0.8749346736092062,0.8307328910837966,1.8638136473212132,2024-04-19,1.0,Aarav Reddy,20.0,Female,Mumbai,2024-11-11 00:03:47.581311,0.5590549577479722,-0.026056301031792503,4.27,11037.0,1.83,56.1,Mixed,Low,0,Friday,April,0,False,False,False,False,False,False,False,False,False,False,False,True,0.0,Low,5.608885542786519,2.552565298261815,9.421252570651102,1.6189231259117443,3.0677772554880267,0,0.11155889469565501,-0.3042589321795199,1
T00896,R0157,Zone_8,1.5495179331918278,2.514923578771506,2.026996172438322,2023-08-26,1.0,Kavya Nair,36.0,Male,Hyderabad,2025-09-20 00:03:47.581311,0.9497986888547996,-0.7295764288901869,4.65,4516.0,1.93,31.0,Business,Low,0,Saturday,August,1,False,False,False,False,False,False,False,False,False,False,True,False,0.0,Low,5.6534010450952765,2.7555697170701863,12.090078577081291,1.9436902085930725,1.7634406609740068,0,-1.0054296307012072,-0.7414580368796482,0
T00897,R0201,Zone_3,0.3590768868695545,0.15248017031494326,0.5349665788554843,2023-08-30,1.0,Meera Reddy,37.0,Female,Delhi,2023-09-05 00:03:47.581311,-0.22243250446568272,-0.026056301031792503,3.84,12971.0,2.11,38.0,Business,Low,0,Wednesday,August,0,False,False,True,False,False,True,False,False,False,False,False,False,0.0,Low,5.14574876790343,2.363680192353857,8.101851640211638,0.929260769745434,0.6315876152112011,0,1.656785832385244,-0.07714251415347918,0
T00898,R0044,Zone_10,-0.33651415588346023,-0.1253335522491155,-0.06717956656457058,2023-02-12,0.0,Arjun Gupta,36.0,Female,Hyderabad,2025-04-04 00:03:47.581311,0.9497986888547996,-0.7295764288901869,3.21,2440.0,1.54,35.4,Industrial,Low,0,Sunday,February,0,True,False,False,True,False,False,False,False,False,False,False,False,0.0,Low,4.835249628303414,2.0347056478384444,7.494664769020694,1.2577507008975908,0.8630421587826856,0,-0.4023272000556171,-0.7414580368796482,0
T00899,R0127,Zone_2,-1.0437761892866932,-0.9467468818999757,-0.8602308722061704,2023-03-15,0.0,Vivaan Kumar,38.0,Male,Chennai,2025-01-18 00:03:47.581311,0.5590549577479722,-0.026056301031792503,4.83,6371.0,0.91,58.4,Residential,Low,0,Wednesday,March,1,False,True,False,False,True,False,False,False,False,False,False,False,0.0,Low,4.182202802743785,1.5303947050936475,5.30754180388624,-0.1319381222533172,0.8470359557790273,0,-0.13110953893689015,-0.3042589321795199,0
T00900,R0276,Zone_7,-1.6856806750487034,-1.5968368599379423,-1.486158045843775,2023-11-07,0.0,Aadhya Ghosh,26.0,Male,Chennai,2024-07-27 00:03:47.581311,-0.6131762355725101,-0.7295764288901869,3.63,11070.0,0.64,45.2,Industrial,Low,0,Tuesday,November,1,True,False,False,False,False,False,False,False,False,True,False,False,0.0,Low,2.8831233291713367,0.6259384308664953,2.4515301344262523,-1.7727976166069621,-1.438071729345095,0,0.4934048123233364,-0.5029857979523055,0
T00901,R0127,Zone_3,1.276416751976718,0.9826943570692054,1.9256968754453345,2024-03-02,0.0,Vivaan Kumar,38.0,Female,Chennai,2024-02-20 00:03:47.581311,0.5590549577479722,0.6774638268266019,4.83,12971.0,2.11,38.0,Business,Low,0,Saturday,March,0,False,False,True,False,False,True,False,False,False,False,False,False,0.0,Low,5.626001097136171,2.67827804276854,9.692264957170744,-0.1319381222533172,0.8470359557790273,0,1.0572520551754265,0.09319479936605132,0
T00902,R0065,Zone_1,0.18868042337636629,0.21261936052152403,0.6704264688681565,2023-10-14,0.0,Meera Nair,43.0,Female,Mumbai,2024-08-27 00:03:47.581311,-1.7854074288929924,-0.7295764288901869,4.52,4921.0,2.43,30.9,Residential,Low,0,Saturday,October,0,False,False,True,False,False,False,False,False,False,False,False,False,0.0,Low,5.204061630622316,2.2925347571405443,8.227393268830657,0.048124272378467295,0.40504732120807374,0,0.38277655581438197,0.09319479936605132,0
T00903,R0186,Zone_7,1.5331785462815222,0.9507179095935111,0.6534775592545439,2024-02-09,0.0,Ishaan Sharma,18.0,Male,Hyderabad,2025-10-17 00:03:47.581311,-0.22243250446568272,-0.7295764288901869,3.26,11070.0,0.64,45.2,Industrial,Low,0,Friday,February,1,False,True,False,False,False,False,False,False,False,True,False,False,0.0,Low,5.196948872159748,2.751109690562657,9.635870484808313,1.0050272838502368,0.13665248011251213,0,-1.1017832734670707,-0.5881544547120707,0
T00904,R0013,Zone_10,1.13169646791401,0.7670733580358547,2.026996172438322,2023-09-01,0.0,Ishaan Gupta,43.0,Male,Kolkata,2025-09-16 00:03:47.581311,0.5590549577479722,-1.4330965567485814,3.91,2440.0,1.54,35.4,Industrial,Low,0,Friday,September,1,True,False,False,True,False,False,False,False,False,False,False,False,0.0,Low,5.6534010450952765,2.6347624053323777,9.305374790947434,0.5031910515387956,0.9648604147871388,0,-0.9911550169581164,-1.0991663952706623,1
T00905,R0227,Zone_1,-0.7403304323810158,-1.034168729127103,-0.27043509503169366,2024-01-24,0.0,Arjun Nair,25.0,Male,Pune,2024-11-30 00:03:47.581311,-1.0039199666793377,-0.7295764288901869,4.12,4921.0,2.43,30.9,Residential,Low,0,Wednesday,January,1,True,False,False,False,False,False,False,False,False,False,False,False,0.0,Low,4.704110133842995,1.7783364488959144,5.018964036531842,-1.43061358957216,-0.9368292918695955,0,0.04375447941597327,-0.383749678488634,0
T00906,R0165,Zone_3,-1.4055768994434628,-1.2571237757466223,-1.1374572232505336,2023-08-01,1.0,Meera Reddy,37.0,Male,Kolkata,2025-01-05 00:03:47.581311,-0.6131762355725101,-1.4330965567485814,3.27,12971.0,2.11,38.0,Business,Low,0,Tuesday,August,1,False,False,False,False,False,True,False,False,False,False,False,False,0.0,Low,3.7934646693040106,1.1216775615991057,4.194043395102153,-0.18071866188992822,-0.0010944704726304911,0,-0.08471704427184475,-1.0991663952706623,0
T00907,R0037,Zone_7,0.4594474064614324,0.9070069859799477,1.4466602517923732,2023-05-25,0.0,Aadhya Iyer,32.0,Male,Ahmedabad,2023-12-26 00:03:47.581311,0.16831122664114473,1.3809839546849962,3.36,11070.0,0.64,45.2,Industrial,Low,0,Thursday,May,1,False,False,False,False,False,False,False,False,False,True,False,False,0.0,Low,5.485170307761209,2.403334996094189,9.558242516278817,0.9838757986626461,1.0679200880966029,0,1.257096647578699,0.6893753966844082,1
T00908,R0108,Zone_8,-0.7590040174213653,-0.8904213964382024,-0.1879241241995325,2024-03-26,0.0,Reyansh Gupta,18.0,Female,Pune,2025-12-11 00:03:47.581311,-0.22243250446568272,-1.4330965567485814,4.88,4516.0,1.93,31.0,Business,Low,0,Tuesday,March,0,True,False,False,False,False,False,False,False,False,False,True,False,0.0,Low,4.759435144999521,1.7647307968401356,5.485435260760991,-1.0979144076364031,-0.16523859122475718,0,-1.2980592124345705,-1.0991663952706623,0
T00909,R0172,Zone_7,0.4174318401206464,-0.21598238041415693,-0.38132563544943904,2024-08-14,1.0,Reyansh Reddy,31.0,Female,Pune,2025-12-22 00:03:47.581311,1.3405424199616272,0.6774638268266019,3.72,11070.0,0.64,45.2,Industrial,Low,0,Wednesday,August,0,True,False,False,False,False,False,False,False,False,True,False,False,0.0,Low,4.6245805795079145,2.3869262414277967,7.285602240034794,-0.22277290380971576,-0.04607998782176537,0,-1.3373144002280706,-0.12359814511335115,0
T00910,R0279,Zone_2,-0.8757139239235489,-0.5113978171850199,-0.9117345355281564,2024-05-24,1.0,Diya Singh,25.0,Female,Pune,2026-04-02 00:03:47.581311,-1.0039199666793377,-1.4330965567485814,3.73,6371.0,0.91,58.4,Residential,Low,0,Friday,May,0,False,False,False,False,True,False,False,False,False,False,False,False,0.0,Low,4.120499519698952,1.6752256529721035,6.558200972827838,0.12866127070468267,0.32496488653809685,0,-1.6977483972411156,-1.0991663952706623,0
T00911,R0035,Zone_4,-1.0274368023763878,-1.1230573858714639,-1.2120849803089215,2024-03-25,1.0,Reyansh Das,39.0,Female,Kolkata,2025-12-09 00:03:47.581311,-1.394663697786165,1.3809839546849962,3.49,4038.0,2.46,48.2,Business,Low,0,Monday,March,0,True,False,False,False,False,False,True,False,False,False,False,False,0.0,Low,3.6566144935266607,1.5454325824581878,4.707440918375928,-0.49893802113010083,-0.8265727037401066,0,-1.290921905563025,2.4779171886394784,0
T00912,R0274,Zone_1,-0.1847912774306216,0.25985062697644845,-0.11658103954688369,2023-05-09,0.0,Reyansh Nair,27.0,Male,Surat,2024-09-26 00:03:47.581311,-1.394663697786165,0.6774638268266019,3.04,4921.0,2.43,30.9,Residential,Low,0,Tuesday,May,1,False,True,False,False,False,False,False,False,False,False,False,False,0.0,Low,4.8049222778449305,2.1162555148025524,8.324662155306964,-0.3133100615733336,-0.3534659978179621,0,0.2757169527412003,1.5836462926619435,0
T00913,R0263,Zone_3,1.068673118402831,1.8912361720437458,0.9393754454500576,2023-12-04,1.0,Ishaan Das,31.0,Male,Chennai,2025-05-18 00:03:47.581311,1.7312861510684545,-0.026056301031792503,3.84,12971.0,2.11,38.0,Business,Low,0,Monday,December,1,False,True,False,False,False,True,False,False,False,False,False,False,0.0,Low,5.3106411162368685,2.6152036507358583,11.176314240392491,0.3692901071671584,-0.09128086669907033,0,-0.5593479512296169,-0.5029857979523055,0
T00914,R0077,Zone_9,0.33573490556911745,0.5036343687406859,0.662280481301924,2023-08-25,0.0,Reyansh Das,28.0,Male,Mumbai,2023-10-26 00:03:47.581311,2.5127736132821092,-0.026056301031792503,3.79,11037.0,1.83,56.1,Mixed,Low,0,Friday,August,1,False,True,False,False,False,False,False,False,False,False,False,True,0.0,Low,5.200649409369878,2.354228326145884,8.809653795694812,1.4133246098594512,1.137265784680176,0,1.4747845071608352,-0.5881544547120707,0
T00915,R0090,Zone_9,1.3534452902681593,0.4103452834446242,1.5884267128240641,2023-07-23,0.0,Kavya Iyer,33.0,Female,Mumbai,2025-07-05 00:03:47.581311,0.5590549577479722,-1.4330965567485814,4.51,11037.0,1.83,56.1,Mixed,Low,0,Sunday,July,0,False,True,False,False,False,False,False,False,False,False,False,True,0.0,Low,5.528952783620542,2.7006898466959175,8.627282306729043,1.1461774934602955,1.3604244495494093,0,-0.7306433161467076,-1.0991663952706623,0
T00916,R0239,Zone_5,-1.4615976545645109,-1.308462108849801,-1.4463478162862196,2023-07-11,1.0,Diya Iyer,36.0,Female,Mumbai,2025-11-25 00:03:47.581311,-2.17615115999982,-1.4330965567485814,3.36,2590.0,1.31,43.9,Business,Low,0,Tuesday,July,0,False,False,False,False,False,False,False,True,False,False,False,False,0.0,Low,3.039749158970765,1.0402767116551463,3.97994974842648,-0.09232439543432519,0.07212344069715478,0,-1.240960757462207,-1.0991663952706623,0
T00917,R0073,Zone_2,-1.2561882191206677,-1.3715349180908492,-1.0988294757590442,2023-02-07,1.0,Meera Das,41.0,Male,Ahmedabad,2025-03-09 00:03:47.581311,0.5590549577479722,1.3809839546849962,3.01,6371.0,0.91,58.4,Residential,Low,0,Tuesday,February,1,False,True,False,False,True,False,False,False,False,False,False,False,0.0,Low,3.8575668196320874,1.3110318766193438,3.6999999999999997,0.3787843061568347,0.38877667428145524,0,-0.3095422107255263,0.4906485309116225,0
T00918,R0252,Zone_7,-0.12643632417952974,-0.3036975895447308,-0.6983622160513575,2023-09-06,0.0,Reyansh Gupta,38.0,Male,Ahmedabad,2023-10-25 00:03:47.581311,3.294261075495764,1.3809839546849962,4.83,11070.0,0.64,45.2,Industrial,Low,0,Wednesday,September,1,True,False,False,False,False,False,False,False,False,True,False,False,0.0,Low,4.354526960971297,2.145931282948669,7.077428911688199,-1.0701859680994372,-0.8012439342440127,0,1.4783531605966078,-0.204895499293127,0
T00919,R0116,Zone_7,2.5065391665097336,1.9003303910505946,0.5257694961194155,2023-12-22,0.0,Ishaan Kumar,34.0,Female,Bengaluru,2026-01-07 00:03:47.581311,-1.0039199666793377,-0.7295764288901869,4.58,11070.0,0.64,45.2,Industrial,Low,0,Friday,December,0,False,True,False,False,False,False,False,False,False,True,False,False,0.0,Low,5.14166355650266,2.9871959425317045,11.190174261377702,1.1964640094883718,0.953614202396776,0,-1.394412855200434,-0.383749678488634,0
T00920,R0060,Zone_4,0.7652273614971533,-0.04876609544951746,1.5475653880966724,2024-05-04,0.0,Aarav Nair,40.0,Female,Hyderabad,2024-11-13 00:03:47.581311,-0.6131762355725101,1.3809839546849962,4.57,4038.0,2.46,48.2,Business,Low,0,Saturday,May,0,True,False,False,False,False,False,True,False,False,False,False,False,0.0,Low,5.516528774816684,2.5152741864043966,7.666811592833099,-0.1266999435003933,-0.26179210452486745,0,0.10442158782410955,1.285555994002765,1
T00921,R0252,Zone_4,-1.2655250116408423,-1.041796138616718,-0.9749316326145728,2024-01-31,0.0,Reyansh Gupta,38.0,Male,Ahmedabad,2024-09-22 00:03:47.581311,3.294261075495764,-0.7295764288901869,4.83,4038.0,2.46,48.2,Business,Low,0,Wednesday,January,1,False,True,False,False,False,False,True,False,False,False,False,False,0.0,Low,4.039184151044825,1.3001916620664788,4.992995093127972,-1.0701859680994372,-0.8012439342440127,0,0.28999156648429114,-0.8755986712762784,0
T00922,R0147,Zone_2,-0.11009693726922397,0.360473759858679,-0.03696058043177274,2023-11-22,1.0,Saanvi Nair,35.0,Male,Mumbai,2023-10-03 00:03:47.581311,0.16831122664114473,0.6774638268266019,3.91,6371.0,0.91,58.4,Residential,Low,0,Wednesday,November,1,False,False,False,False,True,False,False,False,False,False,False,False,0.0,Low,4.853357507741733,2.154085084675602,8.528188553262645,-0.08716806322441498,-0.018448602916935477,0,1.5568635361836078,0.2422399486956406,0
T00923,R0217,Zone_4,0.23536438597723958,-0.12328001892498833,1.0570981044717398,2023-01-03,0.0,Kavya Iyer,39.0,Female,Jaipur,2023-12-20 00:03:47.581311,-1.0039199666793377,-1.4330965567485814,3.52,4038.0,2.46,48.2,Business,Low,0,Tuesday,January,0,False,False,False,False,False,False,True,False,False,False,False,False,0.0,Low,5.353941270296033,2.312535423847214,7.49933330370107,0.23355580023199912,0.7901217470262318,0,1.2785085681933355,-1.0991663952706623,1
T00924,R0174,Zone_3,-0.6843096772599676,-0.36266333213752483,-0.8773111687160127,2024-06-01,0.0,Aadhya Patel,32.0,Male,Kolkata,2026-02-04 00:03:47.581311,-0.22243250446568272,0.6774638268266019,3.8,12971.0,2.11,38.0,Business,Low,0,Saturday,June,1,False,True,False,False,False,True,False,False,False,False,False,False,0.0,Low,4.162158961805957,1.8180767775454285,6.9339743293438865,0.4628757829225361,0.05623319425495424,0,-1.4943351514020704,0.43386942640511234,0
T00925,R0281,Zone_2,0.6952014175958434,1.0102703759931986,0.22844094995193037,2024-01-04,1.0,Arjun Iyer,21.0,Male,Jaipur,2025-12-17 00:03:47.581311,-1.0039199666793377,1.3809839546849962,4.74,6371.0,0.91,58.4,Residential,Low,0,Thursday,January,1,False,True,False,False,True,False,False,False,False,False,False,False,0.0,Low,4.999709153962702,2.4907230351094403,9.740636529508736,-0.2744165843328677,-0.7881456961848574,0,-1.3194711330492068,1.7625004718574506,0
T00926,R0187,Zone_1,-0.20346486247097098,-0.6258089595292468,-0.14180732362295845,2024-03-19,0.0,Saanvi Reddy,27.0,Male,Surat,2023-11-08 00:03:47.581311,-0.22243250446568272,0.6774638268266019,4.71,4921.0,2.43,30.9,Residential,Low,0,Tuesday,March,1,False,False,True,False,False,False,False,False,False,False,False,False,0.0,Low,4.7890738239646975,2.1065702090680882,6.253798845501828,1.594322393554259,2.141326304672151,0,1.4283920124957898,0.43386942640511234,0
T00927,R0269,Zone_9,-0.3715271278341154,-0.5298796171021641,0.2361927768294742,2023-05-01,0.0,Aadhya Sharma,41.0,Female,Mumbai,2026-02-14 00:03:47.581311,-0.22243250446568272,0.6774638268266019,3.41,11037.0,1.83,56.1,Mixed,Low,0,Monday,May,0,True,False,False,False,False,False,False,False,False,False,False,True,0.0,Low,5.003677813528757,2.0149030205422647,6.509992319503918,0.5403259973407792,1.9771821839200237,0,-1.5300216857597975,0.43386942640511234,0
T00928,R0276,Zone_2,1.44914741359995,2.258525275159059,1.9455362967759973,2023-04-27,1.0,Aadhya Ghosh,26.0,Female,Chennai,2026-03-12 00:03:47.581311,-0.6131762355725101,0.6774638268266019,3.63,6371.0,0.91,58.4,Residential,Low,0,Thursday,April,0,False,True,False,False,True,False,False,False,False,False,False,False,0.0,Low,5.631426812464061,2.72785282839839,11.723054209547954,-1.7727976166069621,-1.438071729345095,0,-1.6228066750898884,0.6893753966844082,0
T00929,R0013,Zone_5,-1.7603750152101012,-1.6643100977306915,-1.486158045843775,2023-09-02,0.0,Ishaan Gupta,43.0,Female,Kolkata,2025-05-31 00:03:47.581311,0.5590549577479722,1.3809839546849962,3.91,2590.0,1.31,43.9,Business,Low,0,Saturday,September,0,False,False,False,False,False,False,False,True,False,False,False,False,0.0,Low,2.8831233291713367,0.4382549309311553,1.9261360284258222,0.5031910515387956,0.9648604147871388,0,-0.6057404458946622,0.4906485309116225,0
T00930,R0113,Zone_5,-1.1441467088785715,-0.9573079104240584,-0.9348586292645583,2023-09-08,0.0,Aadhya Singh,26.0,Female,Chennai,2026-02-23 00:03:47.581311,0.16831122664114473,0.6774638268266019,4.61,2590.0,1.31,43.9,Business,Low,0,Friday,September,0,False,True,False,False,False,False,False,True,False,False,False,False,0.0,Low,4.09150720740194,1.4327007339340463,5.273518749374084,-0.7155039739463284,0.05253806265286683,0,-1.5621395666817521,0.2422399486956406,0
T00931,R0061,Zone_3,-0.9760844435154268,-0.9270916343690444,-0.5179680075281772,2023-05-19,1.0,Meera Reddy,25.0,Female,Mumbai,2023-11-16 00:03:47.581311,-1.394663697786165,-0.7295764288901869,3.69,12971.0,2.11,38.0,Business,Low,0,Friday,May,0,False,True,False,False,False,True,False,False,False,False,False,False,0.0,Low,4.516994495084366,1.5912739418064292,5.370288632839021,0.3098695169386701,0.634727886796362,0,1.399842785009608,-0.204895499293127,0
T00932,R0247,Zone_1,-1.011097415466082,-1.1996248426710618,-0.9469462237176774,2023-06-08,0.0,Aadhya Das,37.0,Female,Bengaluru,2024-12-11 00:03:47.581311,1.7312861510684545,1.3809839546849962,4.92,4921.0,2.43,30.9,Residential,Low,0,Thursday,June,0,False,True,False,False,False,False,False,False,False,False,False,False,0.0,Low,4.076010855533596,1.5602476682433286,4.421538193886829,0.873628505222185,0.835705268246608,0,0.004499291622473319,0.09319479936605132,0
T00933,R0255,Zone_9,-0.8710455276634614,-1.025367872023701,-0.6643330099279026,2024-05-04,1.0,Reyansh Sharma,37.0,Female,Bengaluru,2026-03-26 00:03:47.581311,0.16831122664114473,0.6774638268266019,3.12,11037.0,1.83,56.1,Mixed,Low,0,Saturday,May,0,True,False,False,False,False,False,False,False,False,False,False,True,0.0,Low,4.387262901469128,1.6789639750827108,5.048762224545735,0.5367481341747186,0.7370759488548032,0,-1.6727678231907064,0.2422399486956406,0
T00934,R0216,Zone_3,0.5481469354030918,-0.15466974259378907,0.8380761484570701,2023-03-20,0.0,Ishaan Ghosh,44.0,Male,Chennai,2024-04-18 00:03:47.581311,-1.0039199666793377,1.3809839546849962,3.4,12971.0,2.11,38.0,Business,Low,0,Monday,March,1,False,True,False,False,False,True,False,False,False,False,False,False,0.0,Low,5.271819375241808,2.437115985951652,7.427651041883968,-1.275039680610298,-0.9390770652147628,0,0.8502701559006086,1.7625004718574506,0
T00935,R0113,Zone_5,1.2577431669363688,2.1182982853115195,1.8356968515280885,2024-06-14,1.0,Aadhya Singh,26.0,Male,Chennai,2025-09-29 00:03:47.581311,0.16831122664114473,-0.026056301031792503,4.61,2590.0,1.31,43.9,Business,Low,0,Friday,June,1,False,False,True,False,False,False,False,True,False,False,False,False,0.0,Low,5.601011196620256,2.6727683869575705,11.517378173872732,-0.7155039739463284,0.05253806265286683,0,-1.0375475116231618,-0.204895499293127,0
T00936,R0213,Zone_10,1.047665335232438,0.7119213201878681,0.43695195426823574,2023-12-23,0.0,Kavya Ghosh,29.0,Male,Chennai,2023-11-05 00:03:47.581311,0.5590549577479722,-0.7295764288901869,3.74,2440.0,1.54,35.4,Industrial,Low,0,Saturday,December,1,False,False,False,True,False,False,False,False,False,False,False,False,0.0,Low,5.101328772710678,2.60859812213055,9.203803561571705,-0.7683768407336619,-0.43676583355062903,0,1.439097972803108,-0.701712663725091,0
T00937,R0033,Zone_9,-1.2118384546498377,-1.2333614615674366,-1.2725229525745172,2024-06-15,1.0,Diya Iyer,18.0,Male,Chennai,2025-01-19 00:03:47.581311,-1.394663697786165,0.6774638268266019,3.24,11037.0,1.83,56.1,Mixed,Low,0,Saturday,June,1,False,False,False,False,False,False,False,False,False,False,False,True,0.0,Low,3.530176762918616,1.3609765531356006,4.2895221179054435,-2.890002928754171,-2.3121690796986027,0,-0.13467819237266287,1.5836462926619435,0
T00938,R0011,Zone_9,-0.14744410734992278,-0.06138065729772709,0.7413753928321167,2023-03-05,1.0,Vivaan Nair,26.0,Male,Chennai,2024-10-02 00:03:47.581311,0.5590549577479722,-0.026056301031792503,4.0,11037.0,1.83,56.1,Mixed,Low,0,Sunday,March,1,False,False,False,False,False,False,False,False,False,False,False,True,0.0,Low,5.233298730173588,2.135349173618132,7.638717169787085,-0.009495693903703363,0.4865107408090695,0,0.2543050321265639,-0.3042589321795199,1
T00939,R0017,Zone_8,0.5061313690623057,0.39597055017573385,0.46428042868398317,2024-03-19,1.0,Meera Das,49.0,Male,Mumbai,2024-06-04 00:03:47.581311,-0.22243250446568272,-0.026056301031792503,3.83,4516.0,1.93,31.0,Business,Low,0,Tuesday,March,1,True,False,False,False,False,False,False,False,False,False,True,False,0.0,Low,5.113913643549758,2.421256622711544,8.598837130682265,-0.05570391361700346,-0.46075467513350665,0,0.6825434444192907,-0.07714251415347918,0
T00940,R0222,Zone_4,0.2587063672776762,0.4716579212649917,0.45087896526856874,2023-05-05,0.0,Aarav Singh,27.0,Male,Surat,2025-01-17 00:03:47.581311,-0.22243250446568272,1.3809839546849962,3.44,4038.0,2.46,48.2,Business,Low,0,Friday,May,1,True,False,False,False,False,False,True,False,False,False,False,False,0.0,Low,5.107762004826979,2.322387720290225,8.747571091451615,0.37784891709381246,0.7190902204337829,0,-0.12754088550111742,0.9448813669637038,0
T00941,R0280,Zone_8,1.5028339705909541,2.48764092175096,0.42197384809806615,2024-05-11,0.0,Saanvi Gupta,26.0,Female,Chennai,2025-06-29 00:03:47.581311,-0.6131762355725101,-0.026056301031792503,4.43,4516.0,1.93,31.0,Business,Low,0,Saturday,May,0,False,False,True,False,False,False,False,False,False,False,True,False,0.0,Low,5.094363509626968,2.7427736371605955,12.051555916146263,0.21803769567645975,-0.24570509921141584,0,-0.7092313955320713,0.09319479936605132,0
T00942,R0201,Zone_1,-0.810356376282326,-0.5800445025915559,-0.4024789257423976,2024-03-31,1.0,Meera Reddy,37.0,Female,Delhi,2025-11-24 00:03:47.581311,-0.22243250446568272,-0.7295764288901869,3.84,4921.0,2.43,30.9,Residential,Low,0,Sunday,March,0,False,False,False,False,False,False,False,False,False,False,False,False,0.0,Low,4.608664075242347,1.7263316639055997,6.377303505401009,0.929260769745434,0.6315876152112011,0,-1.2373921040264342,-0.5881544547120707,0
T00943,R0046,Zone_4,0.16067004581584196,-0.004761809932507097,-0.4953694613766935,2024-01-14,0.0,Vivaan Singh,31.0,Male,Kolkata,2026-01-20 00:03:47.581311,0.16831122664114473,-0.7295764288901869,3.87,4038.0,2.46,48.2,Business,Low,0,Sunday,January,1,False,False,True,False,False,False,True,False,False,False,False,False,0.0,Low,4.535605722602182,2.280339484046726,7.764019577512669,1.1260432438787409,0.8854537812536175,0,-1.4408053498654794,-0.6520309472818946,0
T00944,R0218,Zone_2,-0.481234439946168,-0.1584834473385967,-0.7744352289682703,2024-06-18,1.0,Arjun Reddy,34.0,Male,Delhi,2024-05-20 00:03:47.581311,-0.6131762355725101,-1.4330965567485814,3.87,6371.0,0.91,58.4,Residential,Low,0,Tuesday,June,1,False,False,False,False,True,False,False,False,False,False,False,False,0.0,Low,4.277221520307755,1.9501867058225735,7.418894796396563,0.146340123995804,-0.29986101093443934,0,0.7360732459558815,-1.0991663952706623,0
T00945,R0295,Zone_2,0.2727115560579384,0.22494056046628697,-0.13103359813213478,2023-04-05,0.0,Kavya Gupta,18.0,Female,Delhi,2025-03-19 00:03:47.581311,0.5590549577479722,-0.7295764288901869,3.59,6371.0,0.91,58.4,Residential,Low,0,Wednesday,April,0,False,False,False,False,True,False,False,False,False,False,False,False,0.0,Low,4.7958731868099616,2.3282528397426234,8.252878285786117,-1.836965306330289,-2.371944424784545,0,-0.3452287450832535,-0.701712663725091,0
T00946,R0005,Zone_3,-1.2795302004211044,-1.2266141377881616,-1.1387710922128291,2023-05-17,0.0,Diya Reddy,27.0,Male,Ahmedabad,2024-08-31 00:03:47.581311,-0.22243250446568272,-0.026056301031792503,3.53,12971.0,2.11,38.0,Business,Low,0,Wednesday,May,1,False,False,False,False,False,True,False,False,False,False,False,False,0.0,Low,3.7912103852113983,1.2837077723447896,4.316248370981447,-0.45305718758885805,0.0782387064156245,0,0.36850194207129106,-0.07714251415347918,0
T00947,R0246,Zone_9,-1.104465340667829,-0.8370295300108965,-0.7296322973539918,2023-12-09,0.0,Vivaan Das,29.0,Male,Mumbai,2025-09-11 00:03:47.581311,1.7312861510684545,-0.7295764288901869,4.79,11037.0,1.83,56.1,Mixed,Low,0,Saturday,December,1,True,False,False,False,False,False,False,False,False,False,False,True,0.0,Low,4.323470185213858,1.4724720573609429,5.64889369699944,-0.6560833837178401,-0.025472894620583223,0,-0.9733117497792527,-0.8010760966114839,0
T00948,R0272,Zone_2,-0.8733797257935053,-0.7639824160526594,-0.29671247427760483,2024-02-13,1.0,Kavya Ghosh,21.0,Female,Kolkata,2024-11-04 00:03:47.581311,-0.22243250446568272,1.3809839546849962,4.79,6371.0,0.91,58.4,Residential,Low,0,Tuesday,February,0,True,False,False,False,True,False,False,False,False,False,False,False,0.0,Low,4.685828089005546,1.6770965609079151,5.865151319446072,-1.376566809510734,-0.9433648345370564,0,0.13653946874606407,0.9448813669637038,1
T00949,R0194,Zone_1,-0.6796412809998804,-0.33303377988940436,-0.756172450392362,2023-11-30,0.0,Arjun Iyer,30.0,Male,Jaipur,2025-09-11 00:03:47.581311,-0.6131762355725101,-1.4330965567485814,4.06,4921.0,2.43,30.9,Residential,Low,0,Thursday,November,1,False,False,False,False,False,False,False,False,False,False,False,False,0.0,Low,4.296332571463519,1.8213182714695995,7.006425622241344,-0.48518780190367305,-0.5252994552585641,0,-0.9733117497792527,-1.0991663952706623,0
T00950,R0209,Zone_3,1.7852719443262388,1.6844160301137974,0.5148643837323622,2024-01-20,1.0,Vivaan Sharma,31.0,Female,Surat,2025-03-07 00:03:47.581311,0.16831122664114473,-0.026056301031792503,3.77,12971.0,2.11,38.0,Business,Low,0,Saturday,January,0,True,False,False,False,False,True,False,False,False,False,False,False,0.0,Low,5.136797937383345,2.8178010650613294,10.856334556377673,-0.45768736345081856,-1.2266267759443161,0,-0.30240490385398083,-0.204895499293127,0
T00951,R0004,Zone_6,1.3511110921381158,0.7717671484910025,2.026996172438322,2024-06-01,1.0,Aarav Nair,19.0,Male,Kolkata,2025-12-07 00:03:47.581311,-0.6131762355725101,-1.4330965567485814,3.19,14627.0,0.54,37.6,Mixed,Low,0,Saturday,June,1,True,False,False,False,False,False,False,False,True,False,False,False,0.0,Low,5.6534010450952765,2.700018029404946,9.313968005098578,-1.11376925225463,-0.6553177173809809,0,-1.2837845986914795,-1.0991663952706623,0
T00952,R0231,Zone_3,-0.2688224101121937,-0.7349395876114324,-0.7519680697130163,2023-12-21,1.0,Ishaan Nair,19.0,Female,Mumbai,2024-01-13 00:03:47.581311,-0.22243250446568272,-0.026056301031792503,4.81,12971.0,2.11,38.0,Business,Low,0,Thursday,December,0,False,True,False,False,False,True,False,False,False,False,False,False,0.0,Low,4.300680995219929,2.0719132752590443,5.948949487094339,0.22294848825732738,-0.8422150340045316,0,1.19286088573479,-0.07714251415347918,0
T00953,R0149,Zone_4,0.17934363085619137,-0.02852412411169276,0.4029227481447807,2024-03-18,1.0,Diya Reddy,30.0,Female,Jaipur,2024-12-23 00:03:47.581311,-0.22243250446568272,1.3809839546849962,4.57,4038.0,2.46,48.2,Business,Low,0,Monday,March,0,False,False,False,False,False,False,True,False,False,False,False,False,0.0,Low,5.0854335041714425,2.288486168614544,7.71167945391923,-1.1972527261293666,-1.1747060449986992,0,-0.03832454960679935,0.9448813669637038,0
T00954,R0179,Zone_7,-1.8817533179723722,-1.7658133163232619,-1.486158045843775,2023-06-19,1.0,Meera Patel,28.0,Female,Kolkata,2024-03-15 00:03:47.581311,-1.394663697786165,-1.4330965567485814,4.64,11070.0,0.64,45.2,Industrial,Low,0,Monday,June,0,False,False,False,False,False,False,False,False,False,True,False,False,0.0,Low,2.8831233291713367,0.0295588022415444,0.5,-1.0072050532498196,-0.38949648232137746,0,0.9716043727168813,-1.0991663952706623,0
T00955,R0184,Zone_2,-0.2314752400314951,0.13839879894949983,0.05566718141006418,2023-07-10,1.0,Meera Nair,29.0,Male,Surat,2025-03-06 00:03:47.581311,0.16831122664114473,0.6774638268266019,3.97,6371.0,0.91,58.4,Residential,Low,0,Monday,July,1,False,False,True,False,True,False,False,False,False,False,False,False,0.0,Low,4.906903081662532,2.0918640616783932,8.072174428244226,0.32607513245553066,0.7142263411364674,0,-0.2988362504182081,0.2422399486956406,0
T00956,R0083,Zone_6,0.16533844207592963,0.30561508391413933,-0.7373841242315357,2023-04-21,0.0,Kavya Patel,45.0,Female,Mumbai,2026-03-16 00:03:47.581311,0.9497986888547996,-0.026056301031792503,4.4,14627.0,0.54,37.6,Mixed,Low,0,Friday,April,0,False,False,False,False,False,False,False,False,True,False,False,False,0.0,Low,4.315619702476283,2.2823823856765264,8.417838202293984,0.6896702151429129,0.3817872744843101,0,-1.6370812888329793,-0.383749678488634,0
T00957,R0077,Zone_2,1.3160981201874606,0.9454373953314701,2.026996172438322,2024-08-20,1.0,Reyansh Das,28.0,Male,Mumbai,2024-02-12 00:03:47.581311,2.5127736132821092,0.6774638268266019,3.79,6371.0,0.91,58.4,Residential,Low,0,Tuesday,August,1,False,False,True,False,True,False,False,False,False,False,False,False,0.0,Low,5.6534010450952765,2.689886230474539,9.626525853079086,1.4133246098594512,1.137265784680176,0,1.0858012826616084,-0.33264848443277495,0
T00958,R0217,Zone_9,0.3590768868695545,0.6996001202431057,0.7641053258798298,2023-12-21,1.0,Kavya Iyer,39.0,Male,Jaipur,2025-05-11 00:03:47.581311,-1.0039199666793377,-1.4330965567485814,3.52,11037.0,1.83,56.1,Mixed,Low,0,Thursday,December,1,False,False,True,False,False,False,False,False,False,False,False,True,0.0,Low,5.242487481587366,2.363680192353857,9.180958555619343,0.23355580023199912,0.7901217470262318,0,-0.5343673771792078,-1.0991663952706623,0
T00959,R0246,Zone_9,0.4827893877618691,0.9310626620625801,0.6890834081327536,2023-08-09,1.0,Vivaan Das,29.0,Male,Mumbai,2024-01-04 00:03:47.581311,1.7312861510684545,0.6774638268266019,4.79,11037.0,1.83,56.1,Mixed,Low,0,Wednesday,August,1,True,False,False,False,False,False,False,False,False,False,False,True,0.0,Low,5.21183312332626,2.412335956953165,9.601041610158765,-0.6560833837178401,-0.025472894620583223,0,1.2249787666567447,-0.204895499293127,0
T00960,R0097,Zone_5,0.32639811304894295,0.632420244353803,1.3820178988474316,2024-03-20,0.0,Aarav Iyer,23.0,Male,Bengaluru,2024-04-30 00:03:47.581311,0.16831122664114473,0.6774638268266019,3.28,2590.0,1.31,43.9,Business,Low,0,Wednesday,March,1,False,True,False,False,False,False,False,True,False,False,False,False,0.0,Low,5.46455188468906,2.3504224224082058,9.055385138137417,0.3459638424080422,0.319130592487773,0,0.807446314671336,0.2422399486956406,1
T00961,R0248,Zone_8,0.29371933922833143,-0.026177228884118924,-0.34637672105237705,2023-11-12,0.0,Vivaan Ghosh,18.0,Female,Chennai,2025-04-18 00:03:47.581311,-0.22243250446568272,-1.4330965567485814,3.65,4516.0,1.93,31.0,Business,Low,0,Sunday,November,0,False,False,False,False,False,False,False,False,False,False,True,False,0.0,Low,4.650334737942465,2.336986519711378,7.7168646482881895,0.09077801365228189,0.1379746997273161,0,-0.4522883481564352,-1.0991663952706623,0
T00962,R0238,Zone_3,-1.6506677030980486,-1.512641993648729,-1.486158045843775,2023-03-04,1.0,Reyansh Patel,30.0,Female,Pune,2024-09-22 00:03:47.581311,-0.6131762355725101,1.3809839546849962,4.91,12971.0,2.11,38.0,Business,Low,0,Saturday,March,0,False,False,False,False,False,True,False,False,False,False,False,False,0.0,Low,2.8831233291713367,0.7030975114131134,2.979932885150268,-0.9644811577962785,-1.0019045339115444,0,0.28999156648429114,1.285555994002765,0
T00963,R0243,Zone_3,-0.5069106193766485,-0.7516612161078964,-0.3726541002982882,2024-05-09,1.0,Ishaan Patel,33.0,Male,Jaipur,2025-03-18 00:03:47.581311,-0.22243250446568272,0.6774638268266019,3.7,12971.0,2.11,38.0,Business,Low,0,Thursday,May,1,False,False,True,False,False,True,False,False,False,False,False,False,0.0,Low,4.631032845513819,1.9344157696295783,5.900847396772772,-0.11210787411724529,0.18250516746875955,0,-0.3416600916474808,0.43386942640511234,0
T00964,R0137,Zone_1,1.6522226509137494,0.7876086912771264,2.026996172438322,2024-02-05,0.0,Arjun Gupta,27.0,Male,Bengaluru,2025-09-08 00:03:47.581311,-0.22243250446568272,0.6774638268266019,3.14,4921.0,2.43,30.9,Residential,Low,0,Monday,February,1,False,False,True,False,False,False,False,False,False,False,False,False,0.0,Low,5.6534010450952765,2.783157673589016,9.342911751697113,2.16257124934028,2.4858117364577574,0,-0.9626057894719345,0.43386942640511234,0
T00965,R0050,Zone_3,0.9402922212504289,1.6269170970382374,-0.14969053739673174,2023-07-17,1.0,Diya Das,49.0,Female,Ahmedabad,2024-09-17 00:03:47.581311,-0.22243250446568272,1.3809839546849962,3.42,12971.0,2.11,38.0,Business,Low,0,Monday,July,0,False,False,True,False,False,True,False,False,False,False,False,False,0.0,Low,4.7840692259807165,2.574137783515943,10.765686229869418,0.2911383509516494,0.027994361053062782,0,0.3078348336631548,0.9448813669637038,0
T00966,R0157,Zone_10,0.5551495297932231,0.9583453190831264,-0.2603183040220179,2023-02-21,1.0,Kavya Nair,36.0,Male,Hyderabad,2024-06-14 00:03:47.581311,0.9497986888547996,0.6774638268266019,4.65,2440.0,1.54,35.4,Industrial,Low,0,Tuesday,February,1,True,False,False,True,False,False,False,False,False,False,False,False,0.0,Low,4.711060561245524,2.4397349311412793,9.649352309870336,1.9436902085930725,1.7634406609740068,0,0.6468569100615634,-0.02604132009762001,0
T00967,R0102,Zone_1,0.05563112996387683,0.578148292216157,-0.36293146997730114,2024-04-03,1.0,Aarav Nair,18.0,Female,Chennai,2025-09-24 00:03:47.581311,-1.394663697786165,0.6774638268266019,4.1,4921.0,2.43,30.9,Residential,Low,0,Wednesday,April,0,True,False,False,False,False,False,False,False,False,False,False,False,0.0,Low,4.638218040034292,2.2332350148592526,8.952653238007155,0.5102298542380377,-0.3027258200998488,0,-1.019704244444298,1.5836462926619435,0
T00968,R0155,Zone_9,0.748887974586848,0.9812275475519718,0.3038570283876956,2023-08-24,1.0,Meera Reddy,23.0,Male,Hyderabad,2026-03-28 00:03:47.581311,0.16831122664114473,0.6774638268266019,3.14,11037.0,1.83,56.1,Mixed,Low,0,Thursday,August,1,False,False,False,False,False,False,False,False,False,False,False,True,0.0,Low,5.037666633147286,2.509599262378372,9.689685237405806,-0.2816354494267424,-0.5891103247938563,0,-1.6799051300622518,0.2422399486956406,0
T00969,R0050,Zone_10,-1.123138925708178,-0.9605348913619725,-0.6647271706165911,2024-07-23,1.0,Diya Das,49.0,Male,Ahmedabad,2025-05-27 00:03:47.581311,-0.22243250446568272,-0.7295764288901869,3.42,2440.0,1.54,35.4,Industrial,Low,0,Tuesday,July,1,False,False,True,True,False,False,False,False,False,False,False,False,0.0,Low,4.386889790339869,1.4539530095937054,5.263078946776307,0.2911383509516494,0.027994361053062782,0,-0.5914658321515714,-0.5881544547120707,0
T00970,R0138,Zone_5,-1.8654139310620665,-1.746744792599224,-1.486158045843775,2023-07-22,0.0,Ishaan Das,46.0,Female,Kolkata,2024-11-12 00:03:47.581311,-1.0039199666793377,1.3809839546849962,3.53,2590.0,1.31,43.9,Business,Low,0,Saturday,July,0,True,False,False,False,False,False,False,True,False,False,False,False,0.0,Low,2.8831233291713367,0.09531017980432487,0.9486832980505138,-1.0852866552856026,-0.7591890866206448,0,0.10799024125988228,1.7625004718574506,0
T00971,R0089,Zone_1,-0.4672292511659061,-0.21686246612449717,0.07432412067466097,2023-02-13,1.0,Saanvi Reddy,48.0,Male,Surat,2024-09-21 00:03:47.581311,0.5590549577479722,0.6774638268266019,3.91,4921.0,2.43,30.9,Residential,Low,0,Monday,February,1,False,False,True,False,False,False,False,False,False,False,False,False,0.0,Low,4.91734973004026,1.958685340544036,7.283543093852058,1.1134388762545167,0.9096210175464279,0,0.29356021992006387,0.09319479936605132,0
T00972,R0184,Zone_9,0.6065018886541836,0.41357226438253825,0.5671563684317257,2023-08-08,1.0,Meera Nair,29.0,Female,Surat,2025-05-24 00:03:47.581311,0.16831122664114473,1.3809839546849962,3.97,11037.0,1.83,56.1,Mixed,Low,0,Tuesday,August,0,False,True,False,False,False,False,False,False,False,False,False,True,0.0,Low,5.159916996812011,2.458733775483977,8.633655077659752,0.32607513245553066,0.7142263411364674,0,-0.5807598718442533,0.6893753966844082,0
T00973,R0172,Zone_1,0.10464929069479376,-0.2552928754760194,-0.45240594630962877,2023-11-18,1.0,Reyansh Reddy,31.0,Male,Pune,2025-02-26 00:03:47.581311,1.3405424199616272,-0.026056301031792503,3.72,4921.0,2.43,30.9,Residential,Low,0,Saturday,November,1,False,True,False,False,False,False,False,False,False,False,False,False,0.0,Low,4.570061008874523,2.255493485460195,7.193052203341778,-0.22277290380971576,-0.04607998782176537,0,-0.27028702293202633,-0.4487875618324548,0
T00974,R0277,Zone_6,1.162041043604578,1.6333710589140655,0.00534600015414408,2024-02-03,0.0,Kavya Gupta,42.0,Male,Jaipur,2025-05-31 00:03:47.581311,0.5590549577479722,-0.026056301031792503,3.06,14627.0,0.54,37.6,Mixed,Low,0,Saturday,February,1,False,False,True,False,False,False,False,False,True,False,False,False,0.0,Low,4.87816999965373,2.644044871126298,10.775899034419355,0.923554896460998,0.8555936549526215,0,-0.6057404458946622,-0.3042589321795199,0
T00975,R0246,Zone_6,0.38942146256012206,-0.1977939424004592,-0.27082925572038236,2023-01-14,1.0,Vivaan Das,29.0,Male,Mumbai,2024-06-02 00:03:47.581311,1.7312861510684545,0.6774638268266019,4.79,14627.0,0.54,37.6,Mixed,Low,0,Saturday,January,1,False,False,True,False,False,False,False,False,True,False,False,False,0.0,Low,4.703838357784793,2.3758355547336385,7.328028384224504,-0.6560833837178401,-0.025472894620583223,0,0.6896807512908362,-0.204895499293127,0
T00976,R0130,Zone_5,0.029954950533396554,-0.30985818951711225,0.06657229379711749,2024-06-16,1.0,Diya Ghosh,27.0,Female,Pune,2023-08-23 00:03:47.581311,0.16831122664114473,1.3809839546849962,3.62,2590.0,1.31,43.9,Business,Low,0,Sunday,June,0,False,False,True,False,False,False,False,True,False,False,False,False,0.0,Low,4.913022465229256,2.2213750375685026,7.06257743320383,-1.0189909554439003,-0.5498156106163926,0,1.7031783270502894,0.6893753966844082,0
T00977,R0201,Zone_1,1.5285101500214349,0.9736001380623566,2.026996172438322,2023-05-15,1.0,Meera Reddy,37.0,Male,Delhi,2026-01-22 00:03:47.581311,-0.22243250446568272,1.3809839546849962,3.84,4921.0,2.43,30.9,Residential,Low,0,Monday,May,1,False,True,False,False,False,False,False,False,False,False,False,False,0.0,Low,5.6534010450952765,2.7498317351171653,9.67625960792702,0.929260769745434,0.6315876152112011,0,-1.4479426567370248,0.9448813669637038,0
T00978,R0085,Zone_5,1.2997587332771547,1.8745145435472823,0.161959180459775,2024-04-15,0.0,Aadhya Ghosh,29.0,Male,Chennai,2024-12-26 00:03:47.581311,-1.0039199666793377,1.3809839546849962,4.95,2590.0,1.31,43.9,Business,Low,0,Monday,April,1,False,False,False,False,False,False,False,True,False,False,False,False,0.0,Low,4.96501011606998,2.6851226964585053,11.150784725749126,0.41623728424024636,-0.9255904251437593,0,-0.049030509914117525,1.7625004718574506,0
T00979,R0169,Zone_8,-0.13577311669970446,-0.3383142941514458,0.5055359141000639,2023-03-24,1.0,Reyansh Kumar,32.0,Male,Delhi,2025-01-01 00:03:47.581311,-0.6131762355725101,-0.7295764288901869,4.19,4516.0,1.93,31.0,Business,Low,0,Friday,March,1,False,False,True,False,False,False,False,False,False,False,True,False,0.0,Low,5.132616910770318,2.1412419425852827,6.993568473962345,0.10410730780034874,1.396050922503857,0,-0.07044243052875386,-0.5029857979523055,0
T00980,R0196,Zone_6,-1.309874776111672,-1.2459760234156463,-1.3591069171897947,2023-07-29,0.0,Vivaan Das,18.0,Male,Hyderabad,2025-02-13 00:03:47.581311,1.7312861510684545,-0.026056301031792503,4.93,14627.0,0.54,37.6,Mixed,Low,0,Saturday,July,1,True,False,False,False,False,False,False,False,True,False,False,False,0.0,Low,3.315639493300509,1.247032293786383,4.2391036788453285,-0.0564756095939968,-0.034067322116810524,0,-0.22389452826698095,-0.5029857979523055,0
T00981,R0190,Zone_6,-1.0811233593673921,-1.1858368332090652,-0.6539534451257677,2023-01-10,0.0,Saanvi Iyer,35.0,Female,Surat,2023-09-12 00:03:47.581311,0.5590549577479722,1.3809839546849962,4.12,14627.0,0.54,37.6,Mixed,Low,0,Tuesday,January,0,False,False,False,False,False,False,False,False,True,False,False,False,0.0,Low,4.397038392294319,1.4951487660319727,4.474371464239419,-0.18562945447079532,-0.19072280022913898,0,1.631805258334835,0.4906485309116225,0
T00982,R0073,Zone_7,-0.21046745686110185,-0.6325562833085216,0.3582512034267316,2023-04-20,1.0,Meera Das,41.0,Female,Ahmedabad,2024-04-13 00:03:47.581311,0.5590549577479722,1.3809839546849962,3.01,11070.0,0.64,45.2,Industrial,Low,0,Thursday,April,0,True,False,False,False,False,False,False,False,False,True,False,False,0.0,Low,5.064176061024286,2.1029138978649784,6.235382907247958,0.3787843061568347,0.38877667428145524,0,0.8681134230794723,0.4906485309116225,0
T00983,R0077,Zone_4,-0.44855566612555664,-0.22038280896585793,-0.6073110969642752,2023-09-16,0.0,Reyansh Das,28.0,Male,Mumbai,2024-05-25 00:03:47.581311,2.5127736132821092,-0.7295764288901869,3.79,4038.0,2.46,48.2,Business,Low,0,Saturday,September,1,False,False,True,False,False,False,True,False,False,False,False,False,0.0,Low,4.4398237334000985,1.969905654611529,7.275300681071539,1.4133246098594512,1.137265784680176,0,0.7182299787770179,-0.8436604249913665,0
T00984,R0283,Zone_5,1.9136528414786407,1.563844287797189,0.6384994530843746,2024-06-26,1.0,Diya Nair,19.0,Female,Surat,2025-09-22 00:03:47.581311,-0.22243250446568272,-0.7295764288901869,3.55,2590.0,1.31,43.9,Business,Low,0,Wednesday,June,0,False,True,False,False,False,False,False,True,False,False,False,False,0.0,Low,5.1906207910926625,2.850128299695199,10.665364503850771,-0.0565457637737237,0.5216544986660485,0,-1.0125669375727526,-0.5881544547120707,0
T00985,R0209,Zone_2,-1.795387987160756,-1.7089011070545954,-1.486158045843775,2024-01-12,0.0,Vivaan Sharma,31.0,Male,Surat,2024-09-08 00:03:47.581311,0.16831122664114473,1.3809839546849962,3.77,6371.0,0.91,58.4,Residential,Low,0,Friday,January,1,False,False,True,False,True,False,False,False,False,False,False,False,0.0,Low,2.8831233291713367,0.33647223662121295,1.4798648586948742,-0.45768736345081856,-1.2266267759443161,0,0.3399527145851093,0.6893753966844082,0
T00986,R0120,Zone_10,-0.09609174848896203,-0.5551087407985833,-0.1297197291698393,2023-02-25,1.0,Ishaan Gupta,18.0,Male,Surat,2025-03-23 00:03:47.581311,0.16831122664114473,-1.4330965567485814,4.55,2440.0,1.54,35.4,Industrial,Low,0,Saturday,February,1,False,False,True,True,False,False,False,False,False,False,False,False,0.0,Low,4.7966992235329595,2.1610215286722587,6.443601477434805,0.25535971929104845,-0.10707863647178281,0,-0.35950335882634443,-1.0991663952706623,0
T00987,R0133,Zone_4,-1.2655250116408423,-1.3064085755256736,-0.9510192175007938,2024-02-27,0.0,Diya Kumar,25.0,Male,Delhi,2024-02-26 00:03:47.581311,0.5590549577479722,1.3809839546849962,4.4,4038.0,2.46,48.2,Business,Low,0,Tuesday,February,1,False,True,False,False,False,False,True,False,False,False,False,False,0.0,Low,4.070734696582967,1.3001916620664788,3.988734135035826,-0.5195633499697412,-1.2949598202038526,0,1.0358401345607902,0.4906485309116225,0
T00988,R0289,Zone_2,0.11398608321496866,0.5863624255126657,0.43511253772102176,2023-06-03,1.0,Aarav Gupta,21.0,Female,Chennai,2026-01-06 00:03:47.581311,0.16831122664114473,1.3809839546849962,4.17,6371.0,0.91,58.4,Residential,Low,0,Saturday,June,0,True,False,False,False,True,False,False,False,False,False,False,False,0.0,Low,5.100475998096045,2.259677591982769,8.968277426574181,0.1028796096551321,0.7679001936249273,0,-1.3908442017646614,0.6893753966844082,0
T00989,R0256,Zone_2,0.4244344345107772,0.18651015111476452,0.3071417007934345,2023-09-15,0.0,Aadhya Sharma,31.0,Female,Delhi,2025-05-04 00:03:47.581311,-0.6131762355725101,-0.7295764288901869,3.65,6371.0,0.91,58.4,Residential,Low,0,Friday,September,0,False,False,False,False,True,False,False,False,False,False,False,False,0.0,Low,5.039287536669418,2.3896797998449792,8.17312669668102,-0.6973340413971207,-0.14378400390358864,0,-0.5093868031287988,-0.5029857979523055,0
T00990,R0237,Zone_4,-0.4929054305963863,-0.38671900822015715,-0.9282892844530806,2023-02-04,0.0,Aadhya Nair,40.0,Female,Chennai,2024-02-01 00:03:47.581311,0.5590549577479722,-0.7295764288901869,3.71,4038.0,2.46,48.2,Business,Low,0,Saturday,February,0,True,False,False,False,False,False,True,False,False,False,False,False,0.0,Low,4.09982949245267,1.9430489167742813,6.8745908969188845,0.41938019149200184,0.583473512561381,0,1.1250564704551083,-0.701712663725091,0
T00991,R0070,Zone_5,0.5971650961340091,1.0927050708617314,0.04738980694760222,2024-02-25,0.0,Meera Reddy,33.0,Female,Bengaluru,2025-09-18 00:03:47.581311,-0.6131762355725101,1.3809839546849962,3.54,2590.0,1.31,43.9,Business,Low,0,Sunday,February,0,True,False,False,False,False,False,False,True,False,False,False,False,0.0,Low,4.902233120245624,2.4553061800117097,9.883825170448938,2.1509256555056537,2.2025497950504977,0,-0.9982923238296618,1.285555994002765,0
T00992,R0050,Zone_2,-0.25248302320188815,0.15101336079770966,0.09692266682614495,2024-06-14,1.0,Diya Das,49.0,Female,Ahmedabad,2024-11-16 00:03:47.581311,-0.22243250446568272,1.3809839546849962,3.42,6371.0,0.91,58.4,Residential,Low,0,Friday,June,0,False,True,False,False,True,False,False,False,False,False,False,False,0.0,Low,4.929858984068968,2.080690761080268,8.098765338000602,0.2911383509516494,0.027994361053062782,0,0.0937156275167914,0.9448813669637038,0
T00993,R0280,Zone_3,-0.2314752400314951,-0.5994063882190406,0.37296653580444195,2023-09-10,1.0,Saanvi Gupta,26.0,Female,Chennai,2024-07-17 00:03:47.581311,-0.6131762355725101,1.3809839546849962,4.43,12971.0,2.11,38.0,Business,Low,0,Sunday,September,0,False,True,False,False,False,True,False,False,False,False,False,False,0.0,Low,5.071228542871542,2.0918640616783932,6.325345840347388,0.21803769567645975,-0.24570509921141584,0,0.5290913466810636,1.285555994002765,0
T00994,R0161,Zone_5,-0.5092448175066921,-0.4638731888266485,-0.05574890659259933,2024-03-17,0.0,Aarav Nair,32.0,Female,Surat,2024-02-12 00:03:47.581311,-0.6131762355725101,-0.7295764288901869,4.91,2590.0,1.31,43.9,Business,Low,0,Sunday,March,0,False,False,False,False,False,False,False,True,False,False,False,False,0.0,Low,4.842137743895371,1.9329696377795786,6.680568838055634,-1.5056505002078056,-1.169826424991684,0,1.0858012826616084,-0.5029857979523055,0
T00995,R0233,Zone_5,0.7372169839366295,1.2009556132335768,0.5512585539879493,2023-01-19,0.0,Ishaan Iyer,30.0,Female,Hyderabad,2024-09-05 00:03:47.581311,-0.6131762355725101,1.3809839546849962,4.37,2590.0,1.31,43.9,Business,Low,0,Thursday,January,0,True,False,False,False,False,False,False,True,False,False,False,False,0.0,Low,5.152944713532285,2.505525936990736,10.0687635785135,1.9623512204003664,2.1979771188826325,0,0.35065867489242747,1.285555994002765,0
T00996,R0035,Zone_3,0.13966226264544893,0.7169084725464627,-0.30367597977777133,2023-04-16,0.0,Reyansh Das,39.0,Female,Kolkata,2025-10-30 00:03:47.581311,-1.394663697786165,1.3809839546849962,3.49,12971.0,2.11,38.0,Business,Low,0,Sunday,April,0,False,False,False,False,False,True,False,False,False,False,False,False,0.0,Low,4.680926798387338,2.2710944259026746,9.213034245024817,-0.49893802113010083,-0.8265727037401066,0,-1.148175768132116,2.4779171886394784,0
T00997,R0041,Zone_7,1.8156165200168064,1.4482596978391753,2.026996172438322,2023-08-09,1.0,Aarav Nair,25.0,Male,Pune,2026-03-23 00:03:47.581311,-1.0039199666793377,0.6774638268266019,4.74,11070.0,0.64,45.2,Industrial,Low,0,Wednesday,August,1,False,True,False,False,False,False,False,False,False,True,False,False,0.0,Low,5.6534010450952765,2.825536896557877,10.47902667235846,0.19819809364975854,0.31379213079300117,0,-1.6620618628833883,1.0470837550754222,0
T00998,R0084,Zone_5,1.4608184042501682,1.2123967274679994,0.8198133698811617,2023-03-23,1.0,Kavya Sharma,38.0,Female,Jaipur,2025-11-11 00:03:47.581311,0.16831122664114473,-1.4330965567485814,4.67,2590.0,1.31,43.9,Business,Low,0,Thursday,March,0,False,False,True,False,False,False,False,True,False,False,False,False,0.0,Low,5.264657165055401,2.731115474033206,10.088111815399351,0.7488943736681674,1.403309357264293,0,-1.1909996093613888,-1.0991663952706623,0
T00999,R0277,Zone_10,0.625175473694533,1.1455102134821438,1.5767332790596338,2024-02-07,1.0,Kavya Gupta,42.0,Female,Jaipur,2023-09-18 00:03:47.581311,0.5590549577479722,-0.026056301031792503,3.06,2440.0,1.54,35.4,Industrial,Low,0,Wednesday,February,0,False,False,True,True,False,False,False,False,False,False,False,False,0.0,Low,5.525413097700675,2.4655539212721855,9.974467404327912,0.923554896460998,0.8555936549526215,0,1.6103933377201987,-0.3042589321795199,1
T01000,R0253,Zone_7,-1.2351804359502747,-1.056170871885608,-1.2131360754787577,2024-08-02,0.0,Ishaan Gupta,26.0,Female,Surat,2025-01-30 00:03:47.581311,-0.6131762355725101,-1.4330965567485814,3.16,11070.0,0.64,45.2,Industrial,Low,0,Friday,August,0,True,False,False,False,False,False,False,False,False,True,False,False,0.0,Low,3.654546775033431,1.33500106673234,4.94368283772331,-1.5626156941458604,-2.285889964854369,0,-0.17393338016616283,-1.0991663952706623,0
T01001,R0135,Zone_1,-1.7533724208199701,-1.6173721931792135,-1.486158045843775,2024-06-30,1.0,Reyansh Patel,38.0,Female,Ahmedabad,2025-06-23 00:03:47.581311,0.16831122664114473,0.6774638268266019,3.47,4921.0,2.43,30.9,Residential,Low,0,Sunday,June,0,True,False,False,False,False,False,False,False,False,False,False,False,0.0,Low,2.8831233291713367,0.4574248470388754,2.3043437243605824,0.13750069735024334,-0.1852135518341216,0,-0.6878194749174349,0.2422399486956406,0
T01002,R0248,Zone_6,1.1293622697839665,1.0114438236069856,2.026996172438322,2024-06-13,0.0,Vivaan Ghosh,18.0,Female,Chennai,2025-09-07 00:03:47.581311,-0.22243250446568272,-0.026056301031792503,3.65,14627.0,0.54,37.6,Mixed,Low,0,Thursday,June,0,False,False,False,False,False,False,False,False,True,False,False,False,0.0,Low,5.6534010450952765,2.6340447877917144,9.74268956705488,0.09077801365228189,0.1379746997273161,0,-0.9590371360361619,-0.07714251415347918,1
T01003,R0190,Zone_5,-0.5769365632779586,-0.28961621817928757,-0.309719777004331,2023-09-03,1.0,Saanvi Iyer,35.0,Female,Surat,2024-06-14 00:03:47.581311,0.5590549577479722,1.3809839546849962,4.12,2590.0,1.31,43.9,Business,Low,0,Sunday,September,0,False,False,False,False,False,False,False,True,False,False,False,False,0.0,Low,4.676653287609955,1.890095369948917,7.11125867902441,-0.18562945447079532,-0.19072280022913898,0,0.6468569100615634,0.4906485309116225,0
T01004,R0225,Zone_7,0.25170377288754536,-0.09453055238720831,0.1731270666392872,2023-07-07,0.0,Ishaan Sharma,39.0,Female,Delhi,2024-12-05 00:03:47.581311,-0.6131762355725101,0.6774638268266019,4.08,11070.0,0.64,45.2,Industrial,Low,0,Friday,July,0,False,False,True,False,False,False,False,False,False,True,False,False,0.0,Low,4.9709237938600275,2.3194422100604686,7.564390259630977,-0.02160898226984245,-0.589372014092619,0,0.025911212237109658,0.6893753966844082,0
T01005,R0025,Zone_8,-0.7566698192913216,-0.8508175394728931,-0.8809900018104403,2023-10-16,0.0,Meera Das,21.0,Female,Mumbai,2025-08-27 00:03:47.581311,-1.0039199666793377,1.3809839546849962,4.01,4516.0,1.93,31.0,Business,Low,0,Monday,October,0,True,False,False,False,False,False,False,False,False,False,True,False,0.0,Low,4.157788734778635,1.766441661243765,5.607138307550475,0.8004576957672684,0.45956684332517017,0,-0.9197819482426619,1.7625004718574506,0
T01006,R0272,Zone_5,0.583159907353747,1.1311354802132538,0.9914046563569618,2023-05-26,0.0,Kavya Ghosh,21.0,Female,Kolkata,2026-03-25 00:03:47.581311,-0.22243250446568272,-0.7295764288901869,4.79,2590.0,1.31,43.9,Business,Low,0,Friday,May,0,False,False,False,False,False,False,False,True,False,False,False,False,0.0,Low,5.330009813280526,2.4501426573516603,9.9498743710662,-1.376566809510734,-0.9433648345370564,0,-1.6691991697549338,-0.5881544547120707,0
T01007,R0016,Zone_10,1.096683495963355,0.21203263671463066,0.8230980422869005,2023-03-14,0.0,Aarav Iyer,28.0,Female,Delhi,2024-10-08 00:03:47.581311,-1.0039199666793377,0.6774638268266019,3.06,2440.0,1.54,35.4,Industrial,Low,0,Tuesday,March,0,False,False,False,True,False,False,False,False,False,False,False,False,0.0,Low,5.265949121515307,2.6239436918052106,8.226177727231525,0.09212497390303469,0.0873620217577732,0,0.2328931115119276,1.0470837550754222,0
T01008,R0237,Zone_6,-1.4335872770039868,-1.2392286996363715,-1.391822254350954,2024-03-13,1.0,Aadhya Nair,40.0,Female,Chennai,2023-09-07 00:03:47.581311,0.5590549577479722,-0.7295764288901869,3.71,14627.0,0.54,37.6,Mixed,Low,0,Wednesday,March,0,False,False,False,False,False,False,False,False,True,False,False,False,0.0,Low,3.2208738275308737,1.0818051703517284,4.266145801540309,0.41938019149200184,0.583473512561381,0,1.6496485255136986,-0.701712663725091,0
T01009,R0148,Zone_9,-0.9714160472553396,-0.7504877684941095,-0.9240849037737346,2024-06-10,0.0,Aarav Kumar,44.0,Male,Ahmedabad,2025-11-17 00:03:47.581311,-1.394663697786165,0.6774638268266019,3.36,11037.0,1.83,56.1,Mixed,Low,0,Monday,June,1,False,False,True,False,False,False,False,False,False,False,False,True,0.0,Low,4.105119635390059,1.5953389880545987,5.904235767650205,-1.3519426924266726,-0.9197891865838057,0,-1.2124115299760252,1.5836462926619435,0
T01010,R0130,Zone_2,-1.8140615722011055,-1.6939396499788117,-1.486158045843775,2023-10-28,1.0,Diya Ghosh,27.0,Male,Pune,2025-12-27 00:03:47.581311,0.16831122664114473,0.6774638268266019,3.62,6371.0,0.91,58.4,Residential,Low,0,Saturday,October,1,False,False,True,False,True,False,False,False,False,False,False,False,0.0,Low,2.8831233291713367,0.2776317365982795,1.6431676725154984,-1.0189909554439003,-0.5498156106163926,0,-1.355157667406934,0.2422399486956406,0
T01011,R0099,Zone_6,0.25170377288754536,0.15570715125285733,0.4544264114667665,2024-02-28,0.0,Diya Gupta,35.0,Female,Mumbai,2025-03-07 00:03:47.581311,0.5590549577479722,-0.7295764288901869,3.7,14627.0,0.54,37.6,Mixed,Low,0,Wednesday,February,0,False,True,False,False,False,False,False,False,True,False,False,False,0.0,Low,5.10939406611952,2.3194422100604686,8.108637370113428,-0.22622533980596085,0.4143395868343376,0,-0.30240490385398083,-0.701712663725091,0
T01012,R0159,Zone_4,-1.8117273740710618,-1.6822051738409423,-1.486158045843775,2024-06-16,0.0,Ishaan Singh,43.0,Female,Bengaluru,2024-08-26 00:03:47.581311,-1.394663697786165,-0.026056301031792503,4.9,4038.0,2.46,48.2,Business,Low,0,Sunday,June,0,False,False,False,False,False,False,True,False,False,False,False,False,0.0,Low,2.8831233291713367,0.2851789422336624,1.760681686165901,-1.2370301460343884,-0.6941028260819054,0,0.3863452092501547,0.6893753966844082,0
T01013,R0117,Zone_1,-0.44855566612555664,-0.7094171020115665,0.21530226032897476,2023-06-05,1.0,Aadhya Gupta,21.0,Male,Ahmedabad,2024-12-17 00:03:47.581311,-1.0039199666793377,-1.4330965567485814,3.16,4921.0,2.43,30.9,Residential,Low,0,Monday,June,1,False,True,False,False,False,False,False,False,False,False,False,False,0.0,Low,4.992946431225172,1.969905654611529,6.021627686929839,-1.3280762404836604,-1.0474329626479704,0,-0.016912628992163017,-1.0991663952706623,1
T01014,R0028,Zone_9,0.5854941054837906,1.208289660819745,0.3615358758324705,2024-07-19,1.0,Reyansh Sharma,20.0,Female,Surat,2025-04-12 00:03:47.581311,-0.22243250446568272,1.3809839546849962,3.79,11037.0,1.83,56.1,Mixed,Low,0,Friday,July,0,False,True,False,False,False,False,False,False,False,False,False,True,0.0,Low,5.065754593317335,2.451005098112319,10.081170566953025,0.9258933691185541,0.9185564937528236,0,-0.4308764275417989,0.9448813669637038,0
T01015,R0177,Zone_9,2.3804924674873753,1.8560327436301378,2.026996172438322,2023-05-17,0.0,Ishaan Reddy,34.0,Male,Bengaluru,2024-01-01 00:03:47.581311,1.3405424199616272,0.6774638268266019,4.48,11037.0,1.83,56.1,Mixed,Low,0,Wednesday,May,1,False,False,True,False,False,False,False,False,False,False,False,True,0.0,Low,5.6534010450952765,2.9595868269176377,11.122499719037982,0.5084887550502762,0.11712398326918608,0,1.2356847269640627,-0.12359814511335115,0
T01016,R0036,Zone_6,0.40809504760047144,0.5438249495128888,1.1336966649735711,2023-08-13,1.0,Aadhya Das,30.0,Male,Surat,2025-02-24 00:03:47.581311,-0.6131762355725101,1.3809839546849962,4.9,14627.0,0.54,37.6,Mixed,Low,0,Sunday,August,1,False,False,False,False,False,False,False,False,True,False,False,False,0.0,Low,5.3811408197471495,2.3832429960115,8.887069258197553,-0.03928783556096274,0.4808545791235178,0,-0.2631497160604809,1.285555994002765,0
T01017,R0250,Zone_10,1.439810621079775,2.0998164853943755,1.5408646563889647,2023-02-12,0.0,Aadhya Iyer,34.0,Male,Jaipur,2025-06-09 00:03:47.581311,0.5590549577479722,-0.7295764288901869,4.63,2440.0,1.54,35.4,Industrial,Low,0,Sunday,February,1,False,True,False,True,False,False,False,False,False,False,False,False,0.0,Low,5.514476584087801,2.725235025856311,11.489995648389081,0.16336420494280862,-0.12729298704116868,0,-0.6378583268166168,-0.701712663725091,0
T01018,R0226,Zone_4,0.2820483485781133,-0.2875626848551604,0.23474752097094892,2023-09-06,0.0,Aarav Iyer,20.0,Male,Surat,2024-02-02 00:03:47.581311,-0.22243250446568272,1.3809839546849962,3.25,4038.0,2.46,48.2,Business,Low,0,Wednesday,September,1,True,False,False,False,False,False,True,False,False,False,False,False,0.0,Low,5.002939087461785,2.33214389523559,7.116178749862878,-0.28889640702845243,-0.015119442815375127,0,1.1214878170193356,0.9448813669637038,0
T01019,R0102,Zone_4,0.34040330182920514,-0.3409545512824663,-0.12262483677344319,2024-01-07,0.0,Aarav Nair,18.0,Male,Chennai,2023-10-09 00:03:47.581311,-1.394663697786165,-0.7295764288901869,4.1,4038.0,2.46,48.2,Business,Low,0,Sunday,January,1,False,False,True,False,False,False,True,False,False,False,False,False,0.0,Low,4.801148069229532,2.3561258599220753,6.987131027825369,0.5102298542380377,-0.3027258200998488,0,1.5354516155689715,-0.204895499293127,0
T01020,R0107,Zone_8,-0.26648821198215006,0.010786370950169932,0.21333145688553135,2023-01-29,0.0,Reyansh Gupta,33.0,Female,Hyderabad,2023-12-31 00:03:47.581311,-1.0039199666793377,1.3809839546849962,3.66,4516.0,1.93,31.0,Business,Low,0,Sunday,January,0,False,False,False,False,False,False,False,False,False,False,True,False,0.0,Low,4.991928066630559,2.0731719286662407,7.798076685952761,-0.9297127463237406,-0.2653400604912592,0,1.2392533803998353,1.7625004718574506,0
T01021,R0011,Zone_6,-0.4695634492959497,-0.3746911701788409,-0.1025226416503211,2023-11-10,1.0,Vivaan Nair,26.0,Male,Chennai,2025-12-01 00:03:47.581311,0.5590549577479722,-1.4330965567485814,4.0,14627.0,0.54,37.6,Mixed,Low,0,Friday,November,1,False,True,False,False,False,False,False,False,True,False,False,False,0.0,Low,4.813646700258897,1.9572739077056285,6.904346457123947,-0.009495693903703363,0.4865107408090695,0,-1.2623726780768434,-1.0991663952706623,0
T01022,R0278,Zone_7,1.3487768940080718,0.8040369578701433,1.5039449385484596,2023-12-09,0.0,Aarav Reddy,20.0,Female,Mumbai,2024-04-25 00:03:47.581311,0.5590549577479722,-1.4330965567485814,4.27,11070.0,0.64,45.2,Industrial,Low,0,Saturday,December,0,False,False,True,False,False,False,False,False,False,True,False,False,0.0,Low,5.503093260504062,2.6993457604720636,9.372833082905082,1.6189231259117443,3.0677772554880267,0,0.8252895818501996,-1.0991663952706623,0
T01023,R0241,Zone_10,0.41509764199060234,0.30942878865894674,1.5042077123409188,2024-01-17,1.0,Kavya Gupta,34.0,Female,Chennai,2025-07-05 00:03:47.581311,-1.7854074288929924,-1.4330965567485814,3.28,2440.0,1.54,35.4,Industrial,Low,0,Wednesday,January,0,False,False,False,True,False,False,False,False,False,False,False,False,0.0,Low,5.503174740174929,2.386006701133118,8.425556361451747,1.0440330077782647,1.9203109997737413,0,-0.7306433161467076,-1.0991663952706623,1
T01024,R0095,Zone_8,0.3707478775197727,0.179469465432043,0.24355044301832937,2023-06-27,0.0,Kavya Iyer,29.0,Male,Chennai,2024-02-26 00:03:47.581311,1.7312861510684545,-1.4330965567485814,4.26,4516.0,1.93,31.0,Business,Low,0,Tuesday,June,1,True,False,False,False,False,False,False,False,False,False,True,False,0.0,Low,5.0074301631473075,2.3683728335320486,8.158431221748456,-0.125226705726133,-0.16477424028860577,0,1.0358401345607902,-1.0991663952706623,0
T01025,R0126,Zone_4,-0.7309936398608411,-0.9376526628931269,-0.9817637512185099,2024-06-14,0.0,Diya Reddy,29.0,Male,Surat,2026-01-31 00:03:47.581311,-0.6131762355725101,-1.4330965567485814,3.65,4038.0,2.46,48.2,Business,Low,0,Friday,June,1,True,False,False,False,False,False,True,False,False,False,False,False,0.0,Low,4.029983803061711,1.7850704810772584,5.336665625650533,-1.2620751881968093,-1.9879498116518113,0,-1.4800605376589795,-1.0991663952706623,0
T01026,R0252,Zone_2,-0.42521368482512,-0.6569053212946009,-0.8526104322248562,2023-01-01,1.0,Reyansh Gupta,38.0,Female,Ahmedabad,2024-12-19 00:03:47.581311,3.294261075495764,-1.4330965567485814,4.83,6371.0,0.91,58.4,Residential,Low,0,Sunday,January,0,False,True,False,False,True,False,False,False,False,False,False,False,0.0,Low,4.191017449482361,1.9837562915454279,6.168468205316454,-1.0701859680994372,-0.8012439342440127,0,-0.024049935863708464,-1.0991663952706623,0
T01027,R0240,Zone_8,2.3921634581375937,2.6475231591294306,1.735054489016249,2023-05-26,0.0,Aarav Iyer,30.0,Male,Delhi,2025-04-27 00:03:47.581311,0.16831122664114473,-0.7295764288901869,4.07,4516.0,1.93,31.0,Business,Low,0,Friday,May,1,False,False,False,False,False,False,False,False,False,False,True,False,0.0,Low,5.572306111867815,2.9621754900251482,12.275585525749882,2.0173520973060755,0.750380783728771,0,-0.4844062290783897,-0.6520309472818946,0
T01028,R0190,Zone_5,-0.10076014474904928,-0.41722864617861766,-0.5843183901241029,2023-12-30,1.0,Saanvi Iyer,35.0,Male,Surat,2024-10-01 00:03:47.581311,0.5590549577479722,0.6774638268266019,4.12,2590.0,1.31,43.9,Business,Low,0,Saturday,December,1,True,False,False,False,False,False,False,True,False,False,False,False,0.0,Low,4.460260014192283,2.1587147225743437,6.798529252713413,-0.18562945447079532,-0.19072280022913898,0,0.25787368556233664,0.09319479936605132,0
T01029,R0234,Zone_2,1.5261759518913913,0.7714737865875556,2.026996172438322,2024-05-19,0.0,Saanvi Nair,32.0,Female,Pune,2025-05-23 00:03:47.581311,0.5590549577479722,1.3809839546849962,3.98,6371.0,0.91,58.4,Residential,Low,0,Sunday,May,0,False,False,True,False,True,False,False,False,False,False,False,False,0.0,Low,5.6534010450952765,2.749192144433385,9.313431161500041,-0.6131957951782692,-0.14727319455376647,0,-0.5771912184084805,0.4906485309116225,0
T01030,R0099,Zone_2,-0.6282889221389194,-0.5747639883295147,-0.3430920486466381,2023-09-08,1.0,Diya Gupta,35.0,Female,Mumbai,2024-03-30 00:03:47.581311,0.5590549577479722,-1.4330965567485814,3.7,6371.0,0.91,58.4,Residential,Low,0,Friday,September,0,False,False,False,False,True,False,False,False,False,False,False,False,0.0,Low,4.652721487846314,1.8562979903656263,6.391400472509918,-0.22622533980596085,0.4143395868343376,0,0.9180745711802903,-1.0991663952706623,0
T01031,R0068,Zone_1,0.9146160418199486,1.319767184129505,0.14041172947812763,2023-12-15,1.0,Meera Singh,30.0,Male,Ahmedabad,2025-01-26 00:03:47.581311,0.5590549577479722,-0.7295764288901869,4.97,4921.0,2.43,30.9,Residential,Low,0,Friday,December,1,True,False,False,False,False,False,False,False,False,False,False,False,0.0,Low,4.95350040939126,2.565718292524414,10.267911179982033,-0.06711566018587507,-0.22010545833589992,0,-0.15965876642307195,-0.701712663725091,0
T01032,R0221,Zone_7,0.31706132052876806,0.9932553855932879,-0.5447709343590067,2023-12-04,0.0,Diya Patel,21.0,Female,Delhi,2026-01-04 00:03:47.581311,0.16831122664114473,-0.7295764288901869,4.41,11070.0,0.64,45.2,Industrial,Low,0,Monday,December,0,False,False,False,False,False,False,False,False,False,True,False,False,0.0,Low,4.494462064003669,2.34660197841082,9.710818709048171,-0.44221836682108845,-0.5777474999791323,0,-1.383706894893116,-0.6520309472818946,0
T01033,R0236,Zone_2,-0.4929054305963863,-0.4043207224269614,-1.0586250855128,2023-07-04,0.0,Arjun Gupta,28.0,Male,Ahmedabad,2026-02-14 00:03:47.581311,1.3405424199616272,-0.7295764288901869,3.36,6371.0,0.91,58.4,Residential,Low,0,Tuesday,July,1,True,False,False,False,True,False,False,False,False,False,False,False,0.0,Low,3.9201895680945396,1.9430489167742813,6.830812543175226,-2.0892312330904557,-1.9871584832459817,0,-1.5300216857597975,-0.7739769785515586,0
T01034,R0123,Zone_10,0.7348827858065858,0.017533694729444764,-0.1645372566706717,2023-04-19,0.0,Meera Ghosh,32.0,Male,Bengaluru,2024-11-22 00:03:47.581311,-1.394663697786165,0.6774638268266019,3.31,2440.0,1.54,35.4,Industrial,Low,0,Wednesday,April,1,False,False,True,True,False,False,False,False,False,False,False,False,0.0,Low,4.774575350848819,2.50470927708418,7.812809993849844,0.7857253180246687,1.613500956655205,0,0.07230370690215505,1.5836462926619435,0
T01035,R0205,Zone_5,-1.8233983647212801,-1.716821878447657,-1.486158045843775,2024-05-08,0.0,Diya Singh,31.0,Male,Surat,2025-07-30 00:03:47.581311,-1.394663697786165,1.3809839546849962,4.66,2590.0,1.31,43.9,Business,Low,0,Wednesday,May,1,True,False,False,False,False,False,False,True,False,False,False,False,0.0,Low,2.8831233291713367,0.2468600779315258,1.3856406460551018,-1.0042585777013,-1.9956627594048362,0,-0.8198596520410256,2.4779171886394784,0
T01036,R0037,Zone_3,0.6485174549949697,0.8019834245460162,1.123974034652584,2024-07-28,0.0,Aadhya Iyer,32.0,Female,Ahmedabad,2025-02-25 00:03:47.581311,0.16831122664114473,0.6774638268266019,3.36,12971.0,2.11,38.0,Business,Low,0,Sunday,July,0,True,False,False,False,False,True,False,False,False,False,False,False,0.0,Low,5.3777291059721986,2.4740142086215764,9.369098142297368,0.9838757986626461,1.0679200880966029,0,-0.2667183694962536,0.2422399486956406,0
T01037,R0106,Zone_6,0.8959424567795992,1.1296686706960202,0.5052731403076047,2023-06-18,1.0,Aarav Patel,32.0,Female,Bengaluru,2025-01-17 00:03:47.581311,-1.394663697786165,-0.026056301031792503,4.03,14627.0,0.54,37.6,Mixed,Low,0,Sunday,June,0,False,False,False,False,False,False,False,False,True,False,False,False,0.0,Low,5.132498881853096,2.559550192783766,9.947361459201128,1.0759531595538996,-0.6719556475339347,0,-0.12754088550111742,0.6893753966844082,0
T01038,R0017,Zone_8,0.2983877354884187,0.3375915313898336,0.9801053832812202,2024-06-20,0.0,Meera Das,49.0,Female,Mumbai,2026-02-08 00:03:47.581311,-0.22243250446568272,-0.7295764288901869,3.83,4516.0,1.93,31.0,Business,Low,0,Thursday,June,0,True,False,False,False,False,False,False,False,False,False,True,False,0.0,Low,5.325835252584776,2.3389170222414357,8.482334584299302,-0.05570391361700346,-0.46075467513350665,0,-1.508609765145161,-0.5881544547120707,0
T01039,R0177,Zone_3,1.5075023668510419,1.6899899062792854,-0.05377810314915592,2024-08-14,0.0,Ishaan Reddy,34.0,Female,Bengaluru,2024-08-27 00:03:47.581311,1.3405424199616272,-0.026056301031792503,4.48,12971.0,2.11,38.0,Business,Low,0,Wednesday,August,0,False,False,False,False,False,True,False,False,False,False,False,False,0.0,Low,4.8433205694088235,2.744060638625243,10.865081684000355,0.5084887550502762,0.11712398326918608,0,0.38277655581438197,-0.4487875618324548,0
T01040,R0028,Zone_6,-0.10076014474904928,-0.14850914262140757,-0.6933695139946345,2023-03-04,1.0,Reyansh Sharma,20.0,Female,Surat,2025-11-11 00:03:47.581311,-0.22243250446568272,-1.4330965567485814,3.79,14627.0,0.54,37.6,Mixed,Low,0,Saturday,March,0,False,False,False,False,False,False,False,False,True,False,False,False,0.0,Low,4.35939751661352,2.1587147225743437,7.441773982055623,0.9258933691185541,0.9185564937528236,0,-1.1909996093613888,-1.0991663952706623,0
T01041,R0269,Zone_1,-0.1964622680808399,0.22904762711454127,0.5578278987994271,2024-02-02,1.0,Aadhya Sharma,41.0,Male,Mumbai,2025-07-22 00:03:47.581311,-0.22243250446568272,-1.4330965567485814,3.41,4921.0,2.43,30.9,Residential,Low,0,Friday,February,1,False,True,False,False,False,False,False,False,False,False,False,False,0.0,Low,5.155831718251282,2.1102132003465894,8.261355820929152,0.5403259973407792,1.9771821839200237,0,-0.7913104245548439,-1.0991663952706623,1
T01042,R0090,Zone_7,0.3940898588202093,-0.3192457704274078,0.39701033781445044,2024-08-19,0.0,Kavya Iyer,33.0,Male,Mumbai,2024-01-14 00:03:47.581311,0.5590549577479722,0.6774638268266019,4.51,11070.0,0.64,45.2,Industrial,Low,0,Monday,August,1,False,False,True,False,False,False,False,False,False,True,False,False,0.0,Low,5.0826458300725275,2.377692565480851,7.0398863627192165,1.1461774934602955,1.3604244495494093,0,1.1892922322990174,0.09319479936605132,0
T01043,R0026,Zone_10,0.9916445801113898,1.731353934665275,0.4552147328441439,2024-07-02,0.0,Aarav Kumar,26.0,Male,Surat,2026-01-25 00:03:47.581311,0.5590549577479722,1.3809839546849962,3.17,2440.0,1.54,35.4,Industrial,Low,0,Tuesday,July,1,True,False,False,True,False,False,False,False,False,False,False,False,0.0,Low,5.109756384964063,2.590767040487478,10.929775843996069,0.42330882555669486,-0.7222918137030796,0,-1.4586486170443431,0.4906485309116225,0
T01044,R0077,Zone_9,0.6438490587348824,0.8518549481319615,-0.3670044637604174,2023-08-16,1.0,Reyansh Das,28.0,Male,Mumbai,2025-06-03 00:03:47.581311,2.5127736132821092,-0.026056301031792503,3.79,11037.0,1.83,56.1,Mixed,Low,0,Wednesday,August,1,False,False,True,False,False,False,False,False,False,False,False,True,0.0,Low,4.635214307336468,2.47232786758114,9.459386872308373,1.4133246098594512,1.137265784680176,0,-0.6164464062019804,-0.5881544547120707,0
T01045,R0124,Zone_10,-0.2851617970224995,-0.49467618868855595,-0.5293986675001486,2023-01-12,1.0,Aadhya Das,37.0,Female,Hyderabad,2024-06-21 00:03:47.581311,-1.0039199666793377,1.3809839546849962,3.59,2440.0,1.54,35.4,Industrial,Low,0,Thursday,January,0,True,False,False,True,False,False,False,False,False,False,False,False,0.0,Low,4.507447097459476,2.063058062429312,6.601514977639602,0.25005606330371205,-0.04340549814636548,0,0.6218763360111543,1.7625004718574506,0
T01046,R0121,Zone_9,-1.183828077089314,-1.2316012901467561,-1.3198222352171574,2023-12-02,0.0,Diya Iyer,29.0,Male,Pune,2023-09-10 00:03:47.581311,0.9497986888547996,0.6774638268266019,4.17,11037.0,1.83,56.1,Mixed,Low,0,Saturday,December,1,False,False,True,False,False,False,False,False,False,False,False,True,0.0,Low,3.4187098067467865,1.3912819026309295,4.296510211788167,-0.8713725304630427,-0.5874988696383137,0,1.6389425652063805,-0.02604132009762001,0
T01047,R0117,Zone_6,0.7535563708469352,1.092118347054838,-0.35544241689221634,2023-09-22,1.0,Aadhya Gupta,21.0,Female,Ahmedabad,2024-10-01 00:03:47.581311,-1.0039199666793377,-1.4330965567485814,3.16,14627.0,0.54,37.6,Mixed,Low,0,Friday,September,0,False,False,True,False,False,False,False,False,True,False,False,False,0.0,Low,4.6437175956003305,2.511223958105374,9.882813364624468,-1.3280762404836604,-1.0474329626479704,0,0.25787368556233664,-1.0991663952706623,0
T01048,R0231,Zone_7,-0.9434056696948154,-0.6049802643845286,-1.121690795702987,2023-02-07,1.0,Ishaan Nair,19.0,Male,Mumbai,2023-10-10 00:03:47.581311,-0.22243250446568272,1.3809839546849962,4.81,11070.0,0.64,45.2,Industrial,Low,0,Tuesday,February,1,True,False,False,False,False,False,False,False,False,True,False,False,0.0,Low,3.820126990723609,1.6193882432872684,6.3103090257134005,0.22294848825732738,-0.8422150340045316,0,1.5318829621331986,0.9448813669637038,0
T01049,R0270,Zone_9,-0.9760844435154268,-0.7361130352252194,-0.5893110921808261,2023-11-25,0.0,Aadhya Reddy,35.0,Female,Hyderabad,2023-11-05 00:03:47.581311,0.16831122664114473,1.3809839546849962,3.08,11037.0,1.83,56.1,Mixed,Low,0,Saturday,November,0,True,False,False,False,False,False,False,False,False,False,False,True,0.0,Low,4.455857782801083,1.5912739418064292,5.9455865984779,-0.4193831813200574,0.17513261256299836,0,1.439097972803108,0.6893753966844082,0
T01050,R0032,Zone_4,-0.7846801968518455,-0.8927682916657763,-0.792041073063031,2023-07-22,1.0,Kavya Reddy,18.0,Female,Mumbai,2025-08-09 00:03:47.581311,-0.6131762355725101,-1.4330965567485814,4.0,4038.0,2.46,48.2,Business,Low,0,Saturday,July,0,False,True,False,False,False,False,True,False,False,False,False,False,0.0,Low,4.258445572902527,1.7457155307266483,5.478138369920935,0.09035708857392151,1.2079651822979531,0,-0.8555461863987529,-1.0991663952706623,0
T01051,R0135,Zone_8,0.04629433744370192,-0.06783461917355525,0.3097694387180255,2023-01-18,1.0,Reyansh Patel,38.0,Male,Ahmedabad,2024-02-14 00:03:47.581311,0.16831122664114473,-0.026056301031792503,3.47,4516.0,1.93,31.0,Business,Low,0,Wednesday,January,1,False,True,False,False,False,False,False,False,False,False,True,False,0.0,Low,5.040582370464208,2.2289385528257473,7.624303246854758,0.13750069735024334,-0.1852135518341216,0,1.078663975790063,-0.204895499293127,0
T01052,R0246,Zone_10,-0.9504082640849465,-0.8032929111145218,-0.5594862667367168,2023-12-24,0.0,Vivaan Das,29.0,Male,Mumbai,2023-11-28 00:03:47.581311,1.7312861510684545,-1.4330965567485814,4.79,2440.0,1.54,35.4,Industrial,Low,0,Sunday,December,1,False,True,False,True,False,False,False,False,False,False,False,False,0.0,Low,4.481871969643598,1.6134299337036377,5.749782604586021,-0.6560833837178401,-0.025472894620583223,0,1.3570189437803353,-1.0991663952706623,0
T01053,R0105,Zone_5,-1.347221946192371,-1.2723785947258524,-1.4431945307767104,2024-07-07,1.0,Diya Das,31.0,Male,Jaipur,2024-08-12 00:03:47.581311,1.7312861510684545,1.3809839546849962,3.69,2590.0,1.31,43.9,Business,Low,0,Sunday,July,1,False,False,True,False,False,False,False,True,False,False,False,False,0.0,Low,3.051166980442092,1.199964782928397,4.13158565202272,-0.0933065539504982,-0.6788422080277071,0,0.4363063573509728,0.09319479936605132,0
T01054,R0231,Zone_7,-0.789348593111933,-0.5204920361918686,-0.4116760084784663,2023-07-04,1.0,Ishaan Nair,19.0,Male,Mumbai,2025-02-24 00:03:47.581311,-0.22243250446568272,-0.026056301031792503,4.81,11070.0,0.64,45.2,Industrial,Low,0,Tuesday,July,1,False,False,True,False,False,False,False,False,False,True,False,False,0.0,Low,4.6016640466588035,1.742219023667919,6.534523701081817,0.22294848825732738,-0.8422150340045316,0,-0.2631497160604809,-0.07714251415347918,0
T01055,R0119,Zone_6,-0.23614363629158233,-0.7340595019010923,-0.5497636364157297,2023-08-10,1.0,Saanvi Iyer,47.0,Female,Hyderabad,2026-03-20 00:03:47.581311,-1.0039199666793377,-0.026056301031792503,4.39,14627.0,0.54,37.6,Mixed,Low,0,Thursday,August,0,False,False,False,False,False,False,False,False,True,False,False,False,0.0,Low,4.49020816751841,2.089391872533004,5.951470406546604,-1.3233618796060276,-1.5259442412456272,0,-1.65135590257607,0.3316670382933942,0
T01056,R0266,Zone_7,0.5084655671923494,0.4138656262859847,0.5022512416943251,2024-02-26,1.0,Diya Reddy,29.0,Male,Chennai,2025-07-04 00:03:47.581311,0.5590549577479722,-1.4330965567485814,3.9,11070.0,0.64,45.2,Industrial,Low,0,Monday,February,1,False,False,True,False,False,False,False,False,False,True,False,False,0.0,Low,5.131140547080535,2.422144328051685,8.634234187233979,0.009492704075647248,0.28501916284195544,0,-0.7270746627109349,-1.0991663952706623,0
T01057,R0282,Zone_3,0.05796532809392045,0.0430561803293107,0.18849933349814546,2024-02-09,0.0,Reyansh Kumar,22.0,Male,Bengaluru,2025-01-20 00:03:47.581311,0.5590549577479722,1.3809839546849962,4.47,12971.0,2.11,38.0,Business,Low,0,Friday,February,1,False,True,False,False,False,True,False,False,False,False,False,False,0.0,Low,4.979007018638079,2.234306252240751,7.868290792796107,1.3124896688656529,0.8859312494478517,0,-0.1382468458084356,0.4906485309116225,0
T01058,R0192,Zone_2,-1.2818643985511482,-1.3207833087945637,-1.29236237390518,2023-06-09,0.0,Aadhya Nair,31.0,Female,Delhi,2023-11-15 00:03:47.581311,-1.7854074288929924,0.6774638268266019,3.89,6371.0,0.91,58.4,Residential,Low,0,Friday,June,0,False,True,False,False,True,False,False,False,False,False,False,False,0.0,Low,3.484925597192868,1.2809338454620642,3.9268307832143723,-1.3347549183936385,-1.76019748300178,0,1.4034114384453806,2.4779171886394784,0
T01059,R0164,Zone_8,0.2447011784974145,0.7142682154154424,0.39753588539936896,2024-06-12,1.0,Aadhya Ghosh,37.0,Male,Ahmedabad,2025-06-17 00:03:47.581311,1.7312861510684545,1.3809839546849962,4.02,4516.0,1.93,31.0,Business,Low,0,Wednesday,June,1,False,False,False,False,False,False,False,False,False,False,True,False,0.0,Low,5.082893938248965,2.316487998163037,9.208148565265441,0.1561617091575382,0.5640717761302595,0,-0.6664075543027986,0.09319479936605132,0
T01060,R0285,Zone_5,0.3544084906094669,0.8732703670835729,-0.49747165171636637,2023-12-07,0.0,Diya Iyer,29.0,Male,Chennai,2026-02-05 00:03:47.581311,0.5590549577479722,-0.7295764288901869,4.97,2590.0,1.31,43.9,Business,Low,0,Thursday,December,1,False,False,False,False,False,False,False,True,False,False,False,False,0.0,Low,4.533888983983128,2.3617969526258915,9.497894503520241,-0.6505178187928573,-0.1994641410159006,0,-1.497903804837843,-0.701712663725091,0
T01061,R0172,Zone_9,-0.5512603838474782,-0.33743420844110555,-0.21393872965298463,2023-07-10,1.0,Reyansh Reddy,31.0,Male,Pune,2026-04-07 00:03:47.581311,1.3405424199616272,0.6774638268266019,3.72,11037.0,1.83,56.1,Mixed,Low,0,Monday,July,1,True,False,False,False,False,False,False,False,False,False,False,True,0.0,Low,4.742320024135325,1.9065751436566365,6.99571297295708,-0.22277290380971576,-0.04607998782176537,0,-1.7155916644199791,-0.12359814511335115,0
T01062,R0127,Zone_4,-0.9504082640849465,-1.1717554618436221,-0.39853731885551075,2023-02-03,0.0,Vivaan Kumar,38.0,Male,Chennai,2024-01-18 00:03:47.581311,0.5590549577479722,-0.026056301031792503,4.83,4038.0,2.46,48.2,Business,Low,0,Friday,February,1,False,False,True,False,False,False,True,False,False,False,False,False,0.0,Low,4.611649152085801,1.6134299337036377,4.527692569068709,-0.1319381222533172,0.8470359557790273,0,1.1750176185559265,-0.3042589321795199,0
T01063,R0226,Zone_5,-0.9504082640849465,-0.861965291803869,-1.0929170654287141,2024-08-09,1.0,Aarav Iyer,20.0,Male,Surat,2025-11-28 00:03:47.581311,-0.22243250446568272,0.6774638268266019,3.25,2590.0,1.31,43.9,Business,Low,0,Friday,August,1,False,False,False,False,False,False,False,True,False,False,False,False,0.0,Low,3.86702563949741,1.6134299337036377,5.573149917237109,-0.28889640702845243,-0.015119442815375127,0,-1.251666717769525,0.43386942640511234,0
T01064,R0183,Zone_2,-0.6422941109191815,-0.9884042721894122,-0.5837928425391847,2023-01-17,1.0,Arjun Patel,43.0,Female,Jaipur,2025-11-01 00:03:47.581311,0.16831122664114473,-0.026056301031792503,3.79,6371.0,0.91,58.4,Residential,Low,0,Tuesday,January,0,False,True,False,False,True,False,False,False,False,False,False,False,0.0,Low,4.4607222816222185,1.8468787684491346,5.172040216394301,-0.5121971610984408,-0.7742623902294132,0,-1.1553130750036615,-0.204895499293127,0
T01066,R0250,Zone_1,-1.0601155761969991,-1.2254406901743746,-0.8882162811030659,2024-03-02,0.0,Aadhya Iyer,34.0,Male,Jaipur,2026-01-21 00:03:47.581311,0.5590549577479722,-0.026056301031792503,4.63,4921.0,2.43,30.9,Residential,Low,0,Saturday,March,1,True,False,False,False,False,False,False,False,False,False,False,False,0.0,Low,4.149148354262775,1.5151272329628591,4.32087954009366,0.16336420494280862,-0.12729298704116868,0,-1.4443740033012522,-0.3042589321795199,0
T01067,R0029,Zone_9,0.2890509429682442,0.6520754918847343,0.10730223162827977,2023-09-09,0.0,Kavya Iyer,30.0,Male,Surat,2023-10-30 00:03:47.581311,-1.0039199666793377,0.6774638268266019,3.69,11037.0,1.83,56.1,Mixed,Low,0,Saturday,September,1,False,False,True,False,False,False,False,False,False,False,False,True,0.0,Low,4.9355524879719,2.3350522831315472,9.092304438369846,0.17344769904218865,0.7154824497705309,0,1.4605098934177443,1.0470837550754222,0
T01068,R0116,Zone_10,-0.8547061407531559,-0.8728196822313983,-0.8252819578091086,2023-05-27,0.0,Ishaan Kumar,34.0,Male,Bengaluru,2024-07-03 00:03:47.581311,-1.0039199666793377,-0.026056301031792503,4.58,2440.0,1.54,35.4,Industrial,Low,0,Saturday,May,1,False,False,False,True,False,False,False,False,False,False,False,False,0.0,Low,4.222004585374694,1.691939133945844,5.539855593785816,1.1964640094883718,0.953614202396776,0,0.5790524947818817,0.3316670382933942,0
T01069,R0218,Zone_6,-0.6119495352286138,-0.8211879872247727,-0.22339858618151265,2023-10-15,0.0,Arjun Reddy,34.0,Male,Delhi,2025-02-18 00:03:47.581311,-0.6131762355725101,-0.026056301031792503,3.87,14627.0,0.54,37.6,Mixed,Low,0,Sunday,October,1,True,False,False,False,False,False,False,False,True,False,False,False,0.0,Low,4.736022994406854,1.8671761085128091,5.6964901474504455,0.146340123995804,-0.29986101093443934,0,-0.24173779544584456,0.09319479936605132,0
T01070,R0029,Zone_9,-0.8453693482329812,-0.8170809205765184,-1.2274572471677794,2024-01-01,0.0,Kavya Iyer,30.0,Male,Surat,2026-01-31 00:03:47.581311,-1.0039199666793377,-0.7295764288901869,3.69,11037.0,1.83,56.1,Mixed,Low,0,Monday,January,1,False,True,False,False,False,False,False,False,False,False,False,True,0.0,Low,3.6259396543400624,1.6992786164338898,5.708765190476834,0.17344769904218865,0.7154824497705309,0,-1.4800605376589795,-0.383749678488634,0
T01071,R0286,Zone_5,0.9146160418199486,1.7251933346928938,0.023871552522511802,2024-06-04,0.0,Ishaan Nair,26.0,Female,Pune,2025-08-20 00:03:47.581311,-0.6131762355725101,1.3809839546849962,4.48,2590.0,1.31,43.9,Business,Low,0,Tuesday,June,0,False,False,False,False,False,False,False,True,False,False,False,False,0.0,Low,4.888844237042334,2.565718292524414,10.920164833920778,-0.6177792015870784,-0.7890822684120105,0,-0.8948013741922528,1.285555994002765,0
T01072,R0112,Zone_6,0.42210023638073363,0.22347375094905336,0.1295066170910747,2024-05-10,1.0,Meera Nair,41.0,Male,Delhi,2026-02-27 00:03:47.581311,0.9497986888547996,1.3809839546849962,3.24,14627.0,0.54,37.6,Mixed,Low,0,Friday,May,1,False,False,False,False,False,False,False,False,True,False,False,False,0.0,Low,4.947624494286852,2.388762789235098,8.249848483457136,0.5075780262443694,-0.49438155326572436,0,-1.5764141804248428,0.3316670382933942,0
T01073,R0121,Zone_10,-0.17312028678040325,0.3666343598310603,-0.5292672806039189,2023-12-01,0.0,Diya Iyer,29.0,Female,Pune,2024-08-04 00:03:47.581311,0.9497986888547996,-0.7295764288901869,4.17,2440.0,1.54,35.4,Industrial,Low,0,Friday,December,0,False,False,True,True,False,False,False,False,False,False,False,False,0.0,Low,4.507557357121091,2.122261538862764,8.54049178911847,-0.8713725304630427,-0.5874988696383137,0,0.46485558483715456,-0.7414580368796482,0
T01074,R0109,Zone_10,0.5644863223133976,0.2489962365489195,0.9607915095354754,2023-08-11,0.0,Vivaan Kumar,35.0,Female,Delhi,2023-09-29 00:03:47.581311,-1.394663697786165,0.6774638268266019,3.35,2440.0,1.54,35.4,Industrial,Low,0,Friday,August,0,True,False,False,True,False,False,False,False,False,False,False,False,0.0,Low,5.318659064205951,2.4432162227337915,8.302409288875127,1.6018990449647397,1.4086395550864725,0,1.5711381499266988,1.5836462926619435,0
T01075,R0240,Zone_7,0.8469242960486822,0.8148913482976726,0.1718131976769917,2024-05-16,0.0,Aarav Iyer,30.0,Male,Delhi,2024-02-04 00:03:47.581311,0.16831122664114473,-1.4330965567485814,4.07,11070.0,0.64,45.2,Industrial,Low,0,Thursday,May,1,False,True,False,False,False,False,False,False,False,True,False,False,0.0,Low,4.9702298794612165,2.543175557911976,9.392550239418473,2.0173520973060755,0.750380783728771,0,1.1143505101477902,-1.0991663952706623,0
T01076,R0257,Zone_1,-1.0134316135961257,-1.1262843668093778,-0.7766688062041729,2023-11-10,0.0,Arjun Reddy,36.0,Male,Delhi,2025-07-26 00:03:47.581311,-0.22243250446568272,-1.4330965567485814,4.82,4921.0,2.43,30.9,Residential,Low,0,Friday,November,1,True,False,False,False,False,False,False,False,False,False,False,False,0.0,Low,4.274858931480352,1.55814461804655,4.695742752749559,-0.044759861579643505,-0.5139740146293771,0,-0.8055850382979348,-1.0991663952706623,0
T01077,R0241,Zone_4,0.6181728793044021,0.18298980827340397,0.9998134177156536,2024-06-27,1.0,Kavya Gupta,34.0,Male,Chennai,2025-10-20 00:03:47.581311,-1.7854074288929924,-1.4330965567485814,3.28,4038.0,2.46,48.2,Business,Low,0,Thursday,June,1,False,False,True,False,False,False,True,False,False,False,False,False,0.0,Low,5.333105192033701,2.4630018143999504,8.165782265037441,1.0440330077782647,1.9203109997737413,0,-1.112489233774389,-1.0991663952706623,0
T01078,R0091,Zone_6,-0.8593745370132431,-1.097534900271598,-0.5735446646332794,2023-06-01,1.0,Meera Das,41.0,Male,Surat,2025-10-30 00:03:47.581311,-0.22243250446568272,-0.7295764288901869,3.4,14627.0,0.54,37.6,Mixed,Low,0,Thursday,June,1,False,True,False,False,False,False,False,False,True,False,False,False,0.0,Low,4.469694046425642,1.6882490928583902,4.798958220280731,-0.5692325092162233,-0.029616636449121925,0,-1.148175768132116,-0.5881544547120707,0
T01079,R0030,Zone_5,0.9566316081607347,1.2091697465300855,1.3292003665631504,2023-05-18,0.0,Saanvi Patel,25.0,Female,Mumbai,2024-06-26 00:03:47.581311,1.3405424199616272,-0.7295764288901869,3.72,2590.0,1.31,43.9,Business,Low,0,Thursday,May,0,False,False,False,False,False,False,False,True,False,False,False,False,0.0,Low,5.447383714465931,2.579458966729223,10.08265837961398,-0.4263475780711049,0.3973443902703131,0,0.6040330688322908,-0.7739769785515586,0
T01080,R0194,Zone_2,0.8422558997885946,1.0199513188069407,-0.27726721363563067,2023-11-19,0.0,Arjun Iyer,30.0,Male,Jaipur,2023-12-24 00:03:47.581311,-0.6131762355725101,-0.026056301031792503,4.06,6371.0,0.91,58.4,Residential,Low,0,Sunday,November,1,True,False,False,False,True,False,False,False,False,False,False,False,0.0,Low,4.699388861227073,2.5416019934645457,9.757561170702441,-0.48518780190367305,-0.5252994552585641,0,1.2642339544502446,0.09319479936605132,0
T01081,R0212,Zone_3,0.4501106139412575,0.5464652066439092,1.13395943876603,2024-06-18,1.0,Aadhya Iyer,36.0,Male,Ahmedabad,2025-04-09 00:03:47.581311,-0.6131762355725101,-1.4330965567485814,3.22,12971.0,2.11,38.0,Business,Low,0,Tuesday,June,1,False,False,False,False,False,True,False,False,False,False,False,False,0.0,Low,5.381232866875345,2.3997118037247684,8.892131353055914,-0.8888549520509287,-0.1046132478150123,0,-0.4201704672344807,-1.0991663952706623,0
T01082,R0134,Zone_1,-0.26648821198215006,-0.0874898667044866,0.25235336506570943,2024-03-05,0.0,Aadhya Singh,34.0,Male,Jaipur,2024-02-09 00:03:47.581311,-0.22243250446568272,0.6774638268266019,4.59,4921.0,2.43,30.9,Residential,Low,0,Tuesday,March,1,True,False,False,False,False,False,False,False,False,False,False,False,0.0,Low,5.01190115921749,2.0731719286662407,7.58023746329889,-0.06917351612452413,0.824112235552521,0,1.0965072429689264,0.43386942640511234,0
T01083,R0136,Zone_7,-0.6352915165290505,-0.32569973230323596,-0.7883622399686033,2024-01-11,0.0,Diya Ghosh,34.0,Male,Hyderabad,2026-02-19 00:03:47.581311,-1.394663697786165,0.6774638268266019,3.82,11070.0,0.64,45.2,Industrial,Low,0,Thursday,January,1,False,False,False,False,False,False,False,False,False,True,False,False,0.0,Low,4.2623981472183505,1.851599469584072,7.024243731534378,-0.8112644292732323,-1.4638825580757535,0,-1.5478649529386612,1.5836462926619435,0
T01084,R0177,Zone_10,-0.3295115614933294,-0.44069759845435647,0.20268911829093728,2023-06-15,1.0,Ishaan Reddy,34.0,Male,Bengaluru,2024-05-24 00:03:47.581311,1.3405424199616272,-1.4330965567485814,4.48,2440.0,1.54,35.4,Industrial,Low,0,Thursday,June,1,False,False,False,True,False,False,False,False,False,False,False,False,0.0,Low,4.986410905205391,2.038619547159581,6.739436178197699,0.5084887550502762,0.11712398326918608,0,0.7217986322127906,-1.0991663952706623,0
T01085,R0013,Zone_2,0.8772688717392497,0.35842022653455163,1.1302806056716024,2023-12-03,1.0,Ishaan Gupta,43.0,Male,Kolkata,2025-02-19 00:03:47.581311,0.5590549577479722,-1.4330965567485814,3.91,6371.0,0.91,58.4,Residential,Low,0,Sunday,December,1,False,False,False,False,True,False,False,False,False,False,False,False,0.0,Low,5.379943435427982,2.553343811341229,8.524083528450435,0.5031910515387956,0.9648604147871388,0,-0.2453064488816173,-1.0991663952706623,0
T01086,R0151,Zone_1,-0.8173589706724571,-0.9790166912791166,-1.0676907813526393,2023-07-22,0.0,Meera Reddy,34.0,Female,Hyderabad,2024-03-19 00:03:47.581311,-0.22243250446568272,-1.4330965567485814,5.0,4921.0,2.43,30.9,Residential,Low,0,Saturday,July,0,False,True,False,False,False,False,False,False,False,False,False,False,0.0,Low,3.9064072666425105,1.7209792871670078,5.202883815731425,0.5276982449899783,0.6015543411035054,0,0.9573297589737904,-1.0991663952706623,0
T01087,R0081,Zone_10,0.03695754492352742,-0.028230762208246083,0.7345432742281798,2023-08-25,1.0,Diya Reddy,42.0,Female,Mumbai,2024-11-23 00:03:47.581311,-0.6131762355725101,-0.7295764288901869,3.9,2440.0,1.54,35.4,Industrial,Low,0,Friday,August,0,False,False,False,True,False,False,False,False,False,False,False,False,0.0,Low,5.230520208482211,2.224623551524334,7.712327793863536,0.429201776653735,0.1772399000740926,0,0.06873505346638233,-0.5029857979523055,1
T01088,R0193,Zone_7,-1.7160252507392713,-1.6115049551102791,-1.486158045843775,2024-03-18,0.0,Kavya Singh,33.0,Male,Chennai,2025-05-08 00:03:47.581311,-0.22243250446568272,-0.7295764288901869,4.41,11070.0,0.64,45.2,Industrial,Low,0,Monday,March,1,False,True,False,False,False,False,False,False,False,True,False,False,0.0,Low,2.8831233291713367,0.5538851132264376,2.3473389188611002,-0.046443561893082935,0.49832676689057426,0,-0.5236614168718897,-0.5881544547120707,0
T01089,R0118,Zone_7,0.2820483485781133,-0.2608667516415075,-0.6379242437857617,2024-05-07,1.0,Reyansh Gupta,29.0,Male,Surat,2025-12-08 00:03:47.581311,-1.7854074288929924,-0.7295764288901869,4.13,11070.0,0.64,45.2,Industrial,Low,0,Tuesday,May,1,False,False,True,False,False,False,False,False,False,True,False,False,0.0,Low,4.411949448325136,2.33214389523559,7.179832867135557,-1.6313667902779962,-1.9236017903980045,0,-1.2873532521272524,0.09319479936605132,0
T01090,R0130,Zone_1,-1.2305120396901872,-1.1327383286852062,-1.1998659989595728,2023-03-20,1.0,Diya Ghosh,27.0,Male,Pune,2025-03-01 00:03:47.581311,0.16831122664114473,1.3809839546849962,3.62,4921.0,2.43,30.9,Residential,Low,0,Monday,March,1,False,False,False,False,False,False,False,False,False,False,False,False,0.0,Low,3.68034312309165,1.340250422618484,4.672258554489466,-1.0189909554439003,-0.5498156106163926,0,-0.2809929832393445,0.6893753966844082,0
T01091,R0189,Zone_10,-1.5596339760263451,-1.5258432793038321,-1.486158045843775,2024-01-12,1.0,Reyansh Gupta,29.0,Female,Delhi,2023-10-03 00:03:47.581311,0.16831122664114473,0.6774638268266019,3.28,2440.0,1.54,35.4,Industrial,Low,0,Friday,January,0,False,False,False,True,False,False,False,False,False,False,False,False,0.0,Low,2.8831233291713367,0.8796267475025636,2.903446228191595,0.537484753061849,1.283400565946733,0,1.5568635361836078,0.2422399486956406,0
T01092,R0037,Zone_7,0.583159907353747,-0.1831258472281224,0.015594178060049462,2024-04-13,1.0,Aadhya Iyer,32.0,Male,Ahmedabad,2025-04-12 00:03:47.581311,0.16831122664114473,0.6774638268266019,3.36,11070.0,0.64,45.2,Industrial,Low,0,Saturday,April,1,True,False,False,False,False,False,False,False,False,True,False,False,0.0,Low,4.884088972769716,2.4501426573516603,7.362064927722384,0.9838757986626461,1.0679200880966029,0,-0.4308764275417989,0.2422399486956406,0
T01093,R0234,Zone_6,0.22369339532702145,0.6632232442157101,0.16760881699764602,2024-03-24,1.0,Saanvi Nair,32.0,Female,Pune,2025-07-17 00:03:47.581311,0.5590549577479722,-0.026056301031792503,3.98,14627.0,0.54,37.6,Mixed,Low,0,Sunday,March,0,False,False,True,False,False,False,False,False,True,False,False,False,0.0,Low,4.968006112040297,2.307572634505085,9.113177272499422,-0.6131957951782692,-0.14727319455376647,0,-0.7734671573759803,-0.3042589321795199,0
T01094,R0126,Zone_4,-0.5395893931972598,-0.2309438374899404,-0.5751213073880341,2023-04-22,0.0,Diya Reddy,29.0,Male,Surat,2024-07-09 00:03:47.581311,-0.6131762355725101,-0.7295764288901869,3.65,4038.0,2.46,48.2,Business,Low,0,Saturday,April,1,False,False,True,False,False,False,True,False,False,False,False,False,0.0,Low,4.468319003238894,1.9139771019523042,7.250517222929686,-1.2620751881968093,-1.9879498116518113,0,0.5576405741672453,-0.5029857979523055,0
T01095,R0188,Zone_3,-0.37386132596415905,-0.3127918085515797,-0.7735155206946636,2023-11-03,0.0,Vivaan Gupta,24.0,Male,Delhi,2024-08-17 00:03:47.581311,-1.394663697786165,1.3809839546849962,3.15,12971.0,2.11,38.0,Business,Low,0,Friday,November,1,False,False,True,False,False,True,False,False,False,False,False,False,0.0,Low,4.2781927309286685,2.0135687975291283,7.055494312945054,-1.1663147328699053,-0.44205471200984636,0,0.4184630901721092,2.4779171886394784,0
T01097,R0021,Zone_7,-0.24781462694180068,-0.13149415222149696,0.5391709595348303,2024-07-02,1.0,Diya Ghosh,37.0,Male,Pune,2025-03-31 00:03:47.581311,-1.394663697786165,1.3809839546849962,3.91,11070.0,0.64,45.2,Industrial,Low,0,Tuesday,July,1,False,True,False,False,False,False,False,False,False,True,False,False,0.0,Low,5.147610749123333,2.0831845279586703,7.4806416837060175,0.3467004612951715,0.5515933285155454,0,-0.3880525863125262,2.4779171886394784,1
T01098,R0259,Zone_6,-0.2571514194619754,-0.5994063882190406,-0.9370922065004608,2023-11-06,0.0,Aadhya Das,32.0,Male,Jaipur,2026-01-31 00:03:47.581311,0.16831122664114473,0.6774638268266019,3.52,14627.0,0.54,37.6,Mixed,Low,0,Monday,November,1,True,False,False,False,False,False,False,False,True,False,False,False,0.0,Low,4.088661779086602,2.0781907597781832,6.325345840347388,1.105417915039101,0.6900958331662902,0,-1.4800605376589795,0.2422399486956406,0
T01099,R0198,Zone_8,0.739551182066673,0.45874999751333534,0.1980905769229029,2024-01-26,1.0,Vivaan Kumar,31.0,Female,Mumbai,2023-10-04 00:03:47.581311,-1.394663697786165,-0.7295764288901869,3.85,4516.0,1.93,31.0,Business,Low,0,Friday,January,0,False,False,False,False,False,False,False,False,False,False,True,False,0.0,Low,4.984017496191964,2.506341930508065,8.72238499494261,0.9934518441953362,0.5667162153598685,0,1.553294882747835,-0.204895499293127,0
T01100,R0151,Zone_1,0.0813073093943571,0.632420244353803,-0.5141577875375202,2023-06-13,0.0,Meera Reddy,34.0,Female,Hyderabad,2023-10-05 00:03:47.581311,-0.22243250446568272,-0.026056301031792503,5.0,4921.0,2.43,30.9,Residential,Low,0,Tuesday,June,0,True,False,False,False,False,False,False,False,False,False,False,False,0.0,Low,4.520156811661135,2.244955980157409,9.055385138137417,0.5276982449899783,0.6015543411035054,0,1.5497262293120624,-0.07714251415347918,0
T01101,R0228,Zone_2,1.13169646791401,1.968390352650238,2.026996172438322,2024-06-15,1.0,Kavya Ghosh,21.0,Male,Pune,2023-10-12 00:03:47.581311,-1.394663697786165,-0.7295764288901869,4.84,6371.0,0.91,58.4,Residential,Low,0,Saturday,June,1,True,False,False,False,True,False,False,False,False,False,False,False,0.0,Low,5.6534010450952765,2.6347624053323777,11.2933608815091,0.8947449133199121,1.0132958902600024,0,1.5247456552616532,-0.204895499293127,1
T01102,R0291,Zone_5,0.3030561317485063,0.11610329428754818,0.7059009308501368,2024-02-02,1.0,Arjun Ghosh,23.0,Male,Pune,2025-08-09 00:03:47.581311,-0.6131762355725101,-1.4330965567485814,3.46,2590.0,1.31,43.9,Business,Low,0,Friday,February,1,False,False,True,False,False,False,False,True,False,False,False,False,0.0,Low,5.218787027591229,2.340843805111136,8.024961059095553,-0.20625478331043567,0.15371540942736683,0,-0.8555461863987529,-1.0991663952706623,0
T01103,R0005,Zone_9,0.8679320792190752,0.23990201754207063,1.0691856989248592,2023-06-01,1.0,Diya Reddy,27.0,Female,Ahmedabad,2023-12-06 00:03:47.581311,-0.22243250446568272,-0.7295764288901869,3.53,11037.0,1.83,56.1,Mixed,Low,0,Thursday,June,0,True,False,False,False,False,False,False,False,False,False,False,True,0.0,Low,5.3582829477154705,2.550226115908643,8.283718971573094,-0.45305718758885805,0.0782387064156245,0,1.3284697162941534,-0.5881544547120707,0
T01104,R0013,Zone_9,0.4967945765421312,1.1194010040753841,1.3640178940639827,2023-08-18,0.0,Ishaan Gupta,43.0,Female,Kolkata,2024-02-19 00:03:47.581311,0.5590549577479722,-1.4330965567485814,3.91,11037.0,1.83,56.1,Mixed,Low,0,Friday,August,0,False,True,False,False,False,False,False,False,False,False,False,True,0.0,Low,5.458734087953942,2.4176979000945504,9.929753269845127,0.5031910515387956,0.9648604147871388,0,1.0608207086111994,-1.0991663952706623,1
T01105,R0170,Zone_8,0.7325485876765422,1.3133132222536765,0.4649373631651311,2023-01-14,0.0,Saanvi Kumar,29.0,Female,Bengaluru,2026-03-02 00:03:47.581311,-0.22243250446568272,-1.4330965567485814,3.68,4516.0,1.93,31.0,Business,Low,0,Saturday,January,0,True,False,False,False,False,False,False,False,False,False,True,False,0.0,Low,5.1142142236716515,2.503891949699081,10.257192598367254,-0.26364090232685156,0.24261893781325272,0,-1.5871201407321611,-1.0991663952706623,0
T01106,R0196,Zone_10,-0.07041556905848155,-0.32804662753081,0.8454338146459254,2023-12-04,1.0,Vivaan Das,18.0,Female,Hyderabad,2025-04-02 00:03:47.581311,1.7312861510684545,-0.026056301031792503,4.93,2440.0,1.54,35.4,Industrial,Low,0,Monday,December,0,True,False,False,True,False,False,False,False,False,False,False,False,0.0,Low,5.27469043591688,2.1736147116970854,7.018546858146634,-0.0564756095939968,-0.034067322116810524,0,-0.39518989318407166,-0.5029857979523055,1
T01107,R0095,Zone_10,0.2376985841072832,0.2830262173487408,0.2773168753493252,2023-03-25,1.0,Kavya Iyer,29.0,Male,Chennai,2026-03-04 00:03:47.581311,1.7312861510684545,0.6774638268266019,4.26,2440.0,1.54,35.4,Industrial,Low,0,Saturday,March,1,False,False,True,True,False,False,False,False,False,False,False,False,0.0,Low,5.024472450884278,2.3135250330323798,8.371977066380438,-0.125226705726133,-0.16477424028860577,0,-1.5942574476037066,-0.204895499293127,0
T01108,R0182,Zone_10,-0.33884835401350405,-0.0989309809389093,-0.8802016804330629,2023-11-06,0.0,Meera Patel,43.0,Female,Jaipur,2025-10-26 00:03:47.581311,-1.0039199666793377,-0.7295764288901869,4.4,2440.0,1.54,35.4,Industrial,Low,0,Monday,November,0,False,True,False,True,False,False,False,False,False,False,False,False,0.0,Low,4.158726821151369,2.033397603178429,7.554468876102409,1.0691762657923034,0.8879659985217454,0,-1.1339011543890254,-0.383749678488634,0
T01109,R0064,Zone_9,0.6835304269456248,1.0319791568482573,1.559784369446021,2023-09-26,0.0,Ishaan Nair,21.0,Male,Bengaluru,2023-09-11 00:03:47.581311,-1.0039199666793377,-1.4330965567485814,4.21,11037.0,1.83,56.1,Mixed,Low,0,Tuesday,September,1,True,False,False,False,False,False,False,False,False,False,False,True,0.0,Low,5.520260197285728,2.4865719291070616,9.778547949465707,1.8977251900361591,2.3598608737218316,0,1.6353739117706076,-1.0991663952706623,1
T01110,R0192,Zone_8,-1.5923127498469567,-1.4657040890972515,-1.4742018382868856,2023-01-03,0.0,Aadhya Nair,31.0,Female,Delhi,2025-09-14 00:03:47.581311,-1.7854074288929924,-0.7295764288901869,3.89,4516.0,1.93,31.0,Business,Low,0,Tuesday,January,0,False,True,False,False,False,False,False,False,False,False,True,False,0.0,Low,2.932792473780117,0.8197798314933114,3.237282811247729,-1.3347549183936385,-1.76019748300178,0,-0.9840177100865709,0.09319479936605132,0
T01111,R0006,Zone_2,0.8259165128782892,1.6357179541416393,0.7015651632745613,2024-03-03,1.0,Aarav Das,45.0,Female,Jaipur,2024-12-07 00:03:47.581311,-0.22243250446568272,0.6774638268266019,4.64,6371.0,0.91,58.4,Residential,Low,0,Sunday,March,0,False,True,False,False,True,False,False,False,False,False,False,False,0.0,Low,5.216998845370449,2.5360749363624,10.779610382569492,0.5554793001617393,0.8761982439499878,0,0.01877390536556421,0.43386942640511234,0
T01112,R0218,Zone_5,1.1433674585642286,0.4566964641892084,-0.2809460467300583,2024-01-26,0.0,Arjun Reddy,34.0,Female,Delhi,2024-06-03 00:03:47.581311,-0.6131762355725101,0.6774638268266019,3.87,2590.0,1.31,43.9,Business,Low,0,Friday,January,0,False,False,True,False,False,False,False,True,False,False,False,False,0.0,Low,4.696837374513915,2.63834278867739,8.718371407550839,0.146340123995804,-0.29986101093443934,0,0.6861120978550634,0.6893753966844082,0
T01113,R0294,Zone_7,0.8445900979186386,0.24870287464547264,1.4777989461987782,2024-07-21,0.0,Arjun Reddy,24.0,Female,Surat,2026-03-06 00:03:47.581311,-0.22243250446568272,1.3809839546849962,3.2,11070.0,0.64,45.2,Industrial,Low,0,Sunday,July,0,True,False,False,False,False,False,False,False,False,True,False,False,0.0,Low,5.49495265798145,2.542389085201363,8.301807032206904,0.003225597353399086,-0.35171877904125626,0,-1.601394754475252,0.9448813669637038,0
T01114,R0002,Zone_7,-0.14277571108983533,0.1433859513080944,0.29045556497228076,2024-08-03,1.0,Ishaan Nair,39.0,Female,Mumbai,2025-04-10 00:03:47.581311,-0.22243250446568272,0.6774638268266019,4.12,11070.0,0.64,45.2,Industrial,Low,0,Saturday,August,0,False,False,True,False,False,False,False,False,False,True,False,False,0.0,Low,5.03102598374399,2.1377104498038118,8.082697569499926,1.603582745278179,1.2548252750750044,0,-0.42373912067025343,0.43386942640511234,0
T01115,R0060,Zone_3,0.5691547185734848,1.141109784930443,1.1201638146619268,2023-05-04,1.0,Aarav Nair,40.0,Male,Hyderabad,2024-03-18 00:03:47.581311,-0.6131762355725101,-0.026056301031792503,4.57,12971.0,2.11,38.0,Business,Low,0,Thursday,May,1,False,True,False,False,False,True,False,False,False,False,False,False,0.0,Low,5.376388901968192,2.4449523342809676,9.966945369570357,-0.1266999435003933,-0.26179210452486745,0,0.9608984124095631,0.09319479936605132,0
T01116,R0242,Zone_6,-0.9270662827845096,-0.8335091871695357,-0.9824206856996575,2024-05-28,1.0,Kavya Iyer,34.0,Male,Ahmedabad,2025-11-14 00:03:47.581311,-0.22243250446568272,-1.4330965567485814,4.54,14627.0,0.54,37.6,Mixed,Low,0,Tuesday,May,1,True,False,False,False,False,False,False,False,True,False,False,False,0.0,Low,4.029094677013983,1.6331544390514163,5.659505278732409,-2.5568407292322184,-2.7290224243301915,0,-1.2017055696687071,-1.0991663952706623,0
T01117,R0086,Zone_5,0.9566316081607347,1.1290819468891269,1.7560763924129774,2024-03-14,0.0,Vivaan Patel,23.0,Female,Hyderabad,2025-12-24 00:03:47.581311,-0.6131762355725101,1.3809839546849962,4.56,2590.0,1.31,43.9,Business,Low,0,Thursday,March,0,False,False,False,False,False,False,False,True,False,False,False,False,0.0,Low,5.578370411835326,2.579458966729223,9.946356116689167,1.5842201916736194,1.5382997160632135,0,-1.344451707099616,1.285555994002765,0
T01118,R0108,Zone_1,-1.3052063798515847,-1.2932072898705707,-1.303924420773381,2023-09-02,0.0,Reyansh Gupta,18.0,Female,Pune,2024-12-20 00:03:47.581311,-0.22243250446568272,-0.026056301031792503,4.88,4921.0,2.43,30.9,Residential,Low,0,Saturday,September,0,True,False,False,False,False,False,False,False,False,False,False,False,0.0,Low,3.457577715098263,1.252762968495368,4.044749683231337,-1.0979144076364031,-0.16523859122475718,0,-0.027618589299481185,-0.07714251415347918,0
T01119,R0280,Zone_2,0.6718594362954067,-0.11623933324226682,0.6404702565278177,2023-02-14,1.0,Saanvi Gupta,26.0,Male,Chennai,2025-02-02 00:03:47.581311,-0.6131762355725101,-0.7295764288901869,4.43,6371.0,0.91,58.4,Residential,Low,0,Tuesday,February,1,False,False,True,False,True,False,False,False,False,False,False,False,0.0,Low,5.1914557247639435,2.482403519569882,7.515317691222374,0.21803769567645975,-0.24570509921141584,0,-0.184639340473481,-0.5029857979523055,0
T01120,R0172,Zone_9,0.5994992942640527,-0.10655839042852437,1.5042077123409188,2023-05-13,0.0,Reyansh Reddy,31.0,Female,Pune,2026-02-26 00:03:47.581311,1.3405424199616272,-1.4330965567485814,3.72,11037.0,1.83,56.1,Mixed,Low,0,Saturday,May,0,False,True,False,False,False,False,False,False,False,False,False,True,0.0,Low,5.503174740174929,2.4561641809223462,7.5372408744845085,-0.22277290380971576,-0.04607998782176537,0,-1.5728455269890702,-1.0991663952706623,1
T01121,R0292,Zone_5,0.45244481207130116,0.835720043442391,0.3494482813793515,2024-03-23,0.0,Diya Patel,37.0,Female,Jaipur,2024-09-16 00:03:47.581311,0.5590549577479722,0.6774638268266019,4.39,2590.0,1.31,43.9,Business,Low,0,Saturday,March,0,True,False,False,False,False,False,False,True,False,False,False,False,0.0,Low,5.059933265817542,2.400618833265411,9.430270409696638,0.42789223196550363,-0.11737633993013644,0,0.3114034870989275,0.09319479936605132,0
T01122,R0055,Zone_4,-0.5442577894573473,-0.24179822791746955,-0.37055190995861537,2023-11-05,1.0,Kavya Singh,32.0,Male,Delhi,2024-04-07 00:03:47.581311,0.16831122664114473,-1.4330965567485814,4.19,4038.0,2.46,48.2,Business,Low,0,Sunday,November,1,True,False,False,False,False,False,True,False,False,False,False,False,0.0,Low,4.632590781564083,1.9110228900548727,7.224956747275377,0.5131763297865582,0.1910405673036116,0,0.8895253436941086,-1.0991663952706623,0
T01123,R0296,Zone_8,0.8655978810890317,1.2654952319918586,-0.3148438659572837,2024-01-05,1.0,Reyansh Patel,37.0,Female,Hyderabad,2025-04-13 00:03:47.581311,-0.22243250446568272,-0.7295764288901869,3.97,4516.0,1.93,31.0,Business,Low,0,Friday,January,0,False,False,False,False,False,False,False,False,False,False,True,False,0.0,Low,4.673015732883159,2.5494451709255714,10.17742600071354,1.920960254361632,1.2824029984694925,0,-0.4344450809775716,-0.5881544547120707,0
T01124,R0104,Zone_5,-1.6109863348873061,-1.5029610508349867,-1.3257346455474874,2023-08-24,0.0,Diya Gupta,52.0,Female,Kolkata,2026-02-04 00:03:47.581311,0.5590549577479722,1.3809839546849962,3.7,2590.0,1.31,43.9,Business,Low,0,Thursday,August,0,False,False,False,False,False,False,False,True,False,False,False,False,0.0,Low,3.403860499081639,0.7839015438284094,3.034798181098704,-1.7112490162600968,-1.464277387544063,0,-1.4943351514020704,0.4906485309116225,0
T01125,R0072,Zone_8,0.8866056642594247,1.3807864600464261,-0.33560299556155354,2023-05-23,0.0,Saanvi Das,25.0,Male,Jaipur,2025-06-19 00:03:47.581311,-1.0039199666793377,1.3809839546849962,4.07,4516.0,1.93,31.0,Business,Low,0,Tuesday,May,1,False,True,False,False,False,False,False,False,False,False,True,False,0.0,Low,4.658142070754197,2.556451816951096,10.368702908271603,0.9642817362649869,0.5435938998459792,0,-0.673544861174344,1.7625004718574506,0
T01126,R0079,Zone_2,0.20268561215662842,0.018413780439785005,0.11833873091156252,2024-01-06,1.0,Ishaan Nair,25.0,Male,Bengaluru,2023-09-13 00:03:47.581311,-1.394663697786165,1.3809839546849962,4.92,6371.0,0.91,58.4,Residential,Low,0,Saturday,January,1,False,False,True,False,True,False,False,False,False,False,False,False,0.0,Low,4.941570991486734,2.298577071596507,7.814729681825213,0.6030438340164215,0.7642227703212535,0,1.6282366048990622,2.4779171886394784,0
T01127,R0133,Zone_3,1.204056609945364,0.966559452379635,0.48648481414677813,2024-05-19,1.0,Diya Kumar,25.0,Male,Delhi,2024-02-02 00:03:47.581311,0.5590549577479722,0.6774638268266019,4.4,12971.0,2.11,38.0,Business,Low,0,Sunday,May,1,False,True,False,False,False,True,False,False,False,False,False,False,0.0,Low,5.124023501441311,2.6567569067146595,9.66385016440135,-0.5195633499697412,-1.2949598202038526,0,1.1214878170193356,0.09319479936605132,0
T01128,R0071,Zone_2,0.21202240467680292,-0.04583247641505006,-0.41929644845978076,2023-06-28,1.0,Vivaan Nair,35.0,Female,Ahmedabad,2025-06-22 00:03:47.581311,-2.17615115999982,-0.026056301031792503,3.82,6371.0,0.91,58.4,Residential,Low,0,Wednesday,June,0,False,True,False,False,True,False,False,False,False,False,False,False,0.0,Low,4.5958266709849385,2.302585092994046,7.6733304373003515,-0.510723923324181,-0.49874487799457856,0,-0.6842508214816622,2.4779171886394784,0
T01129,R0146,Zone_2,2.1237306731825716,1.9754310383329592,0.6404702565278177,2024-01-05,0.0,Kavya Gupta,30.0,Male,Surat,2025-09-23 00:03:47.581311,-0.22243250446568272,-0.026056301031792503,3.89,6371.0,0.91,58.4,Residential,Low,0,Friday,January,1,True,False,False,False,True,False,False,False,False,False,False,False,0.0,Low,5.1914557247639435,2.900871992530031,11.303981599418853,0.9090563659841525,0.13499970559400737,0,-1.0161355910085255,-0.07714251415347918,0
T01130,R0262,Zone_8,-1.1208047275781345,-1.2536034329052612,-0.660916950625934,2024-04-23,1.0,Meera Singh,30.0,Male,Ahmedabad,2026-02-12 00:03:47.581311,0.5590549577479722,-1.4330965567485814,3.35,4516.0,1.93,31.0,Business,Low,0,Tuesday,April,1,False,False,False,False,False,False,False,False,False,False,True,False,0.0,Low,4.390490713086011,1.4562867329399256,4.208325082500163,-0.8646283753186516,-0.7437044257983821,0,-1.522884378888252,-1.0991663952706623,0
T01131,R0044,Zone_7,0.6905330213357561,0.7749941294289165,1.1118864401994648,2024-03-09,0.0,Arjun Gupta,36.0,Male,Hyderabad,2023-09-11 00:03:47.581311,0.9497986888547996,0.6774638268266019,3.21,11070.0,0.64,45.2,Industrial,Low,0,Saturday,March,1,True,False,False,False,False,False,False,False,False,True,False,False,0.0,Low,5.373471220148461,2.489064659936664,9.319871243745807,1.2577507008975908,0.8630421587826856,0,1.6353739117706076,-0.02604132009762001,0
T01132,R0225,Zone_1,-1.0554471799369116,-0.7625156065354256,-0.7729899731097453,2024-06-24,1.0,Ishaan Sharma,39.0,Male,Delhi,2023-08-25 00:03:47.581311,-0.6131762355725101,1.3809839546849962,4.08,4921.0,2.43,30.9,Residential,Low,0,Monday,June,1,False,False,False,False,False,False,False,False,False,False,False,False,0.0,Low,4.27874728521988,1.5195132049061133,5.869412236331676,-0.02160898226984245,-0.589372014092619,0,1.696041020178744,1.285555994002765,0
T01133,R0020,Zone_5,-0.1684518905203158,-0.21891599944862433,0.6103826572912495,2023-06-15,1.0,Diya Das,35.0,Male,Chennai,2024-01-05 00:03:47.581311,-0.6131762355725101,1.3809839546849962,4.03,2590.0,1.31,43.9,Business,Low,0,Thursday,June,1,True,False,False,False,False,False,False,True,False,False,False,False,0.0,Low,5.178632523602057,2.124653884501384,7.2787361540311375,-1.274843248907063,-1.073690040498625,0,1.2214101132209718,1.285555994002765,1
T01134,R0104,Zone_2,0.8445900979186386,0.7849684341461056,1.7445143455447765,2024-04-12,1.0,Diya Gupta,52.0,Male,Kolkata,2025-06-04 00:03:47.581311,0.5590549577479722,-0.7295764288901869,3.7,6371.0,0.91,58.4,Residential,Low,0,Friday,April,1,False,True,False,False,True,False,False,False,False,False,False,False,0.0,Low,5.5750395987634755,2.542389085201363,9.338094023943002,-1.7112490162600968,-1.464277387544063,0,-0.6200150596377532,-0.701712663725091,1
T01135,R0246,Zone_5,0.7092066063761056,0.9539448905314252,1.6006456941734128,2023-08-15,0.0,Vivaan Das,29.0,Female,Mumbai,2025-11-04 00:03:47.581311,1.7312861510684545,-0.7295764288901869,4.79,2590.0,1.31,43.9,Business,Low,0,Tuesday,August,0,True,False,False,False,False,False,False,True,False,False,False,False,0.0,Low,5.532638218452371,2.495681722955959,9.64157663455516,-0.6560833837178401,-0.025472894620583223,0,-1.1660190353109798,-0.8010760966114839,1
T01136,R0160,Zone_10,2.4061686469178554,2.5225509882611217,1.0971711078217545,2023-09-15,0.0,Kavya Nair,30.0,Female,Surat,2025-05-18 00:03:47.581311,-1.7854074288929924,1.3809839546849962,4.42,2440.0,1.54,35.4,Industrial,Low,0,Friday,September,0,False,True,False,True,False,False,False,False,False,False,False,False,0.0,Low,5.3682631172347035,2.9652730660692823,12.100826418059222,1.6608285559351406,0.07702667176872076,0,-0.5593479512296169,3.670278383276192,0
T01137,R0209,Zone_3,-0.43221627921525085,-0.7290723495424977,-1.021048433191147,2024-07-17,1.0,Vivaan Sharma,31.0,Male,Surat,2024-11-02 00:03:47.581311,0.16831122664114473,1.3809839546849962,3.77,12971.0,2.11,38.0,Business,Low,0,Wednesday,July,1,False,False,True,False,False,True,False,False,False,False,False,False,0.0,Low,3.9753733209289077,1.979621206397625,5.965735495309862,-0.45768736345081856,-1.2266267759443161,0,0.14367677561760953,0.6893753966844082,0
T01138,R0137,Zone_7,1.4794919892905174,1.8152554390510414,0.3910979274841206,2023-05-08,1.0,Arjun Gupta,27.0,Male,Bengaluru,2025-05-11 00:03:47.581311,-0.22243250446568272,0.6774638268266019,3.14,11070.0,0.64,45.2,Industrial,Low,0,Monday,May,1,False,True,False,False,False,False,False,False,False,True,False,False,0.0,Low,5.079850363117729,2.7363136663750693,11.059837250158791,2.16257124934028,2.4858117364577574,0,-0.5343673771792078,0.43386942640511234,0
T01139,R0022,Zone_7,-0.31784057084311085,-0.578871054977769,0.31581323594458516,2023-03-22,1.0,Aarav Nair,43.0,Male,Kolkata,2024-08-16 00:03:47.581311,-0.22243250446568272,-0.026056301031792503,3.32,11070.0,0.64,45.2,Industrial,Low,0,Wednesday,March,1,True,False,False,False,False,False,False,False,False,True,False,False,0.0,Low,5.043554140853366,2.0451088625993306,6.380438856379708,-0.3697140220735754,-0.39034648064518024,0,0.4220317436078819,-0.07714251415347918,0
T01140,R0164,Zone_4,-0.8383667538428501,-0.4632864650197552,-0.3951212595535424,2024-06-15,0.0,Aadhya Ghosh,37.0,Female,Ahmedabad,2025-06-14 00:03:47.581311,1.7312861510684545,-0.7295764288901869,4.02,4038.0,2.46,48.2,Business,Low,0,Saturday,June,0,False,False,True,False,False,False,True,False,False,False,False,False,0.0,Low,4.614229030476437,1.7047480922384253,6.682065548915245,0.1561617091575382,0.5640717761302595,0,-0.6557015939954804,-0.8010760966114839,0
T01141,R0030,Zone_6,-1.8630797329320226,-1.7543722020888393,-1.486158045843775,2024-08-05,1.0,Saanvi Patel,25.0,Female,Mumbai,2024-11-27 00:03:47.581311,1.3405424199616272,-0.026056301031792503,3.72,14627.0,0.54,37.6,Mixed,Low,0,Monday,August,0,False,True,False,False,False,False,False,False,True,False,False,False,0.0,Low,2.8831233291713367,0.10436001532424277,0.8,-0.4263475780711049,0.3973443902703131,0,0.05446043972329144,-0.4487875618324548,0
T01142,R0178,Zone_1,0.16767264020597325,-0.251479170731212,-0.5320264054247398,2023-08-30,1.0,Saanvi Ghosh,27.0,Female,Delhi,2024-07-03 00:03:47.581311,-0.22243250446568272,0.6774638268266019,3.13,4921.0,2.43,30.9,Residential,Low,0,Wednesday,August,0,False,True,False,False,False,False,False,False,False,False,False,False,0.0,Low,4.505239347363042,2.2834022735772717,7.202083032012336,0.5571630004751797,0.6169959773192546,0,0.5790524947818817,0.43386942640511234,0
T01143,R0103,Zone_5,-0.6306231202689633,-0.38085177015122235,-0.11224527197130836,2023-05-07,1.0,Ishaan Gupta,37.0,Female,Surat,2025-05-11 00:03:47.581311,0.5590549577479722,1.3809839546849962,3.07,2590.0,1.31,43.9,Business,Low,0,Sunday,May,0,False,False,False,False,False,False,False,True,False,False,False,False,0.0,Low,4.807621114077212,1.8547342683894434,6.889121859859935,-0.09134223691815115,0.09274639385583802,0,-0.5343673771792078,0.4906485309116225,0
T01144,R0105,Zone_6,0.9683025988109532,0.028094723253527236,0.3635066792759139,2023-07-01,1.0,Diya Das,31.0,Female,Jaipur,2024-10-11 00:03:47.581311,1.7312861510684545,-0.026056301031792503,3.69,14627.0,0.54,37.6,Mixed,Low,0,Saturday,July,0,False,False,False,False,False,False,False,False,True,False,False,False,0.0,Low,5.066700518029204,2.5832425505088623,7.835815209663893,-0.0933065539504982,-0.6788422080277071,0,0.2221871512046094,-0.5029857979523055,0
T01145,R0250,Zone_2,-0.6376257146590941,-0.48000809351621915,-0.6025811687000112,2024-02-12,0.0,Aadhya Iyer,34.0,Female,Jaipur,2024-07-14 00:03:47.581311,0.5590549577479722,1.3809839546849962,4.63,6371.0,0.91,58.4,Residential,Low,0,Monday,February,0,True,False,False,False,True,False,False,False,False,False,False,False,0.0,Low,4.444062025593334,1.8500283773520307,6.6392770690791325,0.16336420494280862,-0.12729298704116868,0,0.5397973069883818,0.4906485309116225,0
T01146,R0271,Zone_3,-0.5769365632779586,-0.5976462167983602,-0.6402892079178938,2024-04-03,1.0,Saanvi Iyer,22.0,Female,Bengaluru,2025-07-13 00:03:47.581311,0.16831122664114473,1.3809839546849962,4.37,12971.0,2.11,38.0,Business,Low,0,Wednesday,April,0,False,False,True,False,False,True,False,False,False,False,False,False,0.0,Low,4.409763389645481,1.890095369948917,6.330086887239385,0.021114913183699048,-0.45899565082452587,0,-0.7591925436328893,0.6893753966844082,0
T01147,R0252,Zone_8,0.39175566069016565,0.8615358909457037,-0.11198249817884931,2024-05-06,1.0,Reyansh Gupta,38.0,Female,Ahmedabad,2025-11-01 00:03:47.581311,3.294261075495764,-1.4330965567485814,4.83,4516.0,1.93,31.0,Business,Low,0,Monday,May,0,True,False,False,False,False,False,False,False,False,False,True,False,0.0,Low,4.8077844460498085,2.3767644911682972,9.476813810558905,-1.0701859680994372,-0.8012439342440127,0,-1.1553130750036615,-1.0991663952706623,0
T01148,R0181,Zone_5,1.9883471816400382,0.7160283868361225,2.026996172438322,2023-05-24,1.0,Arjun Patel,32.0,Female,Hyderabad,2025-01-26 00:03:47.581311,-1.7854074288929924,-0.026056301031792503,3.75,2590.0,1.31,43.9,Business,Low,0,Wednesday,May,0,False,False,False,False,False,False,False,True,False,False,False,False,0.0,Low,5.6534010450952765,2.8684669225081145,9.211405973031479,1.059747544037038,0.7222698437931935,0,-0.15965876642307195,1.285555994002765,0
T01149,R0016,Zone_10,-1.2912011910713226,-1.3774021561597838,-1.1917200113933402,2024-07-16,0.0,Aarav Iyer,28.0,Male,Delhi,2025-05-30 00:03:47.581311,-1.0039199666793377,-0.026056301031792503,3.06,2440.0,1.54,35.4,Industrial,Low,0,Tuesday,July,1,False,False,False,True,False,False,False,False,False,False,False,False,0.0,Low,3.6958550678503617,1.269760544863939,3.6728735344413916,0.09212497390303469,0.0873620217577732,0,-0.6021717924588895,0.3316670382933942,0
T01150,R0164,Zone_7,1.1667094398646654,1.6453988969553817,1.9882370380506031,2023-04-07,0.0,Aadhya Ghosh,37.0,Male,Ahmedabad,2024-09-02 00:03:47.581311,1.7312861510684545,1.3809839546849962,4.02,11070.0,0.64,45.2,Industrial,Low,0,Friday,April,1,False,False,True,False,False,False,False,False,False,True,False,False,0.0,Low,5.64300575794059,2.645465325910589,10.79490620616965,0.1561617091575382,0.5640717761302595,0,0.3613646351997456,0.09319479936605132,0
T01151,R0018,Zone_7,0.9986471745015206,1.1810070037991989,2.0229231786552058,2024-07-21,1.0,Aarav Reddy,49.0,Male,Delhi,2024-11-26 00:03:47.581311,-0.6131762355725101,0.6774638268266019,3.29,11070.0,0.64,45.2,Industrial,Low,0,Sunday,July,1,False,True,False,False,False,False,False,False,False,True,False,False,0.0,Low,5.652313726281008,2.5930133911138515,10.03493896344168,0.5539359082077526,1.4568179323009016,0,0.05802909315906416,0.6893753966844082,1
T01152,R0083,Zone_3,-0.2781592026323684,-0.4263228651854665,-0.20513580760560435,2024-01-12,0.0,Kavya Patel,45.0,Male,Mumbai,2024-05-28 00:03:47.581311,0.9497986888547996,-1.4330965567485814,4.4,12971.0,2.11,38.0,Business,Low,0,Friday,January,1,False,False,False,False,False,True,False,False,False,False,False,False,0.0,Low,4.748144354939198,2.066862759472976,6.775691846593969,0.6896702151429129,0.3817872744843101,0,0.7075240184696997,-1.0991663952706623,0
T01153,R0226,Zone_3,0.7675615596271974,0.8160647959114598,0.46927313074070626,2024-08-15,0.0,Aarav Iyer,20.0,Female,Surat,2025-03-23 00:03:47.581311,-0.22243250446568272,1.3809839546849962,3.25,12971.0,2.11,38.0,Business,Low,0,Thursday,August,0,True,False,False,False,False,True,False,False,False,False,False,False,0.0,Low,5.116195789756748,2.5160822672564502,9.394679345246436,-0.28889640702845243,-0.015119442815375127,0,-0.35950335882634443,0.9448813669637038,0
T01154,R0183,Zone_3,-0.352853542793766,-0.3761579796960747,-0.9914863815394968,2024-05-12,0.0,Arjun Patel,43.0,Female,Jaipur,2023-08-18 00:03:47.581311,0.16831122664114473,-0.7295764288901869,3.79,12971.0,2.11,38.0,Business,Low,0,Sunday,May,0,False,False,False,False,False,True,False,False,False,False,False,False,0.0,Low,4.016743316198549,2.0255131996542803,6.900724599634447,-0.5121971610984408,-0.7742623902294132,0,1.7210215942291531,-0.6520309472818946,0
T01155,R0154,Zone_10,2.746961573904232,2.4037394173651934,0.7785578844650813,2023-12-11,0.0,Kavya Patel,18.0,Male,Kolkata,2023-11-26 00:03:47.581311,2.122029882175282,-0.7295764288901869,4.68,2440.0,1.54,35.4,Industrial,Low,0,Monday,December,1,True,False,False,True,False,False,False,False,False,False,False,False,0.0,Low,5.248286432942471,3.0378334495726262,11.932309080810805,1.5153179942313024,0.8079005153852908,0,1.3641562506518807,-0.8240061195852668,0
T01156,R0234,Zone_1,-0.15211250361001002,0.24664934132134525,0.5427184057330281,2024-06-25,1.0,Saanvi Nair,32.0,Female,Pune,2024-01-02 00:03:47.581311,0.5590549577479722,-1.4330965567485814,3.98,4921.0,2.43,30.9,Residential,Low,0,Tuesday,June,0,False,False,False,False,False,False,False,False,False,False,False,False,0.0,Low,5.149179103544315,2.132982308607866,8.297590011563598,-0.6131957951782692,-0.14727319455376647,0,1.23211607352829,-1.0991663952706623,1
T01157,R0231,Zone_7,0.07197051687418261,0.44584207376167906,0.1548642880633791,2024-07-17,1.0,Ishaan Nair,19.0,Male,Mumbai,2023-11-08 00:03:47.581311,-0.22243250446568272,0.6774638268266019,4.81,11070.0,0.64,45.2,Industrial,Low,0,Wednesday,July,1,False,False,False,False,False,False,False,False,False,True,False,False,0.0,Low,4.961234943801129,2.2407096892759584,8.69712596206356,0.22294848825732738,-0.8422150340045316,0,1.4283920124957898,0.43386942640511234,0
T01158,R0197,Zone_8,-0.40187170352468315,-0.542200817046927,0.3401198117470529,2023-10-07,0.0,Saanvi Das,29.0,Female,Bengaluru,2024-08-19 00:03:47.581311,0.9497986888547996,1.3809839546849962,3.87,4516.0,1.93,31.0,Business,Low,0,Saturday,October,0,False,True,False,False,False,False,False,False,False,False,True,False,0.0,Low,5.055417436868149,1.9974177062012453,6.477653896280659,-0.5796714511595517,-1.035400764153252,0,0.41132578330056374,0.3316670382933942,1
T01159,R0212,Zone_7,-1.7790486002504504,-1.6546291549169492,-1.486158045843775,2023-06-10,0.0,Aadhya Iyer,36.0,Male,Ahmedabad,2024-03-25 00:03:47.581311,-0.6131762355725101,-0.026056301031792503,3.22,11070.0,0.64,45.2,Industrial,Low,0,Saturday,June,1,False,False,True,False,False,False,False,False,False,True,False,False,0.0,Low,2.8831233291713367,0.38526240079064494,2.009975124224178,-0.8888549520509287,-0.1046132478150123,0,0.935917838359154,0.09319479936605132,0
T01160,R0094,Zone_3,-0.3295115614933294,0.14866646557013583,0.06447010345744426,2023-03-17,0.0,Diya Iyer,41.0,Female,Delhi,2024-02-28 00:03:47.581311,-0.6131762355725101,-1.4330965567485814,4.87,12971.0,2.11,38.0,Business,Low,0,Friday,March,0,False,False,True,False,False,True,False,False,False,False,False,False,0.0,Low,4.911845734932406,2.038619547159581,8.093824806604106,-0.081520651756418,-0.09199706899042197,0,1.0287028276892447,-1.0991663952706623,0
T01161,R0021,Zone_3,0.24936957475750174,-0.3312736084687241,-0.2030336172659315,2024-08-06,0.0,Diya Ghosh,37.0,Female,Pune,2024-05-23 00:03:47.581311,-1.394663697786165,0.6774638268266019,3.91,12971.0,2.11,38.0,Business,Low,0,Tuesday,August,0,False,True,False,False,False,True,False,False,False,False,False,False,0.0,Low,4.749530236494927,2.318458442150336,7.010706098532443,0.3467004612951715,0.5515933285155454,0,0.7253672856485633,1.5836462926619435,0
T01162,R0013,Zone_4,1.7292511892051907,1.8176023342786156,1.5632004287479895,2024-02-05,0.0,Ishaan Gupta,43.0,Male,Kolkata,2024-12-06 00:03:47.581311,0.5590549577479722,-0.026056301031792503,3.91,4038.0,2.46,48.2,Business,Low,0,Monday,February,1,False,False,False,False,False,False,True,False,False,False,False,False,0.0,Low,5.521300905060881,2.803360380906535,11.063453348751466,0.5031910515387956,0.9648604147871388,0,0.022342558801336933,-0.3042589321795199,0
T01163,R0052,Zone_5,0.5528153316631794,-0.15202948546276854,-0.28449349292825626,2024-04-13,1.0,Reyansh Singh,23.0,Female,Hyderabad,2024-12-10 00:03:47.581311,-1.7854074288929924,-0.7295764288901869,4.74,2590.0,1.31,43.9,Business,Low,0,Saturday,April,0,False,False,False,False,False,False,False,True,False,False,False,False,0.0,Low,4.694370831446394,2.4388627112865935,7.43370701601832,1.2404647110129392,1.149567149310765,0,0.008067945058246042,0.09319479936605132,0
T01164,R0126,Zone_9,-0.24314623068171343,0.16714826548728004,-0.5742015991144271,2023-12-15,1.0,Diya Reddy,29.0,Male,Surat,2024-04-23 00:03:47.581311,-0.6131762355725101,-0.7295764288901869,3.65,11037.0,1.83,56.1,Mixed,Low,0,Friday,December,1,True,False,False,False,False,False,False,False,False,False,False,True,0.0,Low,4.469121341524815,2.0856720914304723,8.132650244538985,-1.2620751881968093,-1.9879498116518113,0,0.8324268887217451,-0.5029857979523055,0
T01165,R0032,Zone_3,0.048628535573745954,0.20381850341812202,0.5997403186966555,2023-12-15,0.0,Kavya Reddy,18.0,Male,Mumbai,2026-01-31 00:03:47.581311,-0.6131762355725101,-0.026056301031792503,4.0,12971.0,2.11,38.0,Business,Low,0,Friday,December,1,False,True,False,False,False,True,False,False,False,False,False,False,0.0,Low,5.174057149167352,2.2300144001592104,8.209141246196218,0.09035708857392151,1.2079651822979531,0,-1.4800605376589795,0.09319479936605132,0
T01166,R0142,Zone_1,0.3614110849995982,0.33700480758294027,0.019141624258247607,2023-07-01,0.0,Meera Nair,33.0,Male,Kolkata,2024-11-21 00:03:47.581311,-1.394663697786165,-1.4330965567485814,3.48,4921.0,2.43,30.9,Residential,Low,0,Saturday,July,1,True,False,False,False,False,False,False,False,False,False,False,False,0.0,Low,4.886129712679046,2.3646204839134985,8.481155581640984,-0.7729602471424706,-0.8299608915030422,0,0.07587236033792778,-1.0991663952706623,0
T01167,R0130,Zone_9,-0.4625608549058186,-0.4635798269232019,-0.8612819673760068,2024-01-06,0.0,Diya Ghosh,27.0,Male,Pune,2025-03-20 00:03:47.581311,0.16831122664114473,-0.7295764288901869,3.62,11037.0,1.83,56.1,Mixed,Low,0,Saturday,January,1,False,False,False,False,False,False,False,False,False,False,False,True,0.0,Low,4.180980868881647,1.9615022438151495,6.681317235396026,-1.0189909554439003,-0.5498156106163926,0,-0.34879739851902625,-0.6520309472818946,0
T01168,R0063,Zone_4,0.7745641540173283,1.3452896697293708,1.1957112799939216,2024-05-20,0.0,Diya Iyer,34.0,Female,Surat,2024-08-03 00:03:47.581311,-0.6131762355725101,1.3809839546849962,4.83,4038.0,2.46,48.2,Business,Low,0,Monday,May,0,False,False,True,False,False,False,True,False,False,False,False,False,0.0,Low,5.402632335812676,2.5185025992165158,10.310189135025603,1.8660996858153758,2.5599347384352944,0,0.4684242382729273,1.285555994002765,0
T01170,R0285,Zone_2,-0.44622146799551304,-0.6768539307289788,-0.5907563480393513,2023-03-17,1.0,Diya Iyer,29.0,Female,Chennai,2023-12-09 00:03:47.581311,0.5590549577479722,-0.026056301031792503,4.97,6371.0,0.91,58.4,Residential,Low,0,Friday,March,0,False,False,False,False,True,False,False,False,False,False,False,False,0.0,Low,4.45457982735559,1.9712993830601329,6.11310068623117,-0.6505178187928573,-0.1994641410159006,0,1.3177637559868354,-0.3042589321795199,0
T01171,R0239,Zone_6,1.3884582622188142,2.3045830940001966,1.5036821647560006,2023-02-23,0.0,Diya Iyer,36.0,Female,Mumbai,2025-06-23 00:03:47.581311,-2.17615115999982,-0.026056301031792503,3.36,14627.0,0.54,37.6,Mixed,Low,0,Thursday,February,0,True,False,False,False,False,False,False,False,True,False,False,False,0.0,Low,5.503011774193717,2.7107133185216936,11.789826122551595,-0.09232439543432519,0.07212344069715478,0,-0.6878194749174349,2.4779171886394784,0
T01172,R0066,Zone_7,1.0009813726315646,0.4085851120239437,-0.3681869458264835,2024-04-14,1.0,Arjun Patel,38.0,Male,Bengaluru,2025-04-10 00:03:47.581311,-1.394663697786165,-0.7295764288901869,4.72,11070.0,0.64,45.2,Industrial,Low,0,Sunday,April,1,False,True,False,False,False,False,False,False,False,True,False,False,0.0,Low,4.634340563287871,2.5937610547000824,8.623804264940155,1.488459736346715,0.4644921113903151,0,-0.42373912067025343,-0.204895499293127,0
T01173,R0202,Zone_2,0.6065018886541836,-0.018256457491056966,-0.31142780665531516,2023-01-04,0.0,Aadhya Reddy,27.0,Female,Ahmedabad,2023-09-01 00:03:47.581311,0.16831122664114473,-1.4330965567485814,4.72,6371.0,0.91,58.4,Residential,Low,0,Wednesday,January,0,False,False,False,False,True,False,False,False,False,False,False,False,0.0,Low,4.675442238973423,2.458733775483977,7.734339015067803,0.6605001072125638,-0.5075459023056194,0,1.671060446128335,-1.0991663952706623,0
T01174,R0182,Zone_1,0.10931768695488141,0.27305191263155165,0.25550665057521893,2024-07-27,1.0,Meera Patel,43.0,Male,Jaipur,2024-02-08 00:03:47.581311,-1.0039199666793377,1.3809839546849962,4.4,4921.0,2.43,30.9,Residential,Low,0,Saturday,July,1,False,True,False,False,False,False,False,False,False,False,False,False,0.0,Low,5.013497859709733,2.25758772706331,8.351646544245034,1.0691762657923034,0.8879659985217454,0,1.1000758964046993,1.7625004718574506,0
T01175,R0122,Zone_10,0.37308207564981627,0.13722535133571312,1.4138135277349844,2024-03-16,1.0,Ishaan Patel,27.0,Female,Kolkata,2023-12-01 00:03:47.581311,-2.17615115999982,-1.4330965567485814,4.98,2440.0,1.54,35.4,Industrial,Low,0,Saturday,March,0,False,False,False,True,False,False,False,False,False,False,False,False,0.0,Low,5.474746597637154,2.3693087250369538,8.069696400732806,0.09919651521948218,1.5209455836189083,0,1.3463129834730172,-1.0991663952706623,1
T01176,R0250,Zone_3,-0.2758250045023248,-0.5694834740674735,0.4839884631184166,2023-05-02,1.0,Aadhya Iyer,34.0,Female,Jaipur,2024-05-20 00:03:47.581311,0.5590549577479722,0.6774638268266019,4.63,12971.0,2.11,38.0,Business,Low,0,Tuesday,May,0,False,False,False,False,False,True,False,False,False,False,False,False,0.0,Low,5.122891976441923,2.0681277817795625,6.4054664154923175,0.16336420494280862,-0.12729298704116868,0,0.7360732459558815,0.09319479936605132,1
T01178,R0131,Zone_5,-0.8593745370132431,-0.5562821884123704,-0.8602308722061704,2023-05-07,0.0,Reyansh Ghosh,24.0,Female,Surat,2024-10-12 00:03:47.581311,-1.0039199666793377,0.6774638268266019,3.6,2590.0,1.31,43.9,Business,Low,0,Sunday,May,0,True,False,False,False,False,False,False,True,False,False,False,False,0.0,Low,4.182202802743785,1.6882490928583902,6.440496875241847,-1.5897232691922456,-1.3912100624970747,0,0.21861849776883668,1.0470837550754222,0
T01179,R0191,Zone_4,1.3020929314071983,1.3969213647359964,2.026996172438322,2023-05-07,1.0,Meera Gupta,33.0,Male,Surat,2024-07-04 00:03:47.581311,1.3405424199616272,-0.7295764288901869,4.56,4038.0,2.46,48.2,Business,Low,0,Sunday,May,1,True,False,False,False,False,False,True,False,False,False,False,False,0.0,Low,5.6534010450952765,2.6858045921548905,10.395191195932858,-0.3127743387463294,-0.4040108476384331,0,0.575483841346109,-0.7739769785515586,0
T01180,R0044,Zone_3,1.7876061424562824,0.6517821299812875,2.026996172438322,2023-01-04,1.0,Arjun Gupta,36.0,Female,Hyderabad,2023-12-16 00:03:47.581311,0.9497986888547996,-0.7295764288901869,3.21,12971.0,2.11,38.0,Business,Low,0,Wednesday,January,0,False,True,False,False,False,True,False,False,False,False,False,False,0.0,Low,5.6534010450952765,2.8183982582710754,9.091754506144564,1.2577507008975908,0.8630421587826856,0,1.2927831819364264,-0.7414580368796482,0
T01181,R0252,Zone_6,-0.3995375053946395,0.017240332825998086,0.11084967782647755,2023-03-03,1.0,Reyansh Gupta,38.0,Female,Ahmedabad,2024-09-23 00:03:47.581311,3.294261075495764,-0.7295764288901869,4.83,14627.0,0.54,37.6,Mixed,Low,0,Friday,March,0,False,False,False,False,False,False,False,False,True,False,False,False,0.0,Low,4.937490960058253,1.998773638612381,7.812169993030106,-1.0701859680994372,-0.8012439342440127,0,0.2864229130485184,-0.8755986712762784,0
T01182,R0072,Zone_8,1.3394401014878972,1.820535953313083,1.9949377697583104,2023-03-03,1.0,Saanvi Das,25.0,Male,Jaipur,2025-10-09 00:03:47.581311,-1.0039199666793377,0.6774638268266019,4.07,4516.0,1.93,31.0,Business,Low,0,Friday,March,1,True,False,False,False,False,False,False,False,False,False,True,False,0.0,Low,5.64481065287963,2.696652156149841,11.067971810589327,0.9642817362649869,0.5435938998459792,0,-1.073234045980889,1.0470837550754222,0
T01183,R0115,Zone_7,0.14666485703558022,0.2522232174868336,-0.257033631616279,2023-08-07,0.0,Aarav Ghosh,40.0,Female,Bengaluru,2023-12-13 00:03:47.581311,1.3405424199616272,-1.4330965567485814,4.4,11070.0,0.64,45.2,Industrial,Low,0,Monday,August,0,False,False,False,False,False,False,False,False,False,True,False,False,0.0,Low,4.71330684459267,2.2741856184723477,8.309031231136396,-0.29616693110921594,-0.21003522005749173,0,1.3034891422437445,-1.0991663952706623,0
T01184,R0230,Zone_10,0.05096273370378958,-0.17168473299369968,-0.5851067115014803,2023-01-02,0.0,Kavya Gupta,32.0,Male,Chennai,2024-03-05 00:03:47.581311,0.16831122664114473,-1.4330965567485814,3.65,2440.0,1.54,35.4,Industrial,Low,0,Monday,January,1,False,True,False,True,False,False,False,False,False,False,False,False,0.0,Low,4.4595662121293,2.231089091288976,7.38850458482635,-0.4473746990309987,-0.4927535703649966,0,1.0072909070746086,-1.0991663952706623,0
T01185,R0177,Zone_9,-0.10776273913918036,0.2536900270040672,-0.39709206299698563,2023-10-17,1.0,Ishaan Reddy,34.0,Female,Bengaluru,2025-01-24 00:03:47.581311,1.3405424199616272,-0.7295764288901869,4.48,11037.0,1.83,56.1,Mixed,Low,0,Tuesday,October,0,False,False,False,False,False,False,False,False,False,False,False,True,0.0,Low,4.61274145148441,2.1552445050953364,8.312039460926542,0.5084887550502762,0.11712398326918608,0,-0.1525214595515265,-0.7739769785515586,0
T01186,R0191,Zone_5,-1.8724165254521974,-1.7622929734819013,-1.486158045843775,2023-10-27,1.0,Meera Gupta,33.0,Male,Surat,2024-09-21 00:03:47.581311,1.3405424199616272,1.3809839546849962,4.56,2590.0,1.31,43.9,Business,Low,0,Friday,October,1,False,False,False,False,False,False,False,True,False,False,False,False,0.0,Low,2.8831233291713367,0.06765864847381481,0.6082762530298219,-0.3127743387463294,-0.4040108476384331,0,0.29356021992006387,0.20159127160575266,0
T01187,R0200,Zone_1,0.6181728793044021,0.3243902457347304,0.6576819399338896,2024-02-22,1.0,Kavya Kumar,30.0,Male,Bengaluru,2025-04-16 00:03:47.581311,-1.394663697786165,-1.4330965567485814,3.6,4921.0,2.43,30.9,Residential,Low,0,Thursday,February,1,False,True,False,False,False,False,False,False,False,False,False,False,0.0,Low,5.198718001325282,2.4630018143999504,8.455767262643882,1.1201502927817009,-0.25190300365581025,0,-0.44515104128488975,-1.0991663952706623,0
T01188,R0073,Zone_9,1.663893641563968,1.5978742685970102,0.08641171512778033,2023-12-30,0.0,Meera Das,41.0,Female,Ahmedabad,2025-12-12 00:03:47.581311,0.5590549577479722,0.6774638268266019,3.01,11037.0,1.83,56.1,Mixed,Low,0,Saturday,December,0,False,True,False,False,False,False,False,False,False,False,False,True,0.0,Low,4.924060185564065,2.7862450486872667,10.719608201795436,0.3787843061568347,0.38877667428145524,0,-1.3016278658703433,0.09319479936605132,0
T01189,R0224,Zone_10,-0.8430351501029374,-0.6363699880533292,-1.0671652337677213,2023-04-02,0.0,Ishaan Sharma,29.0,Male,Ahmedabad,2025-10-08 00:03:47.581311,-0.22243250446568272,-0.026056301031792503,4.31,2440.0,1.54,35.4,Industrial,Low,0,Sunday,April,1,False,False,False,True,False,False,False,False,False,False,False,False,0.0,Low,3.907211448430924,1.7011051009599243,6.224949798994366,-1.2570240872564888,-1.856499144946689,0,-1.0696653925451163,-0.07714251415347918,0
T01190,R0244,Zone_8,0.9683025988109532,0.7374438057877344,1.4115799504990816,2023-07-16,0.0,Aadhya Iyer,24.0,Male,Kolkata,2024-04-02 00:03:47.581311,-1.394663697786165,-0.026056301031792503,3.13,4516.0,1.93,31.0,Business,Low,0,Sunday,July,1,False,False,True,False,False,False,False,False,False,False,True,False,0.0,Low,5.474033824289855,2.5832425505088623,9.250945897582582,0.43362148997651534,1.0600694091337033,0,0.9073686108729722,0.6893753966844082,0
T01191,R0084,Zone_6,-0.1217679279194423,-0.49819653152991666,0.15092268117649227,2024-08-04,1.0,Kavya Sharma,38.0,Male,Jaipur,2024-06-03 00:03:47.581311,0.16831122664114473,-0.026056301031792503,4.67,14627.0,0.54,37.6,Mixed,Low,0,Sunday,August,1,False,False,False,False,False,False,False,False,True,False,False,False,0.0,Low,4.9591314512291405,2.1482677326096886,6.592419889539804,0.7488943736681674,1.403309357264293,0,0.6861120978550634,-0.204895499293127,0
T01192,R0108,Zone_1,-1.29586958733141,-1.16383469045056,-1.3947127660680043,2023-03-02,0.0,Reyansh Gupta,18.0,Male,Pune,2025-02-18 00:03:47.581311,-0.22243250446568272,1.3809839546849962,4.88,4921.0,2.43,30.9,Residential,Low,0,Thursday,March,1,False,False,False,False,False,False,False,False,False,False,False,False,0.0,Low,3.2120525995200753,1.264126727145683,4.557411546042337,-1.0979144076364031,-0.16523859122475718,0,-0.24173779544584456,0.9448813669637038,0
T01193,R0163,Zone_4,1.1433674585642286,1.618116239934835,0.9994192570269649,2023-11-02,0.0,Kavya Gupta,33.0,Male,Ahmedabad,2024-07-27 00:03:47.581311,-1.7854074288929924,-0.7295764288901869,3.56,4038.0,2.46,48.2,Business,Low,0,Thursday,November,1,False,False,False,False,False,False,True,False,False,False,False,False,0.0,Low,5.332960309991576,2.63834278867739,10.75174404457249,-1.077429387156216,-0.7180680566002327,0,0.4934048123233364,0.09319479936605132,0
T01194,R0189,Zone_10,1.9463316152992522,1.471728650114914,2.026996172438322,2023-01-22,1.0,Reyansh Gupta,29.0,Male,Delhi,2025-08-05 00:03:47.581311,0.16831122664114473,0.6774638268266019,3.28,2440.0,1.54,35.4,Industrial,Low,0,Sunday,January,1,False,False,True,True,False,False,False,False,False,False,False,False,0.0,Low,5.6534010450952765,2.8581928595319295,10.517128885774863,0.537484753061849,1.283400565946733,0,-0.841271572655662,0.2422399486956406,0
T01195,R0221,Zone_9,-0.9480740659549027,-0.8352693585902161,-0.7032235312118512,2024-02-28,1.0,Diya Patel,21.0,Female,Delhi,2024-08-03 00:03:47.581311,0.16831122664114473,1.3809839546849962,4.41,11037.0,1.83,56.1,Mixed,Low,0,Wednesday,February,0,True,False,False,False,False,False,False,False,False,False,False,True,0.0,Low,4.349761674086606,1.6154199841116479,5.654201977290871,-0.44221836682108845,-0.5777474999791323,0,0.4684242382729273,0.6893753966844082,0
T01196,R0290,Zone_10,0.23069598971715233,0.5546793399404178,0.7137841446239102,2023-06-10,0.0,Saanvi Kumar,34.0,Male,Chennai,2024-10-12 00:03:47.581311,0.5590549577479722,0.6774638268266019,4.28,2440.0,1.54,35.4,Industrial,Low,0,Saturday,June,1,False,False,False,True,False,False,False,False,False,False,False,False,0.0,Low,5.222030098375917,2.3105532626432224,8.907861696277058,-0.30152415937925287,-0.3385542988287802,0,0.21861849776883668,0.09319479936605132,0
T01197,R0252,Zone_6,-1.7020200619590093,-1.6109182313033854,-1.4594865059091753,2024-04-16,1.0,Reyansh Gupta,38.0,Male,Ahmedabad,2025-05-14 00:03:47.581311,3.294261075495764,0.6774638268266019,4.83,14627.0,0.54,37.6,Mixed,Low,0,Tuesday,April,1,False,False,True,False,False,False,False,False,True,False,False,False,0.0,Low,2.990719731730447,0.5877866649021191,2.3515952032609695,-1.0701859680994372,-0.8012439342440127,0,-0.545073337486526,-0.4284632232875108,0
T01198,R0208,Zone_3,-0.07041556905848155,0.007559390012255855,-0.1349752050190216,2023-04-08,0.0,Aadhya Iyer,24.0,Female,Chennai,2026-01-12 00:03:47.581311,-0.6131762355725101,-0.7295764288901869,4.75,12971.0,2.11,38.0,Business,Low,0,Saturday,April,0,False,True,False,False,False,True,False,False,False,False,False,False,0.0,Low,4.793390974713035,2.1736147116970854,7.791020472312982,0.08544629599305494,-0.9793717079759219,0,-1.4122561223792978,-0.5029857979523055,0
T01199,R0083,Zone_3,0.5458127372730481,1.1724995085992433,0.38991544541805456,2024-05-24,1.0,Kavya Patel,45.0,Female,Mumbai,2024-10-31 00:03:47.581311,0.9497986888547996,-0.026056301031792503,4.4,12971.0,2.11,38.0,Business,Low,0,Friday,May,0,False,True,False,False,False,True,False,False,False,False,False,False,0.0,Low,5.079290330745667,2.4362414778067194,10.020479030465559,0.6896702151429129,0.3817872744843101,0,0.15081408248915495,-0.383749678488634,0
T01200,R0064,Zone_1,2.0233601535906938,1.9041440957954021,2.026996172438322,2024-03-29,1.0,Ishaan Nair,21.0,Female,Bengaluru,2023-11-30 00:03:47.581311,-1.0039199666793377,-0.7295764288901869,4.21,4921.0,2.43,30.9,Residential,Low,0,Friday,March,0,True,False,False,False,False,False,False,False,False,False,False,False,0.0,Low,5.6534010450952765,2.876948737564024,11.195981421920992,1.8977251900361591,2.3598608737218316,0,1.3498816369087898,-0.383749678488634,0
T01201,R0187,Zone_4,1.796942934976457,0.6687971203811981,1.4361493000940087,2024-06-26,1.0,Saanvi Reddy,27.0,Female,Surat,2026-02-10 00:03:47.581311,-0.22243250446568272,1.3809839546849962,4.71,4038.0,2.46,48.2,Business,Low,0,Wednesday,June,0,False,False,False,False,False,False,True,False,False,False,False,False,0.0,Low,5.481846527228154,2.8207834710894493,9.123595782365635,1.594322393554259,2.141326304672151,0,-1.5157470720167066,0.9448813669637038,0
T01202,R0203,Zone_7,1.8949792564382917,1.9692704383605775,2.026996172438322,2023-07-27,1.0,Kavya Gupta,49.0,Female,Bengaluru,2024-06-21 00:03:47.581311,-1.0039199666793377,1.3809839546849962,3.6,11070.0,0.64,45.2,Industrial,Low,0,Thursday,July,0,False,False,False,False,False,False,False,False,False,True,False,False,0.0,Low,5.6534010450952765,2.845490610223448,11.294689017409908,-0.19780822007134483,0.2562755775490171,0,0.6218763360111543,1.7625004718574506,0
T01203,R0008,Zone_5,-0.6376257146590941,-0.6208218071706523,-0.23023070478544969,2023-11-18,1.0,Ishaan Ghosh,28.0,Female,Jaipur,2024-11-18 00:03:47.581311,0.16831122664114473,1.3809839546849962,4.02,2590.0,1.31,43.9,Business,Low,0,Saturday,November,0,True,False,False,False,False,False,False,True,False,False,False,False,0.0,Low,4.731450351898421,1.8500283773520307,6.267375846396959,-1.2141949605333575,-0.5317590490017221,0,0.08657832064524594,0.6893753966844082,0
T01204,R0300,Zone_4,-0.30850377832293635,-0.6674663498186834,-0.3069606521835102,2023-06-26,1.0,Saanvi Iyer,38.0,Female,Kolkata,2025-11-26 00:03:47.581311,-0.6131762355725101,-0.7295764288901869,3.67,4038.0,2.46,48.2,Business,Low,0,Monday,June,0,False,False,False,False,False,False,True,False,False,False,False,False,0.0,Low,4.678606504061274,2.050270164379556,6.139218191268331,0.6217048458237153,1.1947980786338606,0,-1.2445294108979796,-0.5029857979523055,0
T01205,R0068,Zone_4,-1.8140615722011055,-1.7006869737580868,-1.486158045843775,2024-03-22,0.0,Meera Singh,30.0,Male,Ahmedabad,2024-05-16 00:03:47.581311,0.5590549577479722,0.6774638268266019,4.97,4038.0,2.46,48.2,Business,Low,0,Friday,March,1,True,False,False,False,False,False,True,False,False,False,False,False,0.0,Low,2.8831233291713367,0.2776317365982795,1.5716233645501712,-0.06711566018587507,-0.22010545833589992,0,0.7503478596989724,0.09319479936605132,0
T01206,R0121,Zone_2,-0.8570403388831995,-1.056170871885608,-0.2932964149756365,2023-06-21,0.0,Diya Iyer,29.0,Male,Pune,2025-10-11 00:03:47.581311,0.9497986888547996,0.6774638268266019,4.17,6371.0,0.91,58.4,Residential,Low,0,Wednesday,June,1,False,False,False,False,True,False,False,False,False,False,False,False,0.0,Low,4.688223741123377,1.6900958154515549,4.94368283772331,-0.8713725304630427,-0.5874988696383137,0,-1.0803713528524344,-0.02604132009762001,0
T01207,R0003,Zone_9,-1.7160252507392713,-1.5950766885172618,-1.486158045843775,2024-02-08,0.0,Kavya Reddy,34.0,Female,Pune,2025-09-21 00:03:47.581311,0.9497986888547996,-1.4330965567485814,3.76,11037.0,1.83,56.1,Mixed,Low,0,Thursday,February,0,False,False,True,False,False,False,False,False,False,False,False,True,0.0,Low,2.8831233291713367,0.5538851132264376,2.463736998950984,-0.7800317884589186,-1.043168804390227,0,-1.00899828413698,-1.0991663952706623,0
T01208,R0141,Zone_5,0.40576084947042784,0.8157714340080129,1.2507623895141053,2024-06-22,0.0,Arjun Das,25.0,Male,Jaipur,2024-03-03 00:03:47.581311,-1.394663697786165,1.3809839546849962,4.29,2590.0,1.31,43.9,Business,Low,0,Saturday,June,1,False,False,True,False,False,False,False,True,False,False,False,False,0.0,Low,5.421331142443181,2.382320061012899,9.394147114027968,-0.30152415937925287,0.18814821189622805,0,1.014428213946154,2.4779171886394784,1
T01209,R0068,Zone_3,-0.8336983575827629,-0.5336933218469717,-0.9992382084170406,2023-08-23,1.0,Meera Singh,30.0,Male,Ahmedabad,2025-09-12 00:03:47.581311,0.5590549577479722,0.6774638268266019,4.97,12971.0,2.11,38.0,Business,Low,0,Wednesday,August,1,False,False,False,False,False,True,False,False,False,False,False,False,0.0,Low,4.006059647354529,1.7083778602890038,6.5,-0.06711566018587507,-0.22010545833589992,0,-0.9768804032150255,0.09319479936605132,0
T01210,R0062,Zone_1,-1.3075405779816285,-1.1383122048506942,-1.4257200735781794,2023-04-03,0.0,Kavya Sharma,38.0,Male,Jaipur,2025-08-01 00:03:47.581311,-0.22243250446568272,-1.4330965567485814,3.58,4921.0,2.43,30.9,Residential,Low,0,Monday,April,1,False,False,False,False,False,False,False,False,False,False,False,False,0.0,Low,3.112181086197238,1.2499017362143359,4.651881339845203,0.7920391942000682,-0.09619983848033548,0,-0.8269969589125711,-1.0991663952706623,0
T01211,R0005,Zone_6,-0.4368846754753383,-0.17491171393161398,-0.8365812308848504,2023-06-09,0.0,Diya Reddy,27.0,Female,Ahmedabad,2025-11-30 00:03:47.581311,-0.22243250446568272,0.6774638268266019,3.53,14627.0,0.54,37.6,Mixed,Low,0,Friday,June,0,True,False,False,False,False,False,False,False,True,False,False,False,0.0,Low,4.209308814022622,1.9768549529047348,7.381056834898374,-0.45305718758885805,0.0782387064156245,0,-1.2588040246410706,0.43386942640511234,0
T01212,R0017,Zone_6,-1.403242701313419,-1.3366248515806876,-1.4100850329268624,2024-05-04,1.0,Meera Das,49.0,Female,Mumbai,2024-09-18 00:03:47.581311,-0.22243250446568272,1.3809839546849962,3.83,14627.0,0.54,37.6,Mixed,Low,0,Saturday,May,0,False,True,False,False,False,False,False,False,True,False,False,False,0.0,Low,3.1637858585502405,1.1249295969854831,3.8574603043971822,-0.05570391361700346,-0.46075467513350665,0,0.30426618022738205,0.9448813669637038,0
T01213,R0220,Zone_8,0.34040330182920514,0.03542877083969563,1.1976820834373645,2023-02-16,1.0,Meera Ghosh,32.0,Male,Kolkata,2023-11-21 00:03:47.581311,-1.0039199666793377,-0.026056301031792503,3.78,4516.0,1.93,31.0,Business,Low,0,Thursday,February,1,False,False,True,False,False,False,False,False,False,False,True,False,0.0,Low,5.403307813738974,2.3561258599220753,7.85175139698144,1.8081523333611471,3.076900570830175,0,1.3819995178307443,0.3316670382933942,1
T01214,R0248,Zone_4,0.31005872613863716,0.8228121196907343,-0.1485080553306657,2023-01-31,0.0,Vivaan Ghosh,18.0,Female,Chennai,2024-01-13 00:03:47.581311,-0.22243250446568272,1.3809839546849962,3.65,4038.0,2.46,48.2,Business,Low,0,Tuesday,January,0,False,True,False,False,False,False,True,False,False,False,False,False,0.0,Low,4.784821514226167,2.343727036325221,9.406912352095134,0.09077801365228189,0.1379746997273161,0,1.19286088573479,0.9448813669637038,0
T01215,R0036,Zone_2,-0.39020071287446484,-0.5721237311984941,-0.6651213313052798,2024-06-19,1.0,Aadhya Das,30.0,Male,Surat,2026-01-16 00:03:47.581311,-0.6131762355725101,-0.7295764288901869,4.9,6371.0,0.91,58.4,Residential,Low,0,Wednesday,June,1,False,False,True,False,True,False,False,False,False,False,False,False,0.0,Low,4.386516539946734,2.004179057179289,6.398437309218556,-0.03928783556096274,0.4808545791235178,0,-1.4265307361223887,-0.5029857979523055,0
T01216,R0008,Zone_3,-0.8733797257935053,-0.7193914067287555,-1.073734578579199,2024-03-27,0.0,Ishaan Ghosh,28.0,Male,Jaipur,2023-12-30 00:03:47.581311,0.16831122664114473,0.6774638268266019,4.02,12971.0,2.11,38.0,Business,Low,0,Wednesday,March,1,False,False,False,False,False,True,False,False,False,False,False,False,0.0,Low,3.897112392692392,1.6770965609079151,5.993329625508679,-1.2141949605333575,-0.5317590490017221,0,1.2428220338356082,0.2422399486956406,0
T01217,R0209,Zone_6,-1.5853101554568256,-1.4645306414834642,-1.465530303135735,2023-09-03,1.0,Vivaan Sharma,31.0,Male,Surat,2025-09-19 00:03:47.581311,0.16831122664114473,0.6774638268266019,3.77,14627.0,0.54,37.6,Mixed,Low,0,Sunday,September,1,False,False,True,False,False,False,False,False,True,False,False,False,0.0,Low,2.967332799032293,0.832909122935104,3.243454948045371,-0.45768736345081856,-1.2266267759443161,0,-1.0018609772654345,0.2422399486956406,0
T01218,R0041,Zone_9,0.6275096718245766,0.1199169990323556,0.6111709786686269,2023-10-11,0.0,Aarav Nair,25.0,Male,Pune,2025-12-06 00:03:47.581311,-1.0039199666793377,-0.7295764288901869,4.74,11037.0,1.83,56.1,Mixed,Low,0,Wednesday,October,1,False,False,False,False,False,False,False,False,False,False,False,True,0.0,Low,5.178970608915471,2.4664031782234406,8.03305670339753,0.19819809364975854,0.31379213079300117,0,-1.280215945255707,-0.383749678488634,0
T01219,R0029,Zone_8,0.2447011784974145,-0.07927573340797796,1.207010553069663,2023-07-21,0.0,Kavya Iyer,30.0,Female,Surat,2024-01-12 00:03:47.581311,-1.0039199666793377,-0.7295764288901869,3.69,4516.0,1.93,31.0,Business,Low,0,Friday,July,0,False,False,False,False,False,False,False,False,False,False,True,False,0.0,Low,5.406498899392565,2.316487998163037,7.598684096605148,0.17344769904218865,0.7154824497705309,0,1.1964295391705628,-0.383749678488634,1
T01220,R0266,Zone_7,0.5201365578425678,0.06623177070160301,1.1367185635868509,2023-10-15,1.0,Diya Reddy,29.0,Female,Chennai,2026-04-11 00:03:47.581311,0.5590549577479722,-0.026056301031792503,3.9,11070.0,0.64,45.2,Industrial,Low,0,Sunday,October,0,True,False,False,False,False,False,False,False,False,True,False,False,0.0,Low,5.382198850528739,2.4265710727750367,7.918333157931662,0.009492704075647248,0.28501916284195544,0,-1.72986627816307,-0.3042589321795199,0
T01221,R0113,Zone_4,-0.3785297222242465,-0.6079138834189959,-0.014493421176518752,2024-03-15,1.0,Aadhya Singh,26.0,Female,Chennai,2023-09-23 00:03:47.581311,0.16831122664114473,0.6774638268266019,4.61,4038.0,2.46,48.2,Business,Low,0,Friday,March,0,False,False,True,False,False,False,True,False,False,False,False,False,0.0,Low,4.866610947234645,2.010894999144726,6.302380502635492,-0.7155039739463284,0.05253806265286683,0,1.592550070541335,0.2422399486956406,0
T01222,R0207,Zone_7,-0.2758250045023248,0.04334954223275759,-0.585763645982628,2023-10-08,1.0,Ishaan Iyer,31.0,Male,Mumbai,2024-03-21 00:03:47.581311,0.16831122664114473,0.6774638268266019,3.93,11070.0,0.64,45.2,Industrial,Low,0,Sunday,October,1,False,False,False,False,False,False,False,False,False,True,False,False,0.0,Low,4.45898767581001,2.0681277817795625,7.868926229162401,-0.09306101432145507,0.7916588273284412,0,0.9501924521022449,0.2422399486956406,0
T01223,R0115,Zone_4,1.6615594434339243,0.4663774070029506,2.026996172438322,2023-06-23,0.0,Aarav Ghosh,40.0,Female,Bengaluru,2025-12-14 00:03:47.581311,1.3405424199616272,-0.026056301031792503,4.4,4038.0,2.46,48.2,Business,Low,0,Friday,June,0,False,True,False,False,False,False,True,False,False,False,False,False,0.0,Low,5.6534010450952765,2.785628335747585,8.737276463521113,-0.29616693110921594,-0.21003522005749173,0,-1.3087651727418887,-0.4487875618324548,0
T01224,R0243,Zone_8,-0.7216568473406664,-0.9379460247965736,-0.08833285685752908,2023-03-01,1.0,Ishaan Patel,33.0,Male,Jaipur,2025-03-25 00:03:47.581311,-0.22243250446568272,-1.4330965567485814,3.7,4516.0,1.93,31.0,Business,Low,0,Wednesday,March,1,True,False,False,False,False,False,False,False,False,False,True,False,0.0,Low,4.822376144635548,1.791759469228055,5.33572862878164,-0.11210787411724529,0.18250516746875955,0,-0.3666406656978899,-1.0991663952706623,1
T01225,R0298,Zone_3,-0.38553231661437737,-0.6114342262603567,-0.8551067832532178,2024-06-14,0.0,Vivaan Singh,35.0,Female,Ahmedabad,2024-08-08 00:03:47.581311,-0.22243250446568272,-0.026056301031792503,3.88,12971.0,2.11,38.0,Business,Low,0,Friday,June,0,False,False,False,False,False,True,False,False,False,False,False,False,0.0,Low,4.188138441508461,2.0068708488450007,6.29285308902091,0.5512700493781397,0.10940531162172483,0,0.4505809710940637,-0.07714251415347918,0
T01226,R0285,Zone_10,0.8469242960486822,1.6536130302518903,2.0238428869288123,2024-01-16,0.0,Diya Iyer,29.0,Male,Chennai,2026-03-07 00:03:47.581311,0.5590549577479722,1.3809839546849962,4.97,2440.0,1.54,35.4,Industrial,Low,0,Tuesday,January,1,False,True,False,True,False,False,False,False,False,False,False,False,0.0,Low,5.652559353245066,2.543175557911976,10.807867504739313,-0.6505178187928573,-0.1994641410159006,0,-1.6049634079110247,0.4906485309116225,1
T01227,R0289,Zone_8,0.3310665093090302,0.11933027522546226,0.4192147232772454,2023-11-30,1.0,Aarav Gupta,21.0,Male,Chennai,2025-05-08 00:03:47.581311,0.16831122664114473,0.6774638268266019,4.17,4516.0,1.93,31.0,Business,Low,0,Thursday,November,1,False,False,False,False,False,False,False,False,False,False,True,False,0.0,Low,5.093075126369514,2.3523271848888596,8.031811750782012,0.1028796096551321,0.7679001936249273,0,-0.5236614168718897,0.2422399486956406,0
T01228,R0191,Zone_3,-1.3682297293627639,-1.3486526896220037,-1.4169171515307992,2024-03-26,1.0,Meera Gupta,33.0,Male,Surat,2023-10-02 00:03:47.581311,1.3405424199616272,-0.7295764288901869,4.56,12971.0,2.11,38.0,Business,Low,0,Tuesday,March,1,True,False,False,False,False,True,False,False,False,False,False,False,0.0,Low,3.1415627217655304,1.172482137234565,3.803945320322047,-0.3127743387463294,-0.4040108476384331,0,1.5604321896193805,-0.7739769785515586,0
T01229,R0230,Zone_9,-1.7860511946405815,-1.6449482121032069,-1.486158045843775,2023-12-20,1.0,Kavya Gupta,32.0,Female,Chennai,2024-07-08 00:03:47.581311,0.16831122664114473,1.3809839546849962,3.65,11037.0,1.83,56.1,Mixed,Low,0,Wednesday,December,0,False,False,False,False,False,False,False,False,False,False,False,True,0.0,Low,2.8831233291713367,0.3646431135879093,2.090454496036687,-0.4473746990309987,-0.4927535703649966,0,0.5612092276030181,0.6893753966844082,0
T01230,R0057,Zone_1,-0.7916827912419766,-0.8742864917486319,-0.8512965632625608,2024-03-01,0.0,Aadhya Reddy,39.0,Female,Bengaluru,2024-04-30 00:03:47.581311,1.7312861510684545,0.6774638268266019,3.66,4921.0,2.43,30.9,Residential,Low,0,Friday,March,0,True,False,False,False,False,False,False,False,False,False,False,False,0.0,Low,4.1925293941308315,1.7404661748405046,5.535341001239219,-0.7498795220123965,-0.9787656906524701,0,0.807446314671336,-0.204895499293127,0
T01231,R0134,Zone_5,1.040662740842307,0.2140861700387576,0.9459447902615353,2023-11-16,0.0,Aadhya Singh,34.0,Female,Jaipur,2023-12-06 00:03:47.581311,-0.22243250446568272,-0.026056301031792503,4.59,2590.0,1.31,43.9,Business,Low,0,Thursday,November,0,False,False,False,False,False,False,False,True,False,False,False,False,0.0,Low,5.313107452020672,2.60638654732571,8.230431337420901,-0.06917351612452413,0.824112235552521,0,1.3284697162941534,-0.07714251415347918,0
T01232,R0109,Zone_6,0.7628931633671097,0.4226664833893867,0.031097831815137155,2023-07-13,1.0,Vivaan Kumar,35.0,Female,Delhi,2026-03-24 00:03:47.581311,-1.394663697786165,1.3809839546849962,3.35,14627.0,0.54,37.6,Mixed,Low,0,Thursday,July,0,False,True,False,False,False,False,False,False,True,False,False,False,0.0,Low,4.892977250628023,2.514465452029545,8.651589449343975,1.6018990449647397,1.4086395550864725,0,-1.665630516319161,2.4779171886394784,0
T01233,R0247,Zone_9,0.5854941054837906,0.7274695010705452,-0.1880555110957621,2023-08-21,1.0,Aadhya Das,37.0,Male,Bengaluru,2025-08-15 00:03:47.581311,1.7312861510684545,0.6774638268266019,4.92,11037.0,1.83,56.1,Mixed,Low,0,Monday,August,1,False,False,False,False,False,False,False,False,False,False,False,True,0.0,Low,4.759349436835766,2.451005098112319,9.232551110067032,0.873628505222185,0.835705268246608,0,-0.8769581070133893,-0.204895499293127,0
T01234,R0139,Zone_4,0.7115408045061492,0.8239855673045214,0.4406307873626633,2024-06-08,0.0,Diya Gupta,44.0,Female,Kolkata,2025-01-14 00:03:47.581311,0.16831122664114473,-1.4330965567485814,4.39,4038.0,2.46,48.2,Business,Low,0,Saturday,June,0,True,False,False,False,False,False,True,False,False,False,False,False,0.0,Low,5.103032143362223,2.4965057856313524,9.409038208021052,-0.42822260796561756,-0.2510766163965579,0,-0.11683492519379926,-1.0991663952706623,0
T01235,R0149,Zone_6,-1.1511493032687024,-0.9681623008515873,-0.8409169984604257,2023-03-14,1.0,Diya Reddy,30.0,Female,Jaipur,2023-08-25 00:03:47.581311,-0.22243250446568272,-1.4330965567485814,4.57,14627.0,0.54,37.6,Mixed,Low,0,Tuesday,March,0,False,True,False,False,False,False,False,False,True,False,False,False,0.0,Low,4.204394067366058,1.425515074273172,5.238320341483518,-1.1972527261293666,-1.1747060449986992,0,1.696041020178744,-1.0991663952706623,0
T01236,R0220,Zone_9,0.6811962288155812,1.413936355135907,1.2184412130416344,2024-07-25,1.0,Meera Ghosh,32.0,Male,Kolkata,2024-08-01 00:03:47.581311,-1.0039199666793377,-0.7295764288901869,3.78,11037.0,1.83,56.1,Mixed,Low,0,Thursday,July,1,False,False,False,False,False,False,False,False,False,False,False,True,0.0,Low,5.410395269953387,2.485739636091892,10.423051376636307,1.8081523333611471,3.076900570830175,0,0.47556154514447274,-0.383749678488634,0
T01237,R0188,Zone_4,-1.0974627462776978,-0.8962886345071371,-1.0814864054567428,2023-05-28,1.0,Vivaan Gupta,24.0,Male,Delhi,2025-06-15 00:03:47.581311,-1.394663697786165,0.6774638268266019,3.15,4038.0,2.46,48.2,Business,Low,0,Sunday,May,1,True,False,False,False,False,False,True,False,False,False,False,False,0.0,Low,3.885062823845363,1.4793292270870801,5.4671747731346585,-1.1663147328699053,-0.44205471200984636,0,-0.6592702474312532,1.5836462926619435,0
T01238,R0195,Zone_5,1.0850125053131368,1.2449598987505872,1.2953025473359248,2023-07-29,0.0,Aadhya Reddy,33.0,Male,Kolkata,2024-08-26 00:03:47.581311,0.5590549577479722,-1.4330965567485814,4.97,2590.0,1.31,43.9,Business,Low,0,Saturday,July,1,False,False,True,False,False,False,False,True,False,False,False,False,0.0,Low,5.43620799388748,2.620311286794203,10.142977866484772,-0.1640219671149804,-0.4615941796508422,0,0.3863452092501547,-1.0991663952706623,0
T01239,R0071,Zone_4,-0.616617931488701,-0.417815369985511,0.02282045735267519,2023-07-29,1.0,Vivaan Nair,35.0,Female,Ahmedabad,2024-08-27 00:03:47.581311,-2.17615115999982,-0.026056301031792503,3.82,4038.0,2.46,48.2,Business,Low,0,Saturday,July,0,False,False,False,False,False,False,True,False,False,False,False,False,0.0,Low,4.888241645882189,1.864080130807681,6.797058187186572,-0.510723923324181,-0.49874487799457856,0,0.38277655581438197,2.4779171886394784,1
T01240,R0036,Zone_1,0.30772452800859357,0.8682832147249787,0.4590249528348009,2024-06-19,0.0,Aadhya Das,30.0,Male,Surat,2024-02-01 00:03:47.581311,-0.6131762355725101,0.6774638268266019,4.9,4921.0,2.43,30.9,Residential,Low,0,Wednesday,June,1,True,False,False,False,False,False,False,False,False,False,False,False,0.0,Low,5.111505744481217,2.3427668826268775,9.488940931421167,-0.03928783556096274,0.4808545791235178,0,1.1250564704551083,0.6893753966844082,0
T01241,R0133,Zone_8,-1.5689707685465197,-1.43167410829743,-1.3001142007827238,2023-04-16,1.0,Diya Kumar,25.0,Male,Delhi,2023-08-24 00:03:47.581311,0.5590549577479722,-0.026056301031792503,4.4,4516.0,1.93,31.0,Business,Low,0,Sunday,April,1,False,False,True,False,False,False,False,False,False,False,True,False,0.0,Low,3.466672963621067,0.8628899551470398,3.411744421846396,-0.5195633499697412,-1.2949598202038526,0,1.6996096736145168,-0.3042589321795199,0
T01242,R0185,Zone_4,-1.5946469479770002,-1.5745413552759902,-1.331121508292899,2023-02-08,1.0,Vivaan Sharma,27.0,Male,Delhi,2026-02-04 00:03:47.581311,-0.22243250446568272,-0.026056301031792503,4.05,4038.0,2.46,48.2,Business,Low,0,Wednesday,February,1,False,False,False,False,False,False,True,False,False,False,False,False,0.0,Low,3.3901364343027307,0.8153648132841945,2.6019223662515376,-1.0869703555990426,-0.7481013307079293,0,-1.4943351514020704,-0.07714251415347918,0
T01243,R0116,Zone_4,1.2507405725462375,1.021124766420728,1.439039811811059,2023-10-06,0.0,Ishaan Kumar,34.0,Female,Bengaluru,2025-12-06 00:03:47.581311,-1.0039199666793377,-1.4330965567485814,4.58,4038.0,2.46,48.2,Business,Low,0,Friday,October,0,False,False,False,False,False,False,True,False,False,False,False,False,0.0,Low,5.48276166872297,2.670694414558441,9.759610647971568,1.1964640094883718,0.953614202396776,0,-1.280215945255707,-1.0991663952706623,0
T01244,R0032,Zone_2,0.7862351446675467,1.3535038030258795,1.6037989796829224,2023-03-27,1.0,Kavya Reddy,18.0,Male,Mumbai,2025-09-30 00:03:47.581311,-0.6131762355725101,0.6774638268266019,4.0,6371.0,0.91,58.4,Residential,Low,0,Monday,March,1,False,False,True,False,True,False,False,False,False,False,False,False,0.0,Low,5.533587097660087,2.522523513359307,10.323759005323593,0.09035708857392151,1.2079651822979531,0,-1.0411161650589345,0.6893753966844082,1
T01245,R0195,Zone_1,-1.4429240695241614,-1.2327747377605431,-1.4618514700413072,2024-05-21,1.0,Aadhya Reddy,33.0,Female,Kolkata,2025-11-25 00:03:47.581311,0.5590549577479722,1.3809839546849962,4.97,4921.0,2.43,30.9,Residential,Low,0,Tuesday,May,0,False,False,True,False,False,False,False,False,False,False,False,False,0.0,Low,2.9816333491744893,1.0681530811834012,4.291852746774987,-0.1640219671149804,-0.4615941796508422,0,-1.240960757462207,0.4906485309116225,0
T01246,R0271,Zone_1,1.4794919892905174,0.5376643495405072,-0.019748897025701064,2024-01-01,0.0,Saanvi Iyer,22.0,Female,Bengaluru,2025-01-25 00:03:47.581311,0.16831122664114473,-1.4330965567485814,4.37,4921.0,2.43,30.9,Residential,Low,0,Monday,January,0,False,True,False,False,False,False,False,False,False,False,False,False,0.0,Low,4.8635264290580436,2.7363136663750693,8.875246475450696,0.021114913183699048,-0.45899565082452587,0,-0.15609011298729922,-1.0991663952706623,0
T01247,R0118,Zone_9,-1.2935353892013663,-1.1224706620645704,-1.2425667402341785,2024-06-14,1.0,Reyansh Gupta,29.0,Male,Surat,2025-07-05 00:03:47.581311,-1.7854074288929924,-1.4330965567485814,4.13,11037.0,1.83,56.1,Mixed,Low,0,Friday,June,1,False,True,False,False,False,False,False,False,False,False,False,True,0.0,Low,3.594843462187342,1.2669476034873244,4.709564735726647,-1.6313667902779962,-1.9236017903980045,0,-0.7306433161467076,-1.0991663952706623,0
T01248,R0143,Zone_7,0.0019445729728722395,-0.16317723779374438,0.5190687644117082,2024-03-26,0.0,Meera Kumar,42.0,Male,Kolkata,2025-06-06 00:03:47.581311,0.16831122664114473,0.6774638268266019,4.56,11070.0,0.64,45.2,Industrial,Low,0,Tuesday,March,1,False,False,True,False,False,False,False,False,False,True,False,False,0.0,Low,5.13867664397714,2.2082744135228043,7.408103670980854,-1.1508457362401752,-0.631090797563891,0,-0.6271523665092986,0.2422399486956406,0
T01249,R0107,Zone_1,-0.5816049595380461,-0.8317490157488552,-0.746712593863834,2024-01-24,1.0,Reyansh Gupta,33.0,Female,Hyderabad,2024-03-29 00:03:47.581311,-1.0039199666793377,0.6774638268266019,3.66,4921.0,2.43,30.9,Residential,Low,0,Wednesday,January,0,False,True,False,False,False,False,False,False,False,False,False,False,0.0,Low,4.306090068583941,1.8870696490323797,5.664803615307419,-0.9297127463237406,-0.2653400604912592,0,0.9216432246160631,1.0470837550754222,0
T01250,R0276,Zone_8,-1.0997969444077416,-1.221626985429567,-1.1952674575915383,2023-12-26,0.0,Aadhya Ghosh,26.0,Male,Chennai,2024-10-26 00:03:47.581311,-0.6131762355725101,-0.026056301031792503,3.63,4516.0,1.93,31.0,Business,Low,0,Tuesday,December,1,True,False,False,False,False,False,False,False,False,False,True,False,0.0,Low,3.6891294228691436,1.4770487243883548,4.33589667773576,-1.7727976166069621,-1.438071729345095,0,0.16865734966801857,0.09319479936605132,0
T01251,R0269,Zone_6,1.3417742996179407,1.8220027628303164,2.026996172438322,2023-02-05,0.0,Aadhya Sharma,41.0,Male,Mumbai,2024-06-18 00:03:47.581311,-0.22243250446568272,0.6774638268266019,3.41,14627.0,0.54,37.6,Mixed,Low,0,Sunday,February,1,False,False,False,False,False,False,False,False,True,False,False,False,0.0,Low,5.6534010450952765,2.6973262377392344,11.070230349906907,0.5403259973407792,1.9771821839200237,0,0.6325822963184725,0.43386942640511234,0
T01252,R0224,Zone_4,1.943997417169209,2.502309016923297,0.5283972340440064,2023-11-03,1.0,Ishaan Sharma,29.0,Female,Ahmedabad,2025-07-11 00:03:47.581311,-0.22243250446568272,-0.026056301031792503,4.31,4038.0,2.46,48.2,Business,Low,0,Friday,November,0,False,True,False,False,False,False,True,False,False,False,False,False,0.0,Low,5.1428324637076415,2.857618971424357,12.072282302862206,-1.2570240872564888,-1.856499144946689,0,-0.7520552367613439,-0.07714251415347918,0
T01253,R0292,Zone_1,0.18634622524632266,0.006972666205362292,-0.06980730448916174,2023-06-13,0.0,Diya Patel,37.0,Female,Jaipur,2026-02-12 00:03:47.581311,0.5590549577479722,-1.4330965567485814,4.39,4921.0,2.43,30.9,Residential,Low,0,Tuesday,June,0,False,False,False,False,False,False,False,False,False,False,False,False,0.0,Low,4.833659423627053,2.2915241456346207,7.789736837660179,0.42789223196550363,-0.11737633993013644,0,-1.522884378888252,-1.0991663952706623,0
T01254,R0135,Zone_7,1.7595957648957585,1.107666527937515,1.0715506630569909,2024-07-17,1.0,Reyansh Patel,38.0,Male,Ahmedabad,2025-05-30 00:03:47.581311,0.16831122664114473,-0.7295764288901869,3.47,11070.0,0.64,45.2,Industrial,Low,0,Wednesday,July,1,True,False,False,False,False,False,False,False,False,True,False,False,0.0,Low,5.359130205944549,2.8112082932048366,9.909591313469996,0.13750069735024334,-0.1852135518341216,0,-0.6021717924588895,-0.6520309472818946,0
T01255,R0058,Zone_7,-0.35051934466372237,-0.10215796187682338,0.03346279594726925,2023-02-21,0.0,Vivaan Reddy,46.0,Female,Kolkata,2023-11-06 00:03:47.581311,0.16831122664114473,1.3809839546849962,4.32,11070.0,0.64,45.2,Industrial,Low,0,Tuesday,February,0,False,True,False,False,False,False,False,False,False,True,False,False,0.0,Low,4.894326171695873,2.0268315914075385,7.547184905645283,0.8387618778980307,0.014896122993908854,0,1.4355293193673353,0.6893753966844082,0
T01256,R0276,Zone_8,0.10464929069479376,0.4596300832236756,-0.1592817808214894,2023-07-26,0.0,Aadhya Ghosh,26.0,Male,Chennai,2026-02-21 00:03:47.581311,-0.6131762355725101,-1.4330965567485814,3.63,4516.0,1.93,31.0,Business,Low,0,Wednesday,July,1,True,False,False,False,False,False,False,False,False,False,True,False,0.0,Low,4.777946329938515,2.255493485460195,8.724104538575865,-1.7727976166069621,-1.438071729345095,0,-1.5550022598102067,-1.0991663952706623,0
T01257,R0203,Zone_4,0.13265966825531805,0.3924502073343729,0.16261611494092293,2024-03-01,0.0,Kavya Gupta,49.0,Male,Bengaluru,2023-12-10 00:03:47.581311,-1.0039199666793377,0.6774638268266019,3.6,4038.0,2.46,48.2,Business,Low,0,Friday,March,1,False,False,False,False,False,False,True,False,False,False,False,False,0.0,Low,4.96535894922662,2.2679936482244267,8.591856609604235,-0.19780822007134483,0.2562755775490171,0,1.3141951025510625,1.0470837550754222,0
T01258,R0115,Zone_8,-1.3705639274928074,-1.4375413463663647,-1.4006251763983342,2024-03-05,1.0,Aarav Ghosh,40.0,Male,Bengaluru,2025-11-12 00:03:47.581311,1.3405424199616272,1.3809839546849962,4.4,4516.0,1.93,31.0,Business,Low,0,Tuesday,March,1,False,False,False,False,False,False,False,False,False,False,True,False,0.0,Low,3.1937631240531252,1.169381359556317,3.3823069050575527,-0.29616693110921594,-0.21003522005749173,0,-1.1945682627971617,0.20159127160575266,0
T01259,R0060,Zone_2,0.5621521241833539,-0.23035711368304684,-0.43874170910175486,2023-03-22,1.0,Aarav Nair,40.0,Female,Hyderabad,2024-03-26 00:03:47.581311,-0.6131762355725101,-0.7295764288901869,4.57,6371.0,0.91,58.4,Residential,Low,0,Wednesday,March,0,False,True,False,False,True,False,False,False,False,False,False,False,0.0,Low,4.5807750291533695,2.4423470353692043,7.251896303726357,-0.1266999435003933,-0.26179210452486745,0,0.9323491849233813,-0.5029857979523055,0
T01260,R0136,Zone_5,0.8072429278379398,0.10466218005312547,0.1736526142242053,2023-06-21,1.0,Diya Ghosh,34.0,Male,Hyderabad,2025-06-07 00:03:47.581311,-1.394663697786165,-0.7295764288901869,3.82,2590.0,1.31,43.9,Business,Low,0,Wednesday,June,1,False,False,True,False,False,False,False,True,False,False,False,False,0.0,Low,4.971201224850849,2.529720665577793,8.000624975587845,-0.8112644292732323,-1.4638825580757535,0,-0.6307210199450713,-0.204895499293127,0
T01261,R0057,Zone_7,-0.22447264564136402,-0.2291836660692599,-0.705062947759065,2023-04-07,1.0,Aadhya Reddy,39.0,Male,Bengaluru,2024-01-21 00:03:47.581311,1.7312861510684545,-0.026056301031792503,3.66,11070.0,0.64,45.2,Industrial,Low,0,Friday,April,1,False,True,False,False,False,False,False,False,False,True,False,False,0.0,Low,4.34795265434013,2.0955609235597192,7.254653678846427,-0.7498795220123965,-0.9787656906524701,0,1.1643116582486082,-0.5029857979523055,0
T01262,R0282,Zone_4,-1.7813827983804942,-1.6690038881858393,-1.486158045843775,2024-08-02,0.0,Reyansh Kumar,22.0,Male,Bengaluru,2024-10-17 00:03:47.581311,0.5590549577479722,1.3809839546849962,4.47,4038.0,2.46,48.2,Business,Low,0,Friday,August,1,True,False,False,False,False,False,True,False,False,False,False,False,0.0,Low,2.8831233291713367,0.3784364357202451,1.8841443681416772,1.3124896688656529,0.8859312494478517,0,0.20077523058997307,0.4906485309116225,0
T01263,R0220,Zone_3,0.40809504760047144,0.6506086823675007,1.4261638959805625,2024-05-02,1.0,Meera Ghosh,32.0,Female,Kolkata,2024-09-24 00:03:47.581311,-1.0039199666793377,-0.026056301031792503,3.78,12971.0,2.11,38.0,Business,Low,0,Thursday,May,0,False,False,False,False,False,True,False,False,False,False,False,False,0.0,Low,5.478678669966805,2.3832429960115,9.08955444452587,1.8081523333611471,3.076900570830175,0,0.2828542596127457,0.3316670382933942,1
T01264,R0056,Zone_3,-1.7907195909006688,-1.691299392847791,-1.486158045843775,2023-04-18,0.0,Meera Patel,40.0,Female,Hyderabad,2023-12-02 00:03:47.581311,0.5590549577479722,-1.4330965567485814,3.25,12971.0,2.11,38.0,Business,Low,0,Tuesday,April,0,False,True,False,False,False,True,False,False,False,False,False,False,0.0,Low,2.8831233291713367,0.3506568716131694,1.6703293088490065,-0.432478628202369,-0.8547708734419384,0,1.3427443300372444,-1.0991663952706623,0
T01265,R0116,Zone_1,-0.9690818491252959,-0.7431537209079411,-0.5259826081981801,2023-06-03,1.0,Ishaan Kumar,34.0,Female,Bengaluru,2025-03-21 00:03:47.581311,-1.0039199666793377,1.3809839546849962,4.58,4921.0,2.43,30.9,Residential,Low,0,Saturday,June,0,False,False,False,False,False,False,False,False,False,False,False,False,0.0,Low,4.5103099049641315,1.597365331199831,5.92536918681022,1.1964640094883718,0.953614202396776,0,-0.352366051954799,1.7625004718574506,0
T01266,R0125,Zone_7,0.13265966825531805,-0.31015155142055917,0.18416356592256994,2023-12-23,1.0,Saanvi Ghosh,44.0,Female,Ahmedabad,2024-10-13 00:03:47.581311,-0.6131762355725101,-1.4330965567485814,3.89,11070.0,0.64,45.2,Industrial,Low,0,Saturday,December,0,False,False,False,False,False,False,False,False,False,True,False,False,0.0,Low,4.976733742420574,2.2679936482244267,7.061869440877536,0.7091169537631454,1.6511842156771257,0,0.21504984433306398,-1.0991663952706623,0
T01267,R0258,Zone_3,-0.9200636883943786,-0.5680166645502399,-1.2315302409508957,2023-07-14,1.0,Vivaan Nair,32.0,Female,Jaipur,2024-07-31 00:03:47.581311,-1.0039199666793377,-0.026056301031792503,3.76,12971.0,2.11,38.0,Business,Low,0,Friday,July,0,False,True,False,False,False,True,False,False,False,False,False,False,0.0,Low,3.6176519448255684,1.6389967146756448,6.4093681435848255,-1.3233618796060271,-0.9954036208054234,0,0.47913019858024547,0.3316670382933942,0
T01268,R0142,Zone_6,0.275045754187982,0.651488768077841,0.34852857310574437,2023-08-09,1.0,Meera Nair,33.0,Male,Kolkata,2025-10-19 00:03:47.581311,-1.394663697786165,1.3809839546849962,3.48,14627.0,0.54,37.6,Mixed,Low,0,Wednesday,August,1,False,False,True,False,False,False,False,False,True,False,False,False,0.0,Low,5.059488948313644,2.329227023940467,9.091204540653566,-0.7729602471424706,-0.8299608915030422,0,-1.1089205803386162,2.4779171886394784,0
T01269,R0058,Zone_2,-0.2851617970224995,-0.4386440651302293,-0.85444984877207,2023-08-07,1.0,Vivaan Reddy,46.0,Female,Kolkata,2025-04-17 00:03:47.581311,0.16831122664114473,-0.026056301031792503,4.32,6371.0,0.91,58.4,Residential,Low,0,Monday,August,0,True,False,False,False,True,False,False,False,False,False,False,False,0.0,Low,4.188896879163323,2.063058062429312,6.7446274915669,0.8387618778980307,0.014896122993908854,0,-0.4487196947206625,-0.204895499293127,0
T01270,R0067,Zone_1,-1.853742940411848,-1.7496784116336916,-1.486158045843775,2023-12-25,0.0,Saanvi Iyer,32.0,Female,Pune,2025-06-04 00:03:47.581311,2.122029882175282,1.3809839546849962,3.38,4921.0,2.43,30.9,Residential,Low,0,Monday,December,0,False,False,True,False,False,False,False,False,False,False,False,False,0.0,Low,2.8831233291713367,0.1397619423751587,0.8944271909999159,0.35712645169762713,0.4338649281973977,0,-0.6200150596377532,0.0014747074709196375,0
T01271,R0088,Zone_10,0.17467523459610412,-0.18869972339361052,-0.7622162476189217,2023-05-22,1.0,Diya Iyer,22.0,Female,Jaipur,2024-01-28 00:03:47.581311,0.16831122664114473,-0.026056301031792503,4.78,2440.0,1.54,35.4,Industrial,Low,0,Monday,May,0,False,False,True,True,False,False,False,False,False,False,False,False,0.0,Low,4.290048397777529,2.286455711064162,7.349149610669251,-0.1829285185513184,-0.6036960599196656,0,1.1393310841981992,-0.204895499293127,0
T01272,R0112,Zone_1,0.6625226437752318,1.0228849378414084,1.4649230303682814,2024-06-21,0.0,Meera Nair,41.0,Male,Delhi,2023-12-18 00:03:47.581311,0.9497986888547996,-0.7295764288901869,3.24,4921.0,2.43,30.9,Residential,Low,0,Friday,June,1,False,False,False,False,False,False,False,False,False,False,False,False,0.0,Low,5.4909192327495475,2.4790562361098245,9.762684057163789,0.5075780262443694,-0.49438155326572436,0,1.285645875064881,-0.7414580368796482,1
T01273,R0062,Zone_5,1.1597068454745345,1.8665937721542203,1.3130397783269148,2023-12-17,1.0,Kavya Sharma,38.0,Female,Jaipur,2026-01-07 00:03:47.581311,-0.22243250446568272,-0.026056301031792503,3.58,2590.0,1.31,43.9,Business,Low,0,Sunday,December,0,True,False,False,False,False,False,False,True,False,False,False,False,0.0,Low,5.442071330192733,2.643333886382519,11.138671374989029,0.7920391942000682,-0.09619983848033548,0,-1.394412855200434,-0.07714251415347918,0
T01274,R0094,Zone_5,-0.44855566612555664,-0.450085179364652,-0.39866870575174035,2023-08-12,1.0,Diya Iyer,41.0,Female,Delhi,2023-11-15 00:03:47.581311,-0.6131762355725101,-0.7295764288901869,4.87,2590.0,1.31,43.9,Business,Low,0,Saturday,August,0,False,False,True,False,False,False,False,True,False,False,False,False,0.0,Low,4.611549792952131,1.969905654611529,6.715653356152326,-0.081520651756418,-0.09199706899042197,0,1.4034114384453806,-0.5029857979523055,0
T01275,R0040,Zone_6,-0.0937575503589182,-0.12709372366979596,-0.025398533563571687,2023-09-29,0.0,Aarav Gupta,34.0,Male,Surat,2025-09-13 00:03:47.581311,0.9497986888547996,-0.026056301031792503,4.41,14627.0,0.54,37.6,Mixed,Low,0,Friday,September,1,False,False,False,False,False,False,False,False,True,False,False,False,0.0,Low,4.860199926164623,2.162172939277301,7.490660852021001,-0.027501933366882544,-0.5258503800980654,0,-0.9804490566507982,-0.383749678488634,0
T01276,R0008,Zone_4,-1.7673776096002323,-1.6734043167375403,-1.486158045843775,2023-09-25,1.0,Ishaan Ghosh,28.0,Female,Jaipur,2024-01-06 00:03:47.581311,0.16831122664114473,1.3809839546849962,4.02,4038.0,2.46,48.2,Business,Low,0,Monday,September,0,True,False,False,False,False,False,True,False,False,False,False,False,0.0,Low,2.8831233291713367,0.41871033485818504,1.8439088914585775,-1.2141949605333575,-0.5317590490017221,0,1.2178414597851992,0.6893753966844082,0
T01277,R0277,Zone_7,2.270785155375323,2.4990820359853823,0.7383534942188371,2024-03-04,1.0,Kavya Gupta,42.0,Male,Jaipur,2025-11-28 00:03:47.581311,0.5590549577479722,1.3809839546849962,3.06,11070.0,0.64,45.2,Industrial,Low,0,Monday,March,1,True,False,False,False,False,False,False,False,False,True,False,False,0.0,Low,5.23207072072911,2.9349201341572337,12.067725552066554,0.923554896460998,0.8555936549526215,0,-1.251666717769525,0.4906485309116225,0
T01278,R0030,Zone_9,1.7362537835953216,0.8682832147249787,2.026996172438322,2024-06-08,1.0,Saanvi Patel,25.0,Male,Mumbai,2026-04-08 00:03:47.581311,1.3405424199616272,1.3809839546849962,3.72,11037.0,1.83,56.1,Mixed,Low,0,Saturday,June,1,True,False,False,False,False,False,False,False,False,False,False,True,0.0,Low,5.6534010450952765,2.805176911832933,9.488940931421167,-0.4263475780711049,0.3973443902703131,0,-1.7191603178557517,0.20159127160575266,0
T01279,R0104,Zone_6,-0.05874457840826322,-0.33156697037217076,0.7127330494540735,2024-04-24,1.0,Diya Gupta,52.0,Male,Kolkata,2025-12-26 00:03:47.581311,0.5590549577479722,0.6774638268266019,3.7,14627.0,0.54,37.6,Mixed,Low,0,Wednesday,April,1,False,False,False,False,False,False,False,False,True,False,False,False,0.0,Low,5.221598296134632,2.179286876649552,7.009992867328753,-1.7112490162600968,-1.464277387544063,0,-1.3515890139711615,0.09319479936605132,1
T01280,R0074,Zone_1,-0.1661176923902722,-0.4383507032267826,0.1299007777797634,2024-05-19,1.0,Vivaan Ghosh,23.0,Male,Kolkata,2024-10-14 00:03:47.581311,-0.22243250446568272,-1.4330965567485814,4.89,4921.0,2.43,30.9,Residential,Low,0,Sunday,May,1,False,True,False,False,False,False,False,False,False,False,False,False,0.0,Low,4.9478374792722155,2.1258479144939915,6.745368781616021,-0.8798752170459152,-0.43733249909983135,0,0.21148119089729125,-1.0991663952706623,0
T01281,R0161,Zone_9,-0.33651415588346023,-0.4154684747579372,0.44076217425889275,2024-01-20,1.0,Aarav Nair,32.0,Male,Surat,2026-03-06 00:03:47.581311,-0.6131762355725101,1.3809839546849962,4.91,11037.0,1.83,56.1,Mixed,Low,0,Saturday,January,1,False,False,False,False,False,False,False,False,False,False,False,True,0.0,Low,5.103092924398559,2.0347056478384444,6.802940540677979,-1.5056505002078056,-1.169826424991684,0,-1.601394754475252,1.285555994002765,1
T01282,R0190,Zone_2,1.1877172230350583,1.2810434128745358,1.285448530118708,2023-09-16,1.0,Saanvi Iyer,35.0,Female,Surat,2024-06-21 00:03:47.581311,0.5590549577479722,-0.7295764288901869,4.12,6371.0,0.91,58.4,Residential,Low,0,Saturday,September,0,False,False,True,False,True,False,False,False,False,False,False,False,0.0,Low,5.432935668272798,2.6518325211039815,10.203430795570673,-0.18562945447079532,-0.19072280022913898,0,0.6218763360111543,-0.701712663725091,0
T01283,R0032,Zone_1,0.6345122662147079,0.9202082716350508,1.2370981523062314,2024-08-05,1.0,Kavya Reddy,18.0,Male,Mumbai,2025-02-13 00:03:47.581311,-0.6131762355725101,1.3809839546849962,4.0,4921.0,2.43,30.9,Residential,Low,0,Monday,August,1,False,True,False,False,False,False,False,False,False,False,False,False,0.0,Low,5.416722430926658,2.468946630209271,9.581753492967767,0.09035708857392151,1.2079651822979531,0,-0.22389452826698095,1.285555994002765,0
T01284,R0257,Zone_6,0.9262870324701671,0.9917885760760543,0.11479128471336437,2023-06-13,0.0,Arjun Reddy,36.0,Male,Delhi,2024-07-23 00:03:47.581311,-0.22243250446568272,0.6774638268266019,4.82,14627.0,0.54,37.6,Mixed,Low,0,Tuesday,June,1,True,False,False,False,False,False,False,False,True,False,False,False,0.0,Low,4.939640419938631,2.569554123848285,9.7082439194738,-0.044759861579643505,-0.5139740146293771,0,0.5076794260664272,0.43386942640511234,0
T01285,R0011,Zone_9,-0.4952396287264302,-0.4063742557510883,-1.0155301835495056,2024-05-17,0.0,Vivaan Nair,26.0,Female,Chennai,2025-07-27 00:03:47.581311,0.5590549577479722,-0.7295764288901869,4.0,11037.0,1.83,56.1,Mixed,Low,0,Friday,May,0,False,True,False,False,False,False,False,False,False,False,False,True,0.0,Low,3.983226764434478,1.9416152247724325,6.825686778632609,-0.009495693903703363,0.4865107408090695,0,-0.8091536917337075,-0.701712663725091,0
T01286,R0253,Zone_1,-0.5699339688878275,-0.332447056082511,-0.5665811591331129,2023-07-06,0.0,Ishaan Gupta,26.0,Male,Surat,2025-02-12 00:03:47.581311,-0.6131762355725101,0.6774638268266019,3.16,4921.0,2.43,30.9,Residential,Low,0,Thursday,July,1,False,False,False,False,False,False,False,False,False,False,False,False,0.0,Low,4.475744638547633,1.8946168546677629,7.0078527381787925,-1.5626156941458604,-2.285889964854369,0,-0.22032587483120822,0.6893753966844082,0
T01287,R0084,Zone_4,-1.4639318526945544,-1.3465991562978765,-1.3238952290002735,2024-01-11,0.0,Kavya Sharma,38.0,Female,Jaipur,2026-01-17 00:03:47.581311,0.16831122664114473,-0.7295764288901869,4.67,4038.0,2.46,48.2,Business,Low,0,Thursday,January,0,False,False,True,False,False,False,True,False,False,False,False,False,0.0,Low,3.4085039568445934,1.0367368849500223,3.8131351929875237,0.7488943736681674,1.403309357264293,0,-1.4300993895581613,-0.6520309472818946,0
T01288,R0124,Zone_1,0.8866056642594247,1.4403389264461135,0.0693314186179379,2023-04-23,1.0,Aadhya Das,37.0,Female,Hyderabad,2025-01-04 00:03:47.581311,-1.0039199666793377,-0.026056301031792503,3.59,4921.0,2.43,30.9,Residential,Low,0,Sunday,April,0,True,False,False,False,False,False,False,False,False,False,False,False,0.0,Low,4.914564825345522,2.556451816951096,10.466135867644754,0.25005606330371205,-0.04340549814636548,0,-0.08114839083607203,0.3316670382933942,0
T01289,R0111,Zone_9,1.439810621079775,1.2951247842399791,0.27810519672670253,2024-07-22,0.0,Reyansh Sharma,28.0,Female,Ahmedabad,2026-01-28 00:03:47.581311,-2.566894891106647,-1.4330965567485814,4.67,11037.0,1.83,56.1,Mixed,Low,0,Monday,July,0,False,False,False,False,False,False,False,False,False,False,False,True,0.0,Low,5.02486687634298,2.725235025856311,10.22692524662227,3.6349671734436164,0.6996819253736207,0,-1.4693545773516612,-1.0991663952706623,0
T01290,R0190,Zone_5,1.29042194075698,0.5423581399956553,0.37414901787050797,2024-06-22,1.0,Saanvi Iyer,35.0,Male,Surat,2024-12-29 00:03:47.581311,0.5590549577479722,-1.4330965567485814,4.12,2590.0,1.31,43.9,Business,Low,0,Saturday,June,1,False,False,True,False,False,False,False,True,False,False,False,False,0.0,Low,5.07179310707435,2.6823904543216326,8.884255736976508,-0.18562945447079532,-0.19072280022913898,0,-0.059736470221435696,-1.0991663952706623,0
T01291,R0058,Zone_1,0.19801721589654078,0.04100264700518375,-0.02579269425226037,2024-03-09,1.0,Vivaan Reddy,46.0,Male,Kolkata,2023-08-25 00:03:47.581311,0.16831122664114473,0.6774638268266019,4.32,4921.0,2.43,30.9,Residential,Low,0,Saturday,March,1,False,False,False,False,False,False,False,False,False,False,False,False,0.0,Low,4.859967431104096,2.2965670206684825,7.863841300535,0.8387618778980307,0.014896122993908854,0,1.696041020178744,0.2422399486956406,0
T01292,R0003,Zone_10,-0.40187170352468315,-0.7047233115564187,-0.6157198583229667,2024-03-22,0.0,Kavya Reddy,34.0,Male,Pune,2025-02-24 00:03:47.581311,0.9497986888547996,-1.4330965567485814,3.76,2440.0,1.54,35.4,Industrial,Low,0,Friday,March,1,False,False,False,True,False,False,False,False,False,False,False,False,0.0,Low,4.432244350834499,1.9974177062012453,6.034898507845845,-0.7800317884589186,-1.043168804390227,0,-0.2631497160604809,-1.0991663952706623,0
T01293,R0167,Zone_5,-1.2491856247305366,-1.0027790054583023,-0.9433987775194793,2024-02-21,0.0,Kavya Nair,44.0,Female,Hyderabad,2024-01-10 00:03:47.581311,-0.22243250446568272,0.6774638268266019,4.75,2590.0,1.31,43.9,Business,Low,0,Wednesday,February,0,False,False,False,False,False,False,False,True,False,False,False,False,0.0,Low,4.080583646972063,1.3190856114264407,5.124451190127583,0.6455572669307834,0.7823206512988862,0,1.2035668460421083,0.43386942640511234,0
T01294,R0103,Zone_2,-0.8407009519728937,-0.5040637695988515,-0.7486833973072775,2023-10-15,1.0,Ishaan Gupta,37.0,Male,Surat,2023-11-01 00:03:47.581311,0.5590549577479722,0.6774638268266019,3.07,6371.0,0.91,58.4,Residential,Low,0,Sunday,October,1,True,False,False,False,True,False,False,False,False,False,False,False,0.0,Low,4.30406509320417,1.7029282555214393,6.577233460962139,-0.09134223691815115,0.09274639385583802,0,1.4533725865461988,0.09319479936605132,0
T01295,R0084,Zone_6,0.5248049541026552,1.080090509013522,1.273360935665589,2023-04-07,1.0,Kavya Sharma,38.0,Male,Jaipur,2024-04-18 00:03:47.581311,0.16831122664114473,0.6774638268266019,4.67,14627.0,0.54,37.6,Mixed,Low,0,Friday,April,1,False,False,False,False,False,False,False,False,True,False,False,False,0.0,Low,5.4289069362516384,2.428336298299606,9.862048468751308,0.7488943736681674,1.403309357264293,0,0.8502701559006086,0.2422399486956406,1
T01296,R0055,Zone_4,-0.352853542793766,-0.21246203757279597,-0.1959387248695356,2023-08-09,0.0,Kavya Singh,32.0,Male,Delhi,2025-01-12 00:03:47.581311,0.16831122664114473,-1.4330965567485814,4.19,4038.0,2.46,48.2,Business,Low,0,Wednesday,August,1,False,False,True,False,False,False,True,False,False,False,False,False,0.0,Low,4.754193457380532,2.0255131996542803,7.293833011524188,0.5131763297865582,0.1910405673036116,0,-0.10969761832225382,-1.0991663952706623,0
T01297,R0235,Zone_7,1.8949792564382917,2.815032805997517,0.43314173427757835,2024-08-01,0.0,Aarav Ghosh,34.0,Female,Delhi,2025-07-03 00:03:47.581311,0.16831122664114473,0.6774638268266019,4.06,11070.0,0.64,45.2,Industrial,Low,0,Thursday,August,0,False,False,True,False,False,False,False,False,False,True,False,False,0.0,Low,5.099561503290658,2.845490610223448,12.505998560690786,-0.6690969840571369,-0.8597934715620631,0,-0.7235060092751622,0.2422399486956406,0
T01298,R0254,Zone_1,1.3231007145775915,0.2718784650177645,0.6400760958391291,2023-12-30,0.0,Meera Kumar,18.0,Female,Delhi,2025-08-18 00:03:47.581311,-0.22243250446568272,-1.4330965567485814,3.68,4921.0,2.43,30.9,Residential,Low,0,Saturday,December,0,False,False,False,False,False,False,False,False,False,False,False,False,0.0,Low,5.191288793789513,2.6919208191723265,8.349251463454673,2.165938649967161,1.4389443564364945,0,-0.8876640673207075,-1.0991663952706623,0
T01299,R0060,Zone_1,-0.72399104547071,-0.45125862697843894,-0.7304206187313692,2023-10-20,1.0,Aarav Nair,40.0,Male,Hyderabad,2024-06-06 00:03:47.581311,-0.6131762355725101,0.6774638268266019,4.57,4921.0,2.43,30.9,Residential,Low,0,Friday,October,1,False,False,True,False,False,False,False,False,False,False,False,False,0.0,Low,4.32267464022361,1.7900914121273581,6.712674578735364,-0.1266999435003933,-0.26179210452486745,0,0.6754061375477453,0.6893753966844082,0
T01300,R0196,Zone_3,-1.4405898713941179,-1.3336912325462202,-1.2123477541013803,2024-01-25,1.0,Vivaan Das,18.0,Male,Hyderabad,2024-08-23 00:03:47.581311,1.7312861510684545,1.3809839546849962,4.93,12971.0,2.11,38.0,Business,Low,0,Thursday,January,1,False,False,True,False,False,True,False,False,False,False,False,False,0.0,Low,3.6560979645895566,1.0715836162801904,3.8704004960727256,-0.0564756095939968,-0.034067322116810524,0,0.3970511695574728,0.09319479936605132,0
T01301,R0097,Zone_3,-0.660967695959531,-0.6783207402462125,-0.9661287105671926,2023-05-06,1.0,Aarav Iyer,23.0,Male,Bengaluru,2024-06-30 00:03:47.581311,0.16831122664114473,0.6774638268266019,3.28,12971.0,2.11,38.0,Business,Low,0,Saturday,May,1,True,False,False,False,False,True,False,False,False,False,False,False,0.0,Low,4.050915004294764,1.8341801851120072,6.109009739720506,0.3459638424080422,0.319130592487773,0,0.5897584550891999,0.2422399486956406,0
T01302,R0028,Zone_4,1.2227301949857134,2.0311697999878393,1.5346894722661757,2023-05-04,1.0,Reyansh Sharma,20.0,Male,Surat,2024-06-11 00:03:47.581311,-0.22243250446568272,-0.7295764288901869,3.79,4038.0,2.46,48.2,Business,Low,0,Thursday,May,1,True,False,False,False,False,False,True,False,False,False,False,False,0.0,Low,5.5125816132556515,2.6623552418400807,11.387712676389407,0.9258933691185541,0.9185564937528236,0,0.6575628703688816,-0.5881544547120707,0
T01303,R0235,Zone_9,-0.6329573183990068,-0.4712072364128169,-0.802683411657625,2024-03-09,1.0,Aarav Ghosh,34.0,Female,Delhi,2024-10-03 00:03:47.581311,0.16831122664114473,0.6774638268266019,4.06,11037.0,1.83,56.1,Mixed,Low,0,Saturday,March,0,True,False,False,False,False,False,False,False,False,False,False,True,0.0,Low,4.246922577489038,1.8531680973566984,6.661831579978587,-0.6690969840571369,-0.8597934715620631,0,0.2507363786907912,0.2422399486956406,0
T01304,R0072,Zone_10,0.6158386811743585,0.6139384444366588,1.2223828199285214,2023-05-28,1.0,Saanvi Das,25.0,Female,Jaipur,2025-04-07 00:03:47.581311,-1.0039199666793377,-0.026056301031792503,4.07,2440.0,1.54,35.4,Industrial,Low,0,Sunday,May,0,False,False,False,True,False,False,False,False,False,False,False,False,0.0,Low,5.411735333583594,2.462149662665384,9.020532135079394,0.9642817362649869,0.5435938998459792,0,-0.41303316036293525,0.3316670382933942,0
T01305,R0134,Zone_9,-0.681975479129924,-0.7346462257079858,-0.3927562954214103,2023-08-20,1.0,Aadhya Singh,34.0,Female,Jaipur,2024-12-05 00:03:47.581311,-0.22243250446568272,0.6774638268266019,4.59,11037.0,1.83,56.1,Mixed,Low,0,Sunday,August,0,False,True,False,False,False,False,False,False,False,False,False,True,0.0,Low,4.616011209165967,1.8196988379172965,5.9497899122574065,-0.06917351612452413,0.824112235552521,0,0.025911212237109658,0.43386942640511234,0
T01306,R0084,Zone_10,0.38008467003994756,0.37338168361033536,0.909682006902178,2023-09-01,0.0,Kavya Sharma,38.0,Female,Jaipur,2024-07-29 00:03:47.581311,0.16831122664114473,-0.7295764288901869,4.67,2440.0,1.54,35.4,Industrial,Low,0,Friday,September,0,False,False,False,True,False,False,False,False,False,False,False,False,0.0,Low,5.2994167619913375,2.372111155642656,8.553946457629952,0.7488943736681674,1.403309357264293,0,0.4862675054517909,-0.6520309472818946,0
T01307,R0164,Zone_10,0.5948308980039655,0.06300478976368894,0.268119792613256,2024-08-04,1.0,Aadhya Ghosh,37.0,Male,Ahmedabad,2023-10-08 00:03:47.581311,1.7312861510684545,-0.7295764288901869,4.02,2440.0,1.54,35.4,Industrial,Low,0,Sunday,August,1,False,True,False,True,False,False,False,False,False,False,False,False,0.0,Low,5.019859288623787,2.454447442303292,7.911384202527394,0.1561617091575382,0.5640717761302595,0,1.539020269004744,-0.8010760966114839,0
T01308,R0176,Zone_6,1.1293622697839665,1.3928142980877423,2.026996172438322,2023-08-09,0.0,Kavya Gupta,43.0,Male,Mumbai,2026-02-28 00:03:47.581311,-0.6131762355725101,-1.4330965567485814,3.95,14627.0,0.54,37.6,Mixed,Low,0,Wednesday,August,1,False,False,True,False,False,False,False,False,True,False,False,False,0.0,Low,5.6534010450952765,2.6340447877917144,10.388455130576443,4.175154357338968,3.600907222673888,0,-1.5799828338606157,-1.0991663952706623,1
T01309,R0170,Zone_9,1.6522226509137494,1.514852849921584,1.9485581953892774,2024-07-17,0.0,Saanvi Kumar,29.0,Male,Bengaluru,2025-03-09 00:03:47.581311,-0.22243250446568272,1.3809839546849962,3.68,11037.0,1.83,56.1,Mixed,Low,0,Wednesday,July,1,False,False,True,False,False,False,False,False,False,False,False,True,0.0,Low,5.632250668514958,2.783157673589016,10.586784214292837,-0.26364090232685156,0.24261893781325272,0,-0.3095422107255263,0.9448813669637038,0
T01310,R0245,Zone_10,1.5075023668510419,0.7084009773465076,1.8295216674052996,2024-04-22,1.0,Diya Sharma,35.0,Female,Hyderabad,2025-08-10 00:03:47.581311,-1.0039199666793377,0.6774638268266019,4.73,2440.0,1.54,35.4,Industrial,Low,0,Monday,April,0,True,False,False,True,False,False,False,False,False,False,False,False,0.0,Low,5.599273448230355,2.744060638625243,9.197282207261013,-0.08702073944698879,0.6704608718864474,0,-0.8591148398345256,1.0470837550754222,0
T01311,R0004,Zone_7,-0.6399599127891379,-0.4852886077782604,-0.8606250328948591,2023-09-24,0.0,Aarav Nair,19.0,Male,Kolkata,2024-08-06 00:03:47.581311,-0.6131762355725101,-1.4330965567485814,3.19,11070.0,0.64,45.2,Industrial,Low,0,Sunday,September,1,False,False,True,False,False,False,False,False,False,True,False,False,0.0,Low,4.181744752502934,1.8484548129046001,6.6257075093909785,-1.11376925225463,-0.6553177173809809,0,0.45771827796560915,-1.0991663952706623,0
T01312,R0238,Zone_8,-0.1941280699507963,-0.19691385669011915,-0.7163622208348068,2024-08-23,0.0,Reyansh Patel,30.0,Female,Pune,2024-08-25 00:03:47.581311,-0.6131762355725101,1.3809839546849962,4.91,4516.0,1.93,31.0,Business,Low,0,Friday,August,0,True,False,False,False,False,False,False,False,False,False,True,False,0.0,Low,4.336767728268267,2.1114245875328868,7.33007503372237,-0.9644811577962785,-1.0019045339115444,0,0.38991386268592737,1.285555994002765,0
T01313,R0053,Zone_3,-1.3915717106632006,-1.3979374894010554,-1.1533550376943098,2024-08-04,0.0,Arjun Reddy,45.0,Female,Delhi,2025-01-19 00:03:47.581311,-1.394663697786165,0.6774638268266019,4.85,12971.0,2.11,38.0,Business,Low,0,Sunday,August,0,True,False,False,False,False,True,False,False,False,False,False,False,0.0,Low,3.765840495250065,1.1410330045520618,3.576310948449533,1.7138651158085034,1.2694759406283251,0,-0.13467819237266287,1.5836462926619435,0
T01314,R0027,Zone_6,-0.2968327876727178,-0.308098018096432,0.30884973044441866,2023-02-05,1.0,Ishaan Iyer,39.0,Male,Jaipur,2024-12-15 00:03:47.581311,0.16831122664114473,-0.026056301031792503,3.98,14627.0,0.54,37.6,Mixed,Low,0,Sunday,February,1,False,False,False,False,False,False,False,False,True,False,False,False,0.0,Low,5.040129369323958,2.05668455455722,7.066823897621901,-0.5085140666627909,-0.7764936358293952,0,-0.009775322120617573,-0.204895499293127,0
T01315,R0222,Zone_10,0.0066129692329594866,0.0967414086600635,-0.2784496957016966,2023-11-05,0.0,Aarav Singh,27.0,Male,Surat,2024-07-07 00:03:47.581311,-0.22243250446568272,0.6774638268266019,3.44,2440.0,1.54,35.4,Industrial,Low,0,Sunday,November,1,False,True,False,True,False,False,False,False,False,False,False,False,0.0,Low,4.698569450246641,2.21046980408624,7.983733462484829,0.37784891709381246,0.7190902204337829,0,0.5647778810387908,0.43386942640511234,0
T01316,R0160,Zone_4,-0.4929054305963863,-0.8716462346176114,-0.7343622256182558,2023-04-11,0.0,Kavya Nair,30.0,Male,Surat,2024-08-02 00:03:47.581311,-1.7854074288929924,-0.7295764288901869,4.42,4038.0,2.46,48.2,Business,Low,0,Tuesday,April,1,False,False,False,False,False,False,True,False,False,False,False,False,0.0,Low,4.318687394111793,1.9430489167742813,5.543464620614079,1.6608285559351406,0.07702667176872076,0,0.4719928917087,0.09319479936605132,0
T01317,R0249,Zone_7,-0.60961533709857,-0.2250765994210056,-0.10869782577311041,2023-02-16,1.0,Diya Nair,20.0,Female,Mumbai,2026-03-27 00:03:47.581311,0.16831122664114473,-0.7295764288901869,4.49,11070.0,0.64,45.2,Industrial,Low,0,Thursday,February,0,False,False,False,False,False,False,False,False,False,True,False,False,0.0,Low,4.809823847988456,1.8687205103641833,7.264296249465602,-0.001720272317331987,0.16802568213342545,0,-1.6763364766264792,-0.6520309472818946,0
T01318,R0016,Zone_1,1.183048826774971,1.055448109123996,2.026996172438322,2024-05-26,0.0,Aarav Iyer,28.0,Male,Delhi,2024-08-16 00:03:47.581311,-1.0039199666793377,-0.026056301031792503,3.06,4921.0,2.43,30.9,Residential,Low,0,Sunday,May,1,False,False,True,False,False,False,False,False,False,False,False,False,0.0,Low,5.6534010450952765,2.6504210882655737,9.819368615140181,0.09212497390303469,0.0873620217577732,0,0.4220317436078819,0.3316670382933942,1
T01319,R0223,Zone_5,1.038328542712263,0.8641761480767244,1.233682093004263,2023-06-10,1.0,Meera Ghosh,30.0,Female,Surat,2024-06-21 00:03:47.581311,0.16831122664114473,-1.4330965567485814,4.04,2590.0,1.31,43.9,Business,Low,0,Saturday,June,0,False,False,True,False,False,False,False,True,False,False,False,False,0.0,Low,5.415566926598276,2.605648267484129,9.481561052906848,-0.6138505675223849,-0.2175666130338627,0,0.6218763360111543,-1.0991663952706623,0
T01320,R0003,Zone_2,0.44544221768117026,1.1091333374547485,0.3279008303977041,2023-06-03,0.0,Kavya Reddy,34.0,Male,Pune,2024-03-17 00:03:47.581311,0.9497986888547996,1.3809839546849962,3.76,6371.0,0.91,58.4,Residential,Low,0,Saturday,June,1,False,True,False,False,True,False,False,False,False,False,False,False,0.0,Low,5.049471317881454,2.3978952727983707,9.912113800799505,-0.7800317884589186,-1.043168804390227,0,0.9644670658453358,0.3316670382933942,0
T01321,R0236,Zone_7,-1.5129500134254719,-1.463943917676571,-1.2190484858090878,2023-02-02,0.0,Arjun Gupta,28.0,Female,Ahmedabad,2025-06-29 00:03:47.581311,1.3405424199616272,0.6774638268266019,3.36,11070.0,0.64,45.2,Industrial,Low,0,Thursday,February,0,True,False,False,False,False,False,False,False,False,True,False,False,0.0,Low,3.6428355156125294,0.959350221334602,3.246536616149585,-2.0892312330904557,-1.9871584832459817,0,-0.7092313955320713,-0.12359814511335115,0
T01322,R0185,Zone_9,0.21202240467680292,0.7996365293184424,0.3355212703790186,2024-02-16,0.0,Vivaan Sharma,27.0,Female,Delhi,2025-02-24 00:03:47.581311,-0.22243250446568272,-0.7295764288901869,4.05,11037.0,1.83,56.1,Mixed,Low,0,Friday,February,0,False,False,True,False,False,False,False,False,False,False,False,True,0.0,Low,5.053183797342212,2.302585092994046,9.364827814754525,-1.0869703555990426,-0.7481013307079293,0,-0.2631497160604809,-0.5881544547120707,0
T01323,R0166,Zone_9,-0.4695634492959497,-0.8238282443557934,-0.7453987249015386,2024-01-22,1.0,Reyansh Sharma,24.0,Male,Chennai,2024-04-23 00:03:47.581311,-1.394663697786165,-1.4330965567485814,4.29,11037.0,1.83,56.1,Mixed,Low,0,Monday,January,1,False,False,True,False,False,False,False,False,False,False,False,True,0.0,Low,4.307437777682809,1.9572739077056285,5.688585061331157,1.5901131427706583,0.8931391827646669,0,0.8324268887217451,-1.0991663952706623,0
T01324,R0270,Zone_1,1.5145049612411727,1.6855894777275846,2.026996172438322,2024-08-14,0.0,Aadhya Reddy,35.0,Female,Hyderabad,2024-07-15 00:03:47.581311,0.16831122664114473,-0.026056301031792503,3.08,4921.0,2.43,30.9,Residential,Low,0,Wednesday,August,0,True,False,False,False,False,False,False,False,False,False,False,False,0.0,Low,5.6534010450952765,2.7459880404426023,10.858176642512316,-0.4193831813200574,0.17513261256299836,0,0.5362286535526091,-0.204895499293127,0
T01325,R0250,Zone_9,-1.653001901228092,-1.605931078944791,-1.486158045843775,2023-07-29,1.0,Aadhya Iyer,34.0,Female,Jaipur,2025-08-22 00:03:47.581311,0.5590549577479722,-0.7295764288901869,4.63,11037.0,1.83,56.1,Mixed,Low,0,Saturday,July,0,True,False,False,False,False,False,False,False,False,False,False,True,0.0,Low,2.8831233291713367,0.6981347220709844,2.3874672772626644,0.16336420494280862,-0.12729298704116868,0,-0.9019386810637983,-0.701712663725091,0
T01326,R0072,Zone_5,-0.6726386866097492,-0.6489845499015389,-1.11485867709905,2024-07-30,1.0,Saanvi Das,25.0,Male,Jaipur,2025-02-22 00:03:47.581311,-1.0039199666793377,-0.026056301031792503,4.07,2590.0,1.31,43.9,Business,Low,0,Tuesday,July,1,False,False,True,False,False,False,False,True,False,False,False,False,0.0,Low,3.8314634975697293,1.8261608959453874,6.190315016216864,0.9642817362649869,0.5435938998459792,0,-0.2560124091889355,0.3316670382933942,0
T01327,R0280,Zone_8,-0.7053174604303607,-0.4538988841094596,-0.7510483614394096,2024-03-09,1.0,Saanvi Gupta,26.0,Female,Chennai,2023-09-19 00:03:47.581311,-0.6131762355725101,0.6774638268266019,4.43,4516.0,1.93,31.0,Business,Low,0,Saturday,March,0,False,False,False,False,False,False,False,False,False,False,True,False,0.0,Low,4.301629697601852,1.803358605071407,6.705967491719595,0.21803769567645975,-0.24570509921141584,0,1.6068246842844258,0.6893753966844082,0
T01328,R0203,Zone_4,-0.5652655726277404,-0.8305755681350683,-0.802683411657625,2024-01-05,0.0,Kavya Gupta,49.0,Male,Bengaluru,2024-12-01 00:03:47.581311,-1.0039199666793377,1.3809839546849962,3.6,4038.0,2.46,48.2,Business,Low,0,Friday,January,1,False,True,False,False,False,False,True,False,False,False,False,False,0.0,Low,4.246922577489038,1.8976198599275322,5.668333088307356,-0.19780822007134483,0.2562755775490171,0,0.04018582598020055,1.7625004718574506,0
T01329,R0165,Zone_10,1.096683495963355,1.4825830405424434,1.34995949616742,2023-11-28,1.0,Meera Reddy,37.0,Female,Kolkata,2024-07-19 00:03:47.581311,-0.6131762355725101,-0.7295764288901869,3.27,2440.0,1.54,35.4,Industrial,Low,0,Tuesday,November,0,False,False,False,True,False,False,False,False,False,False,False,False,0.0,Low,5.454166603010877,2.6239436918052106,10.534704552098269,-0.18071866188992822,-0.0010944704726304911,0,0.5219540398095182,-0.5029857979523055,0
T01330,R0028,Zone_4,-1.011097415466082,-0.796545587335247,-1.2664791553479575,2023-10-19,1.0,Reyansh Sharma,20.0,Male,Surat,2024-07-03 00:03:47.581311,-0.22243250446568272,-0.7295764288901869,3.79,4038.0,2.46,48.2,Business,Low,0,Thursday,October,1,False,True,False,False,False,False,True,False,False,False,False,False,0.0,Low,3.5435646229490776,1.5602476682433286,5.769748694700662,0.9258933691185541,0.9185564937528236,0,0.5790524947818817,-0.5881544547120707,0
T01331,R0294,Zone_5,-0.26415401385210646,0.1257842371012904,-0.40760301469535026,2023-12-12,1.0,Arjun Reddy,24.0,Male,Surat,2025-12-20 00:03:47.581311,-0.22243250446568272,0.6774638268266019,3.2,2590.0,1.31,43.9,Business,Low,0,Tuesday,December,1,False,True,False,False,False,False,False,True,False,False,False,False,0.0,Low,4.604770105966751,2.0744289998562917,8.045495634204272,0.003225597353399086,-0.35171877904125626,0,-1.3301770933565251,0.43386942640511234,0
T01332,R0146,Zone_6,0.9706367969409968,0.7791011960771709,1.3644120547526715,2024-02-29,0.0,Kavya Gupta,30.0,Female,Surat,2023-09-25 00:03:47.581311,-0.22243250446568272,-1.4330965567485814,3.89,14627.0,0.54,37.6,Mixed,Low,0,Thursday,February,0,False,True,False,False,False,False,False,False,True,False,False,False,0.0,Low,5.458861848105724,2.583997552432231,9.327379053088816,0.9090563659841525,0.13499970559400737,0,1.5854127636697897,-1.0991663952706623,0
T01333,R0135,Zone_3,1.1223596753938356,0.4916065306993699,1.701156669789023,2023-07-23,1.0,Reyansh Patel,38.0,Female,Ahmedabad,2024-06-09 00:03:47.581311,0.16831122664114473,1.3809839546849962,3.47,12971.0,2.11,38.0,Business,Low,0,Sunday,July,0,False,True,False,False,False,True,False,False,False,False,False,False,0.0,Low,5.5624492985395575,2.631888840136646,8.78635305459552,0.13750069735024334,-0.1852135518341216,0,0.6647001772404271,0.6893753966844082,0
T01334,R0022,Zone_2,-0.6633018940895746,-0.6017532834466145,-0.6544789927106858,2023-05-16,1.0,Aarav Nair,43.0,Female,Kolkata,2024-05-01 00:03:47.581311,-0.22243250446568272,-0.7295764288901869,3.32,6371.0,0.91,58.4,Residential,Low,0,Tuesday,May,0,False,True,False,False,True,False,False,False,False,False,False,False,0.0,Low,4.3965457207730845,1.8325814637483102,6.319018911191831,-0.3697140220735754,-0.39034648064518024,0,0.8038776612355633,-0.5881544547120707,0
T01335,R0237,Zone_3,-0.8150247725424135,-0.5489481408262021,-1.1286543012031534,2023-06-01,0.0,Aadhya Nair,40.0,Female,Chennai,2025-08-23 00:03:47.581311,0.5590549577479722,1.3809839546849962,3.71,12971.0,2.11,38.0,Business,Low,0,Thursday,June,0,False,False,True,False,False,True,False,False,False,False,False,False,0.0,Low,3.8084386891715756,1.7227665977411035,6.4598761598036845,0.41938019149200184,0.583473512561381,0,-0.905507334499571,0.4906485309116225,0
T01336,R0157,Zone_1,0.38241886816999116,0.501580835416559,-0.47763223038570357,2023-10-17,0.0,Kavya Nair,36.0,Female,Hyderabad,2024-10-21 00:03:47.581311,0.9497986888547996,-0.7295764288901869,4.65,4921.0,2.43,30.9,Residential,Low,0,Tuesday,October,0,False,True,False,False,False,False,False,False,False,False,False,False,0.0,Low,4.549974550520141,2.373043556642607,8.805679985100527,1.9436902085930725,1.7634406609740068,0,0.18650061684688218,-0.7414580368796482,0
T01337,R0152,Zone_1,0.1560016495557547,-0.26761407542078236,0.32540447936934264,2024-02-14,0.0,Arjun Patel,34.0,Male,Bengaluru,2026-04-03 00:03:47.581311,-1.0039199666793377,1.3809839546849962,3.91,4921.0,2.43,30.9,Residential,Low,0,Wednesday,February,1,False,True,False,False,False,False,False,False,False,False,False,False,0.0,Low,5.048252157667562,2.278292400425001,7.163797875428926,0.9513172438514983,1.749590410508932,0,-1.7013170506768882,1.7625004718574506,0
T01338,R0160,Zone_1,0.060299526223964076,0.17829601781825588,-0.27096064261661196,2024-05-03,1.0,Kavya Nair,30.0,Female,Surat,2025-09-20 00:03:47.581311,-1.7854074288929924,-0.026056301031792503,4.42,4921.0,2.43,30.9,Residential,Low,0,Friday,May,0,True,False,False,False,False,False,False,False,False,False,False,False,0.0,Low,4.703747749349085,2.2353763433005955,8.155979401641472,1.6608285559351406,0.07702667176872076,0,-1.0054296307012072,1.285555994002765,0
T01339,R0249,Zone_10,0.6811962288155812,1.3529170792189862,0.31620739663327385,2023-03-27,1.0,Diya Nair,20.0,Male,Mumbai,2024-06-04 00:03:47.581311,0.16831122664114473,-0.7295764288901869,4.49,2440.0,1.54,35.4,Industrial,Low,0,Monday,March,1,False,False,False,True,False,False,False,False,False,False,False,False,0.0,Low,5.043747645546458,2.485739636091892,10.322790320451153,-0.001720272317331987,0.16802568213342545,0,0.6825434444192907,-0.6520309472818946,0
T01340,R0223,Zone_7,-1.3378851536721963,-1.2181066425882063,-1.0822747268341202,2023-11-16,0.0,Meera Ghosh,30.0,Male,Surat,2025-08-10 00:03:47.581311,0.16831122664114473,1.3809839546849962,4.04,11070.0,0.64,45.2,Industrial,Low,0,Thursday,November,1,False,True,False,False,False,False,False,False,False,True,False,False,0.0,Low,3.883829271057364,1.2119409739751128,4.349712634186309,-0.6138505675223849,-0.2175666130338627,0,-0.8591148398345256,0.6893753966844082,0
T01341,R0285,Zone_9,-1.0297710005064313,-0.99309806264456,-0.8608878066873183,2024-07-22,0.0,Diya Iyer,29.0,Female,Chennai,2024-10-02 00:03:47.581311,0.5590549577479722,-1.4330965567485814,4.97,11037.0,1.83,56.1,Mixed,Low,0,Monday,July,0,False,True,False,False,False,False,False,False,False,False,False,True,0.0,Low,4.181439269073034,1.5432981099295553,5.156549233741495,-0.6505178187928573,-0.1994641410159006,0,0.2543050321265639,-1.0991663952706623,0
T01342,R0055,Zone_3,0.7302143895464985,0.6960797774017446,-0.39866870575174035,2024-01-29,0.0,Kavya Singh,32.0,Male,Delhi,2024-03-17 00:03:47.581311,0.16831122664114473,-0.026056301031792503,4.19,12971.0,2.11,38.0,Business,Low,0,Monday,January,1,False,False,True,False,False,True,False,False,False,False,False,False,0.0,Low,4.611549792952131,2.503073953743449,9.174420962654809,0.5131763297865582,0.1910405673036116,0,0.9644670658453358,-0.204895499293127,0
T01343,R0211,Zone_2,-1.7020200619590093,-1.632627012158444,-1.486158045843775,2024-01-16,1.0,Arjun Reddy,36.0,Male,Mumbai,2025-12-08 00:03:47.581311,-0.22243250446568272,-0.026056301031792503,3.63,6371.0,0.91,58.4,Residential,Low,0,Tuesday,January,1,False,True,False,False,True,False,False,False,False,False,False,False,0.0,Low,2.8831233291713367,0.5877866649021191,2.188606862823929,-0.8891355687698352,-1.2254698337813625,0,-1.2873532521272524,-0.07714251415347918,0
T01344,R0189,Zone_10,-1.2421830303404058,-1.0661451766027972,-0.8159534881768102,2023-02-01,0.0,Reyansh Gupta,29.0,Male,Delhi,2025-11-18 00:03:47.581311,0.16831122664114473,-1.4330965567485814,3.28,2440.0,1.54,35.4,Industrial,Low,0,Wednesday,February,1,True,False,False,True,False,False,False,False,False,False,False,False,0.0,Low,4.232365860119475,1.3270750014599193,4.909175083453431,0.537484753061849,1.283400565946733,0,-1.2159801834117978,-1.0991663952706623,0
T01345,R0114,Zone_7,-0.20113066434092716,-0.03849842882888167,-0.8336907191678001,2023-12-30,1.0,Meera Das,36.0,Male,Chennai,2025-12-17 00:03:47.581311,-2.566894891106647,1.3809839546849962,3.45,11070.0,0.64,45.2,Industrial,Low,0,Saturday,December,1,False,False,True,False,False,False,False,False,False,True,False,False,0.0,Low,4.212571943586751,2.1077860146889784,7.689603370785778,-0.5077774477756605,-2.097473669744763,0,-1.3194711330492068,13.209167940369902,0
T01346,R0080,Zone_4,-1.52462100407569,-1.5058946698694542,-1.4793259272398382,2023-08-23,1.0,Reyansh Kumar,19.0,Female,Mumbai,2023-10-16 00:03:47.581311,-0.6131762355725101,0.6774638268266019,4.6,4038.0,2.46,48.2,Business,Low,0,Wednesday,August,0,False,False,False,False,False,False,True,False,False,False,False,False,0.0,Low,2.91180703861623,0.9400072584914712,3.018277654557314,0.6442944916957033,0.3513872418406023,0,1.5104710415185625,0.6893753966844082,0
T01347,R0130,Zone_2,0.727880191416455,0.8829513098973155,1.8677552542081,2023-09-30,0.0,Diya Ghosh,27.0,Male,Pune,2025-03-28 00:03:47.581311,0.16831122664114473,-1.4330965567485814,3.62,6371.0,0.91,58.4,Residential,Low,0,Saturday,September,1,True,False,False,False,True,False,False,False,False,False,False,False,0.0,Low,5.609984484250279,2.502255288122613,9.515250916292224,-1.0189909554439003,-0.5498156106163926,0,-0.377346626005208,-1.0991663952706623,1
T01348,R0131,Zone_2,-0.4789002418161244,-0.8164941967696251,-0.5064059606599763,2024-05-18,1.0,Reyansh Ghosh,24.0,Female,Surat,2025-02-26 00:03:47.581311,-1.0039199666793377,1.3809839546849962,3.6,6371.0,0.91,58.4,Residential,Low,0,Saturday,May,0,False,True,False,False,True,False,False,False,False,False,False,False,0.0,Low,4.52655978540618,1.951608170169951,5.710516614107694,-1.5897232691922456,-1.3912100624970747,0,-0.27028702293202633,1.7625004718574506,0
T01350,R0068,Zone_6,-0.7566698192913216,-0.9223978439138967,-0.19475624280346954,2024-04-02,0.0,Meera Singh,30.0,Female,Ahmedabad,2024-06-19 00:03:47.581311,0.5590549577479722,-1.4330965567485814,4.97,14627.0,0.54,37.6,Mixed,Low,0,Tuesday,April,0,True,False,False,False,False,False,False,False,True,False,False,False,0.0,Low,4.754968551076486,1.766441661243765,5.385164807134504,-0.06711566018587507,-0.22010545833589992,0,0.6290136428826998,-1.0991663952706623,0
T01351,R0133,Zone_6,-0.6936464697801423,-0.3189524085239611,-0.9079243155374994,2024-04-17,1.0,Diya Kumar,25.0,Male,Delhi,2024-09-07 00:03:47.581311,0.5590549577479722,-1.4330965567485814,4.4,14627.0,0.54,37.6,Mixed,Low,0,Wednesday,April,1,False,False,True,False,False,False,False,False,True,False,False,False,0.0,Low,4.125197025704866,1.8115620965242347,7.040596565632773,-0.5195633499697412,-1.2949598202038526,0,0.343521368020882,-1.0991663952706623,0
T01352,R0091,Zone_5,0.9169502399499921,1.1880476894819205,1.9083538051430333,2024-01-19,1.0,Meera Das,41.0,Female,Surat,2025-04-16 00:03:47.581311,-0.22243250446568272,-0.7295764288901869,3.4,2590.0,1.31,43.9,Business,Low,0,Friday,January,0,False,True,False,False,False,False,False,True,False,False,False,False,0.0,Low,5.621233852021042,2.5664866367804233,10.046890066085126,-0.5692325092162233,-0.029616636449121925,0,-0.44515104128488975,-0.5881544547120707,1
T01353,R0102,Zone_3,-0.7870143949818893,-0.7017896925219512,-1.011588576662619,2023-04-16,0.0,Aarav Nair,18.0,Female,Chennai,2024-11-21 00:03:47.581311,-1.394663697786165,1.3809839546849962,4.1,12971.0,2.11,38.0,Business,Low,0,Sunday,April,0,False,False,False,False,False,True,False,False,False,False,False,False,0.0,Low,3.9887988442301956,1.7439688053917064,6.043177971895251,0.5102298542380377,-0.3027258200998488,0,0.07587236033792778,2.4779171886394784,0
T01354,R0063,Zone_6,1.7432563779854529,2.6114396450054826,1.166806162823419,2023-06-07,0.0,Diya Iyer,34.0,Female,Surat,2025-11-28 00:03:47.581311,-0.6131762355725101,0.6774638268266019,4.83,14627.0,0.54,37.6,Mixed,Low,0,Wednesday,June,0,False,True,False,False,False,False,False,False,True,False,False,False,0.0,Low,5.392672545029182,2.8069901489571136,12.225383429569806,1.8660996858153758,2.5599347384352944,0,-1.251666717769525,0.6893753966844082,0
T01355,R0245,Zone_6,0.5411443410129609,0.47048447365120494,1.4936967606425542,2023-08-14,1.0,Diya Sharma,35.0,Male,Hyderabad,2025-10-21 00:03:47.581311,-1.0039199666793377,-0.7295764288901869,4.73,14627.0,0.54,37.6,Mixed,Low,0,Monday,August,1,False,False,True,False,False,False,False,False,True,False,False,False,0.0,Low,5.499910363831802,2.4344901638739844,8.74528444363018,-0.08702073944698879,0.6704608718864474,0,-1.1160578872101616,-0.383749678488634,1
T01356,R0098,Zone_3,-0.37619552409420265,-0.27260122777937695,0.1610394721861682,2023-06-15,0.0,Diya Singh,21.0,Female,Bengaluru,2025-06-29 00:03:47.581311,0.16831122664114473,-1.4330965567485814,3.5,12971.0,2.11,38.0,Business,Low,0,Thursday,June,0,False,False,True,False,False,True,False,False,False,False,False,False,0.0,Low,4.964521545130232,2.012232791986386,7.151922818375489,0.452036962154766,0.06650400733423714,0,-0.7092313955320713,-1.0991663952706623,0
T01357,R0098,Zone_5,-0.20813325873105823,-0.2875626848551604,-0.019748897025701064,2023-09-15,0.0,Diya Singh,21.0,Female,Bengaluru,2023-08-30 00:03:47.581311,0.16831122664114473,-1.4330965567485814,3.5,2590.0,1.31,43.9,Business,Low,0,Friday,September,0,False,True,False,False,False,False,False,True,False,False,False,False,0.0,Low,4.8635264290580436,2.1041341542702074,7.116178749862878,0.452036962154766,0.06650400733423714,0,1.6781977529998804,-1.0991663952706623,0
T01359,R0152,Zone_6,0.5481469354030918,1.168979165757883,1.318295254176097,2024-02-17,1.0,Arjun Patel,34.0,Female,Bengaluru,2024-12-19 00:03:47.581311,-1.0039199666793377,-1.4330965567485814,3.91,14627.0,0.54,37.6,Mixed,Low,0,Saturday,February,0,False,True,False,False,False,False,False,False,True,False,False,False,0.0,Low,5.443802033290018,2.437115985951652,10.014489502715554,0.9513172438514983,1.749590410508932,0,-0.024049935863708464,-1.0991663952706623,1
T01360,R0067,Zone_1,0.1536674514257111,-0.4577125888542671,-0.22628909789856286,2023-07-09,1.0,Saanvi Iyer,32.0,Male,Pune,2026-03-26 00:03:47.581311,2.122029882175282,1.3809839546849962,3.38,4921.0,2.43,30.9,Residential,Low,0,Sunday,July,1,False,False,False,False,False,False,False,False,False,False,False,False,0.0,Low,4.73409096605493,2.277267285009756,6.696267617113283,0.35712645169762713,0.4338649281973977,0,-1.6727678231907064,0.0014747074709196375,0
T01361,R0188,Zone_6,-0.17545448491044688,-0.6859481497358275,0.5725432311771375,2023-02-11,1.0,Vivaan Gupta,24.0,Female,Delhi,2025-10-01 00:03:47.581311,-1.394663697786165,1.3809839546849962,3.15,14627.0,0.54,37.6,Mixed,Low,0,Saturday,February,0,True,False,False,False,False,False,False,False,True,False,False,False,0.0,Low,5.16226852208476,2.1210632163706555,6.087692502089769,-1.1663147328699053,-0.44205471200984636,0,-1.0446848184947073,2.4779171886394784,1
T01362,R0204,Zone_9,1.1900514211651019,1.901210476760935,0.614061490385677,2024-02-07,0.0,Aarav Kumar,37.0,Male,Hyderabad,2025-05-19 00:03:47.581311,-0.22243250446568272,-0.7295764288901869,3.73,11037.0,1.83,56.1,Mixed,Low,0,Wednesday,February,1,True,False,False,False,False,False,False,False,False,False,False,True,0.0,Low,5.180209278067708,2.6525374911719513,11.191514642799696,0.9402048217827945,-0.040288837625756295,0,-0.5629166046653896,-0.5881544547120707,0
T01363,R0272,Zone_2,-1.7930537890307126,-1.701567059468427,-1.486158045843775,2023-11-24,0.0,Kavya Ghosh,21.0,Male,Kolkata,2023-09-21 00:03:47.581311,-0.22243250446568272,0.6774638268266019,4.79,6371.0,0.91,58.4,Residential,Low,0,Friday,November,1,True,False,False,False,True,False,False,False,False,False,False,False,0.0,Low,2.8831233291713367,0.34358970439007697,1.5620499351813308,-1.376566809510734,-0.9433648345370564,0,1.5996873774128804,0.43386942640511234,0
T01364,R0044,Zone_8,-0.23380943816153874,-0.5730038169088344,-0.4584497435361883,2024-02-23,1.0,Arjun Gupta,36.0,Male,Hyderabad,2025-10-21 00:03:47.581311,0.9497986888547996,-0.7295764288901869,3.21,4516.0,1.93,31.0,Business,Low,0,Friday,February,1,False,True,False,False,False,False,False,False,False,False,True,False,0.0,Low,4.5652852522891765,2.0906287310704004,6.396092557178953,1.2577507008975908,0.8630421587826856,0,-1.1160578872101616,-0.7414580368796482,0
T01365,R0214,Zone_7,-0.44855566612555664,-0.37674470350296807,-0.5471358984911385,2023-04-12,0.0,Aarav Kumar,20.0,Male,Kolkata,2025-01-20 00:03:47.581311,-0.6131762355725101,-0.026056301031792503,4.53,11070.0,0.64,45.2,Industrial,Low,0,Wednesday,April,1,False,False,True,False,False,False,False,False,False,True,False,False,0.0,Low,4.492449315923973,1.969905654611529,6.899275324264136,-0.765102979013084,-0.5219388137376026,0,-0.1382468458084356,0.09319479936605132,0
T01366,R0043,Zone_3,-0.6446283090492252,-0.7320059685769651,-0.9148878210376659,2024-06-16,1.0,Diya Kumar,28.0,Male,Ahmedabad,2023-10-02 00:03:47.581311,0.5590549577479722,-1.4330965567485814,4.68,12971.0,2.11,38.0,Business,Low,0,Sunday,June,1,False,False,False,False,False,True,False,False,False,False,False,False,0.0,Low,4.116595171156921,1.8453002361560848,5.957348403442592,-0.3709300278555048,-1.1160194323336776,0,1.5604321896193805,-1.0991663952706623,0
T01367,R0044,Zone_2,0.9683025988109532,0.5511589970990572,1.4324704669995811,2023-08-23,0.0,Arjun Gupta,36.0,Male,Hyderabad,2023-09-11 00:03:47.581311,0.9497986888547996,-1.4330965567485814,3.21,6371.0,0.91,58.4,Residential,Low,0,Wednesday,August,1,False,False,False,False,True,False,False,False,False,False,False,False,0.0,Low,5.4806805891406265,2.5832425505088623,8.901123524589467,1.2577507008975908,0.8630421587826856,0,1.6353739117706076,-1.0991663952706623,0
T01368,R0265,Zone_8,1.591533499532614,1.8264031913820176,-0.07138394724391646,2024-03-12,1.0,Kavya Das,39.0,Female,Bengaluru,2025-04-25 00:03:47.581311,-1.394663697786165,-1.4330965567485814,3.26,4516.0,1.93,31.0,Business,Low,0,Tuesday,March,0,False,True,False,False,False,False,False,False,False,False,True,False,0.0,Low,4.832704085603594,2.7669478423496954,11.077003204838391,1.8435100399433877,0.7253825691363784,0,-0.47726892220684425,-1.0991663952706623,0
T01369,R0128,Zone_10,0.6858646250756685,0.07385918019121808,-0.5397782323022834,2023-06-05,0.0,Reyansh Reddy,35.0,Male,Jaipur,2024-12-01 00:03:47.581311,-2.566894891106647,-0.7295764288901869,4.31,2440.0,1.54,35.4,Industrial,Low,0,Monday,June,1,False,False,False,True,False,False,False,False,False,False,False,False,0.0,Low,4.498697941477575,2.4874035299865875,7.934733769950949,1.7315439690996237,-1.358022350165488,0,0.04018582598020055,2.4779171886394784,0
T01370,R0204,Zone_1,0.7255459932864109,0.14514612272877486,-0.5043037703203035,2024-03-26,0.0,Aarav Kumar,37.0,Female,Hyderabad,2025-11-24 00:03:47.581311,-0.22243250446568272,-0.7295764288901869,3.73,4921.0,2.43,30.9,Residential,Low,0,Tuesday,March,0,False,True,False,False,False,False,False,False,False,False,False,False,0.0,Low,4.528289141652134,2.501435951739211,8.086408349817612,0.9402048217827945,-0.040288837625756295,0,-1.2373921040264342,-0.5881544547120707,0
T01371,R0216,Zone_9,-1.7533724208199701,-1.6725242310272,-1.486158045843775,2023-07-12,0.0,Ishaan Ghosh,44.0,Female,Chennai,2024-03-17 00:03:47.581311,-1.0039199666793377,-1.4330965567485814,3.4,11037.0,1.83,56.1,Mixed,Low,0,Wednesday,July,0,False,False,False,False,False,False,False,False,False,False,False,True,0.0,Low,2.8831233291713367,0.4574248470388754,1.8520259177452134,-1.275039680610298,-0.9390770652147628,0,0.9644670658453358,-1.0991663952706623,0
T01372,R0153,Zone_2,-0.8126905744123696,-0.8059331682455426,-0.32207014524990923,2024-07-25,1.0,Aadhya Ghosh,20.0,Male,Mumbai,2023-10-30 00:03:47.581311,-1.0039199666793377,-0.7295764288901869,4.54,6371.0,0.91,58.4,Residential,Low,0,Thursday,July,1,True,False,False,False,True,False,False,False,False,False,False,False,0.0,Low,4.667863255326515,1.724550719534605,5.741950887982237,-1.3693268981629414,-1.249269786847839,0,1.4605098934177443,-0.383749678488634,0
T01373,R0210,Zone_5,1.6989066135146227,2.6275745496950527,-0.022902182535210154,2023-07-18,1.0,Meera Iyer,34.0,Female,Mumbai,2023-09-27 00:03:47.581311,-1.394663697786165,1.3809839546849962,3.4,2590.0,1.31,43.9,Business,Low,0,Tuesday,July,0,False,True,False,False,False,False,False,True,False,False,False,False,0.0,Low,4.861671140956298,2.7954503913830435,12.247856955402442,1.2041248459145242,-0.014399305346597396,0,1.5782754567982442,2.4779171886394784,0
T01374,R0294,Zone_8,-0.6329573183990068,-0.5897254454052981,-1.0256469745591814,2023-06-23,0.0,Arjun Reddy,24.0,Female,Surat,2026-01-11 00:03:47.581311,-0.22243250446568272,1.3809839546849962,3.2,4516.0,1.93,31.0,Business,Low,0,Friday,June,0,False,True,False,False,False,False,False,False,False,False,True,False,0.0,Low,3.968781339246755,1.8531680973566984,6.351377803280167,0.003225597353399086,-0.35171877904125626,0,-1.408687468943525,0.9448813669637038,0
T01375,R0104,Zone_5,-0.18012288117053413,-0.5941258739569993,-0.8309315943469796,2023-07-13,1.0,Diya Gupta,52.0,Female,Kolkata,2023-09-13 00:03:47.581311,0.5590549577479722,-0.7295764288901869,3.7,2590.0,1.31,43.9,Business,Low,0,Thursday,July,0,False,False,True,False,False,False,False,True,False,False,False,False,0.0,Low,4.215676847389625,2.1186622548331173,6.339558344238185,-1.7112490162600968,-1.464277387544063,0,1.6282366048990622,-0.701712663725091,0
T01376,R0017,Zone_7,-0.9620792547351649,-0.9640552342033332,-0.7628731821000695,2024-07-30,0.0,Meera Das,49.0,Female,Mumbai,2025-08-18 00:03:47.581311,-0.22243250446568272,-1.4330965567485814,3.83,11070.0,0.64,45.2,Industrial,Low,0,Tuesday,July,0,True,False,False,False,False,False,False,False,False,True,False,False,0.0,Low,4.289362949810462,1.6034198401085373,5.251666402200353,-0.05570391361700346,-0.46075467513350665,0,-0.8876640673207075,-1.0991663952706623,0
T01377,R0007,Zone_8,-1.11146793505796,-1.1001751574026184,-0.6176906617664102,2023-11-22,0.0,Ishaan Ghosh,18.0,Male,Mumbai,2025-09-21 00:03:47.581311,-0.6131762355725101,-0.7295764288901869,4.03,4516.0,1.93,31.0,Business,Low,0,Wednesday,November,1,False,False,False,False,False,False,False,False,False,False,True,False,0.0,Low,4.430459592195472,1.4655675420143985,4.789572005931219,-0.8770690498568474,-1.008074892113964,0,-1.00899828413698,-0.5029857979523055,0
T01378,R0285,Zone_2,-0.5699339688878275,-0.7953721397214601,0.13423654535533852,2023-02-02,0.0,Diya Iyer,29.0,Female,Chennai,2024-10-01 00:03:47.581311,0.5590549577479722,-0.7295764288901869,4.97,6371.0,0.91,58.4,Residential,Low,0,Thursday,February,0,True,False,False,False,True,False,False,False,False,False,False,False,0.0,Low,4.950177325059141,1.8946168546677629,5.773214009544423,-0.6505178187928573,-0.1994641410159006,0,0.25787368556233664,-0.701712663725091,1
T01379,R0119,Zone_8,-0.7940169893720203,-0.9479203295137626,-1.055077639314602,2024-07-21,0.0,Saanvi Iyer,47.0,Male,Hyderabad,2025-02-05 00:03:47.581311,-1.0039199666793377,-0.7295764288901869,4.39,4516.0,1.93,31.0,Business,Low,0,Sunday,July,1,False,False,False,False,False,False,False,False,False,False,True,False,0.0,Low,3.925531355452938,1.7387102481382397,5.303772242470448,-1.3233618796060276,-1.5259442412456272,0,-0.19534530078079917,-0.383749678488634,0
T01380,R0243,Zone_7,1.096683495963355,1.1795401942819654,1.9576238912291166,2023-01-04,1.0,Ishaan Patel,33.0,Female,Jaipur,2025-08-12 00:03:47.581311,-0.22243250446568272,-0.026056301031792503,3.7,11070.0,0.64,45.2,Industrial,Low,0,Wednesday,January,0,True,False,False,False,False,False,False,False,False,True,False,False,0.0,Low,5.6347181720466795,2.6239436918052106,10.032447358446493,-0.11210787411724529,0.18250516746875955,0,-0.8662521467060711,-0.07714251415347918,1
T01381,R0164,Zone_7,0.23069598971715233,-0.11418579991813965,-0.6247855541628061,2023-05-12,0.0,Aadhya Ghosh,37.0,Female,Ahmedabad,2024-01-03 00:03:47.581311,1.7312861510684545,1.3809839546849962,4.02,11070.0,0.64,45.2,Industrial,Low,0,Friday,May,0,False,True,False,False,False,False,False,False,False,True,False,False,0.0,Low,4.424007956913983,2.3105532626432224,7.519973404208288,0.1561617091575382,0.5640717761302595,0,1.2285474200925173,0.09319479936605132,0
T01382,R0039,Zone_9,1.1667094398646654,0.458163273706442,1.3397113182615146,2024-03-08,1.0,Aadhya Iyer,24.0,Male,Chennai,2025-06-01 00:03:47.581311,-0.22243250446568272,0.6774638268266019,4.2,11037.0,1.83,56.1,Mixed,Low,0,Friday,March,1,True,False,False,False,False,False,False,False,False,False,False,True,0.0,Low,5.450823838262806,2.645465325910589,8.721238444166058,-1.9178764602817142,-1.7995492572519067,0,-0.609309099330435,0.43386942640511234,0
T01383,R0171,Zone_3,-1.6413309105778737,-1.4730381366834198,-1.3665959702748793,2023-05-17,1.0,Kavya Singh,23.0,Female,Jaipur,2023-10-02 00:03:47.581311,-1.394663697786165,0.6774638268266019,4.3,12971.0,2.11,38.0,Business,Low,0,Wednesday,May,0,False,True,False,False,False,True,False,False,False,False,False,False,0.0,Low,3.2947251371516386,0.7227059828014898,3.1984371183438953,-2.982816908532554,-3.0474058242556894,0,1.5604321896193805,1.5836462926619435,0
T01384,R0201,Zone_9,1.4094660453892076,0.31822964576234913,0.1431708542989484,2023-02-28,0.0,Meera Reddy,37.0,Female,Delhi,2025-06-23 00:03:47.581311,-0.22243250446568272,-0.026056301031792503,3.84,11037.0,1.83,56.1,Mixed,Low,0,Tuesday,February,0,False,True,False,False,False,False,False,False,False,False,False,True,0.0,Low,4.954981629905421,2.7166795278002644,8.443340571124677,0.929260769745434,0.6315876152112011,0,-0.6878194749174349,-0.07714251415347918,0
T01385,R0121,Zone_2,0.004278771102915863,0.30796197914171314,0.4679592617784108,2023-06-29,0.0,Diya Iyer,29.0,Female,Pune,2024-07-13 00:03:47.581311,0.9497986888547996,-0.7295764288901869,4.17,6371.0,0.91,58.4,Residential,Low,0,Thursday,June,0,False,False,False,False,True,False,False,False,False,False,False,False,0.0,Low,5.115595729732743,2.209372711271867,8.422588675698226,-0.8713725304630427,-0.5874988696383137,0,0.5433659604241545,-0.7414580368796482,0
T01386,R0001,Zone_5,2.126064871312615,2.107737256787437,1.5924997066071804,2024-08-09,0.0,Aarav Das,23.0,Male,Pune,2023-12-10 00:03:47.581311,-2.17615115999982,-0.026056301031792503,3.76,2590.0,1.31,43.9,Business,Low,0,Friday,August,1,True,False,False,False,False,False,False,True,False,False,False,False,0.0,Low,5.530182771674116,2.9014215940827497,11.501738998951419,1.3720739521801706,0.9520605943493811,0,1.3141951025510625,2.4779171886394784,0
T01387,R0085,Zone_8,-0.08208655970869987,0.29300052206592986,-0.835530135715014,2023-08-17,1.0,Aadhya Ghosh,29.0,Female,Chennai,2025-07-06 00:03:47.581311,-1.0039199666793377,-0.026056301031792503,4.95,4516.0,1.93,31.0,Business,Low,0,Thursday,August,0,False,False,False,False,False,False,False,False,False,False,True,False,0.0,Low,4.2104966389581255,2.167910189667444,8.392258337301111,0.41623728424024636,-0.9255904251437593,0,-0.7342119695824804,0.3316670382933942,0
T01388,R0288,Zone_6,-1.7650434114701883,-1.6499353644618013,-1.486158045843775,2023-09-06,0.0,Diya Ghosh,42.0,Male,Ahmedabad,2026-03-28 00:03:47.581311,0.16831122664114473,-1.4330965567485814,4.56,14627.0,0.54,37.6,Mixed,Low,0,Wednesday,September,1,False,True,False,False,False,False,False,False,True,False,False,False,0.0,Low,2.8831233291713367,0.4252677354043441,2.04939015319192,-0.932069926762557,-0.9116905914431296,0,-1.6799051300622518,-1.0991663952706623,0
T01389,R0011,Zone_3,1.4771577911604739,2.0716537426634885,2.026996172438322,2023-07-02,0.0,Vivaan Nair,26.0,Female,Chennai,2026-02-02 00:03:47.581311,0.5590549577479722,1.3809839546849962,4.0,12971.0,2.11,38.0,Business,Low,0,Sunday,July,0,False,False,False,False,False,True,False,False,False,False,False,False,0.0,Low,5.6534010450952765,2.7356653681351832,11.448143954370945,-0.009495693903703363,0.4865107408090695,0,-1.487197844530525,0.4906485309116225,0
T01390,R0203,Zone_6,-0.18012288117053413,-0.0845562476700192,0.5814775401207474,2023-11-26,0.0,Kavya Gupta,49.0,Male,Bengaluru,2025-07-19 00:03:47.581311,-1.0039199666793377,0.6774638268266019,3.6,14627.0,0.54,37.6,Mixed,Low,0,Sunday,November,1,False,True,False,False,False,False,False,False,True,False,False,False,0.0,Low,5.166156462945698,2.1186622548331173,7.586830695356263,-0.19780822007134483,0.2562755775490171,0,-0.7806044642475257,1.0470837550754222,1
T01391,R0295,Zone_7,-1.2445172284704493,-1.2571237757466223,-1.339136108962902,2024-04-19,0.0,Kavya Gupta,18.0,Male,Delhi,2025-05-24 00:03:47.581311,0.5590549577479722,-0.7295764288901869,3.59,11070.0,0.64,45.2,Industrial,Low,0,Friday,April,1,False,True,False,False,False,False,False,False,False,True,False,False,0.0,Low,3.369362658142137,1.324418957401803,4.194043395102153,-1.836965306330289,-2.371944424784545,0,-0.5807598718442533,-0.701712663725091,0
T01392,R0125,Zone_5,0.14899905516562384,-0.031164381242713275,0.06394455587252615,2023-05-11,0.0,Saanvi Ghosh,44.0,Female,Ahmedabad,2024-02-10 00:03:47.581311,-0.6131762355725101,0.6774638268266019,3.89,2590.0,1.31,43.9,Business,Low,0,Thursday,May,0,False,True,False,False,False,False,False,True,False,False,False,False,0.0,Low,4.911551335872357,2.2752138961979136,7.705841939723395,0.7091169537631454,1.6511842156771257,0,1.0929385895331538,0.6893753966844082,0
T01393,R0214,Zone_8,0.24936957475750174,0.7691268913599817,0.7018279370670205,2023-05-15,1.0,Aarav Kumar,20.0,Female,Kolkata,2025-06-13 00:03:47.581311,-0.6131762355725101,0.6774638268266019,4.53,4516.0,1.93,31.0,Business,Low,0,Monday,May,0,False,True,False,False,False,False,False,False,False,False,True,False,0.0,Low,5.2171073111224935,2.318458442150336,9.309135298189624,-0.765102979013084,-0.5219388137376026,0,-0.6521329405597077,0.6893753966844082,0
T01394,R0100,Zone_8,1.234401185635932,1.7366344489273164,1.7859012178570872,2023-10-24,1.0,Ishaan Gupta,28.0,Male,Delhi,2025-01-18 00:03:47.581311,1.7312861510684545,1.3809839546849962,3.79,4516.0,1.93,31.0,Business,Low,0,Tuesday,October,1,True,False,False,False,False,False,False,False,False,False,True,False,0.0,Low,5.586911522924786,2.6658383522929006,10.938007131100253,0.21361798235368046,0.23335159497734753,0,-0.13110953893689015,0.09319479936605132,0
T01395,R0284,Zone_9,0.4314370289009081,-0.14850914262140757,0.1548642880633791,2023-12-16,0.0,Vivaan Das,28.0,Male,Surat,2026-04-07 00:03:47.581311,-0.22243250446568272,0.6774638268266019,4.95,11037.0,1.83,56.1,Mixed,Low,0,Saturday,December,1,False,False,True,False,False,False,False,False,False,False,False,True,0.0,Low,4.961234943801129,2.392425796993835,7.441773982055623,0.35932821364597145,0.3313020962633371,0,-1.7155916644199791,0.43386942640511234,0
T01396,R0129,Zone_6,1.3184323183175042,0.7708870627806622,2.026996172438322,2023-06-12,0.0,Vivaan Singh,35.0,Female,Hyderabad,2025-06-04 00:03:47.581311,1.3405424199616272,0.6774638268266019,3.9,14627.0,0.54,37.6,Mixed,Low,0,Monday,June,0,False,False,False,False,False,False,False,False,True,False,False,False,0.0,Low,5.6534010450952765,2.6905648867611904,9.312357381458252,0.046695678173123416,0.12664997458493465,0,-0.6200150596377532,-0.12359814511335115,0
T01397,R0024,Zone_8,-0.5746023651479151,-0.6970959020668036,-0.43401178083749087,2023-05-07,0.0,Meera Kumar,41.0,Male,Chennai,2024-01-18 00:03:47.581311,-1.394663697786165,-0.026056301031792503,3.49,4516.0,1.93,31.0,Business,Low,0,Sunday,May,1,True,False,False,False,False,False,False,False,False,False,True,False,0.0,Low,4.58445714439055,1.891604804197771,6.056401571890688,-0.20576370405234942,-0.3474333708254176,0,1.1750176185559265,0.6893753966844082,0
T01398,R0176,Zone_7,2.2264353909044927,2.2309492562350663,2.026996172438322,2024-01-10,1.0,Kavya Gupta,43.0,Female,Mumbai,2026-01-01 00:03:47.581311,-0.6131762355725101,1.3809839546849962,3.95,11070.0,0.64,45.2,Industrial,Low,0,Wednesday,January,0,False,False,True,False,False,False,False,False,False,True,False,False,0.0,Low,5.6534010450952765,2.924773184613497,11.682893477217021,4.175154357338968,3.600907222673888,0,-1.3730009345857976,1.285555994002765,0
T01399,R0015,Zone_9,-1.7510382226899264,-1.6546291549169492,-1.486158045843775,2023-04-18,0.0,Saanvi Patel,28.0,Female,Chennai,2024-01-14 00:03:47.581311,-1.0039199666793377,-1.4330965567485814,3.87,11037.0,1.83,56.1,Mixed,Low,0,Tuesday,April,0,True,False,False,False,False,False,False,False,False,False,False,True,0.0,Low,2.8831233291713367,0.4637340162321401,2.009975124224178,-1.2326104327116083,-0.27909114448522276,0,1.1892922322990174,-1.0991663952706623,0
T01400,R0186,Zone_6,0.6158386811743585,0.6453281681054592,1.5436237812097855,2023-06-05,1.0,Ishaan Sharma,18.0,Female,Hyderabad,2025-10-03 00:03:47.581311,-0.22243250446568272,-0.7295764288901869,3.26,14627.0,0.54,37.6,Mixed,Low,0,Monday,June,0,False,False,True,False,False,False,False,False,True,False,False,False,0.0,Low,5.515322113902837,2.462149662665384,9.079647570252934,1.0050272838502368,0.13665248011251213,0,-1.0518221253662527,-0.5881544547120707,1
T01401,R0040,Zone_9,0.4594474064614324,-0.14029500932489916,0.7270542211430951,2023-11-28,0.0,Aarav Gupta,34.0,Female,Surat,2024-03-22 00:03:47.581311,0.9497986888547996,0.6774638268266019,4.41,11037.0,1.83,56.1,Mixed,Low,0,Tuesday,November,0,False,False,True,False,False,False,False,False,False,False,False,True,0.0,Low,5.227465625576086,2.403334996094189,7.4605629814377945,-0.027501933366882544,-0.5258503800980654,0,0.9466237986664722,-0.02604132009762001,0
T01402,R0045,Zone_10,-0.5139132137667796,-0.8182543681903055,-0.13484381812279198,2024-06-01,0.0,Saanvi Iyer,34.0,Male,Ahmedabad,2024-09-17 00:03:47.581311,0.5590549577479722,-0.7295764288901869,4.88,2440.0,1.54,35.4,Industrial,Low,0,Saturday,June,1,False,False,False,True,False,False,False,False,False,False,False,False,0.0,Low,4.793473814459594,1.9300710850255671,5.705260730238365,0.9628412371079327,1.2276882915521163,0,0.3078348336631548,-0.701712663725091,0
T01403,R0117,Zone_7,-0.924732084654466,-0.9746162627274156,-0.42153002569568304,2024-06-13,1.0,Aadhya Gupta,21.0,Female,Ahmedabad,2024-11-01 00:03:47.581311,-1.0039199666793377,-1.4330965567485814,3.16,11070.0,0.64,45.2,Industrial,Low,0,Thursday,June,0,False,True,False,False,False,False,False,False,False,True,False,False,0.0,Low,4.594109238628667,1.6351056591826783,5.217278984298233,-1.3280762404836604,-1.0474329626479704,0,0.14724542905338223,-1.0991663952706623,0
T01404,R0300,Zone_9,-0.45789245864573136,-0.6680530736255766,0.21806138514979553,2023-12-05,1.0,Saanvi Iyer,38.0,Male,Kolkata,2025-10-25 00:03:47.581311,-0.6131762355725101,-0.7295764288901869,3.67,11037.0,1.83,56.1,Mixed,Low,0,Tuesday,December,1,False,True,False,False,False,False,False,False,False,False,False,True,0.0,Low,4.994370401630221,1.9643112344262046,6.137589103222861,0.6217048458237153,1.1947980786338606,0,-1.1303325009532526,-0.5029857979523055,1
T01405,R0133,Zone_8,-0.42521368482512,-0.6530916165497932,-0.8974133638391347,2023-05-09,1.0,Diya Kumar,25.0,Female,Delhi,2024-10-24 00:03:47.581311,0.5590549577479722,-1.4330965567485814,4.4,4516.0,1.93,31.0,Business,Low,0,Tuesday,May,0,False,False,False,False,False,False,False,False,False,False,True,False,0.0,Low,4.13804241748782,1.9837562915454279,6.178996682310163,-0.5195633499697412,-1.2949598202038526,0,0.17579465653956403,-1.0991663952706623,0
T01406,R0031,Zone_6,-1.4849396358649476,-1.3879631846838663,-1.2534718526212316,2023-10-18,1.0,Reyansh Nair,29.0,Male,Hyderabad,2025-08-06 00:03:47.581311,-1.7854074288929924,-0.026056301031792503,4.62,14627.0,0.54,37.6,Mixed,Low,0,Wednesday,October,1,False,True,False,False,False,False,False,False,True,False,False,False,0.0,Low,3.571783682237689,1.0043016091968684,3.623534186398688,0.545096481562193,0.009483286445803256,0,-0.8448402260914347,1.285555994002765,0
T01407,R0002,Zone_6,1.1363648641740978,0.4115187310584109,0.9757696157056447,2023-01-13,0.0,Ishaan Nair,39.0,Female,Mumbai,2024-03-10 00:03:47.581311,-0.22243250446568272,0.6774638268266019,4.12,14627.0,0.54,37.6,Mixed,Low,0,Friday,January,0,False,False,False,False,False,False,False,False,True,False,False,False,0.0,Low,5.324228748332538,2.6361960973342264,8.629600222490032,1.603582745278179,1.2548252750750044,0,0.9894476398957448,0.43386942640511234,0
T01408,R0285,Zone_4,-1.29586958733141,-1.208425699774464,-1.0684791027300167,2023-04-17,0.0,Diya Iyer,29.0,Male,Chennai,2025-03-23 00:03:47.581311,0.5590549577479722,-1.4330965567485814,4.97,4038.0,2.46,48.2,Business,Low,0,Monday,April,1,True,False,False,False,False,False,True,False,False,False,False,False,0.0,Low,3.9051997800800207,1.264126727145683,4.387482193696061,-0.6505178187928573,-0.1994641410159006,0,-0.35950335882634443,-1.0991663952706623,0
T01409,R0164,Zone_5,1.1737120342547962,0.7031204630844662,0.49502496240169935,2024-08-08,1.0,Aadhya Ghosh,37.0,Male,Ahmedabad,2025-09-19 00:03:47.581311,1.7312861510684545,-0.7295764288901869,4.02,2590.0,1.31,43.9,Business,Low,0,Thursday,August,1,False,True,False,False,False,False,False,True,False,False,False,False,0.0,Low,5.127884854146496,2.647592232065096,9.187491496594705,0.1561617091575382,0.5640717761302595,0,-1.0018609772654345,-0.8010760966114839,0
T01410,R0144,Zone_5,-1.6693412881383978,-1.5390445649589353,-1.447793072144745,2023-12-14,0.0,Ishaan Kumar,34.0,Female,Pune,2024-10-20 00:03:47.581311,0.5590549577479722,0.6774638268266019,3.52,2590.0,1.31,43.9,Business,Low,0,Thursday,December,0,True,False,False,False,False,False,False,True,False,False,False,False,0.0,Low,3.0344721018699214,0.6626879730752369,2.824889378365107,0.7624808998085651,1.2620660015370258,0,0.1900692702826549,0.09319479936605132,0
T01411,R0027,Zone_2,-0.22914104190145126,0.2536900270040672,-0.8581286818664976,2023-09-13,0.0,Ishaan Iyer,39.0,Female,Jaipur,2024-07-24 00:03:47.581311,0.16831122664114473,-0.026056301031792503,3.98,6371.0,0.91,58.4,Residential,Low,0,Wednesday,September,0,False,False,False,False,True,False,False,False,False,False,False,False,0.0,Low,4.184642200202881,2.0930978681273213,8.312039460926542,-0.5085140666627909,-0.7764936358293952,0,0.5041107726306545,-0.204895499293127,0
T01412,R0049,Zone_9,-0.21046745686110185,0.18416325588719068,-0.2875153915415361,2024-05-03,1.0,Meera Iyer,39.0,Female,Mumbai,2025-02-22 00:03:47.581311,-0.6131762355725101,0.6774638268266019,4.4,11037.0,1.83,56.1,Mixed,Low,0,Friday,May,0,False,False,True,False,False,False,False,False,False,False,False,True,0.0,Low,4.692264892839025,2.1029138978649784,8.168231142664855,0.9644781679682218,1.0635677818645393,0,-0.2560124091889355,0.6893753966844082,0
T01413,R0298,Zone_1,-0.04007099336791382,0.48661937834077534,0.07301025171236548,2024-06-29,1.0,Vivaan Singh,35.0,Female,Ahmedabad,2024-02-10 00:03:47.581311,-0.22243250446568272,-1.4330965567485814,3.88,4921.0,2.43,30.9,Residential,Low,0,Saturday,June,0,False,False,True,False,False,False,False,False,False,False,False,False,0.0,Low,4.916617611990135,2.188295946591918,8.776673629570602,0.5512700493781397,0.10940531162172483,0,1.0929385895331538,-1.0991663952706623,0
T01414,R0208,Zone_10,1.0943492978333114,1.9449214003744988,0.011258410484474323,2023-04-01,0.0,Aadhya Iyer,24.0,Male,Chennai,2025-03-30 00:03:47.581311,-0.6131762355725101,-0.026056301031792503,4.75,2440.0,1.54,35.4,Industrial,Low,0,Saturday,April,1,True,False,False,True,False,False,False,False,False,False,False,False,0.0,Low,4.881589066161162,2.6232182655855123,11.257886124845996,0.08544629599305494,-0.9793717079759219,0,-0.3844839328767535,0.09319479936605132,0
T01415,R0213,Zone_7,-0.2571514194619754,-0.044365666897816465,-0.33494606108040575,2023-09-20,1.0,Kavya Ghosh,29.0,Female,Chennai,2025-11-21 00:03:47.581311,0.5590549577479722,-0.7295764288901869,3.74,11070.0,0.64,45.2,Industrial,Low,0,Wednesday,September,0,False,True,False,False,False,False,False,False,False,True,False,False,0.0,Low,4.658616161693717,2.0781907597781832,7.676587783644502,-0.7683768407336619,-0.43676583355062903,0,-1.226686143719116,-0.701712663725091,0
T01416,R0230,Zone_7,-0.5559287801075656,-0.4632864650197552,-0.00030363638372654227,2023-09-06,0.0,Kavya Gupta,32.0,Male,Chennai,2026-03-20 00:03:47.581311,0.16831122664114473,-0.026056301031792503,3.65,11070.0,0.64,45.2,Industrial,Low,0,Wednesday,September,1,True,False,False,False,False,False,False,False,False,True,False,False,0.0,Low,4.874891933062879,1.9035989509835904,6.682065548915245,-0.4473746990309987,-0.4927535703649966,0,-1.65135590257607,-0.204895499293127,0
T01417,R0252,Zone_2,-0.25481722133193174,-0.41576183666138383,0.38636799921985643,2024-06-09,1.0,Reyansh Gupta,38.0,Male,Ahmedabad,2024-01-13 00:03:47.581311,3.294261075495764,-0.026056301031792503,4.83,6371.0,0.91,58.4,Residential,Low,0,Sunday,June,1,True,False,False,False,True,False,False,False,False,False,False,False,0.0,Low,5.077608349349287,2.0794415416798357,6.802205524680947,-1.0701859680994372,-0.8012439342440127,0,1.19286088573479,-0.6520309472818946,0
T01418,R0010,Zone_3,1.1246938735238792,0.8923388908076109,0.6935505626045586,2024-01-21,1.0,Vivaan Gupta,25.0,Female,Surat,2024-06-15 00:03:47.581311,0.5590549577479722,1.3809839546849962,3.38,12971.0,2.11,38.0,Business,Low,0,Sunday,January,0,True,False,False,False,False,True,False,False,False,False,False,False,0.0,Low,5.213684975707333,2.6326080059353516,9.53205119583398,0.81355314264958,0.16741507376964454,0,0.6432882566257907,0.4906485309116225,0
T01419,R0218,Zone_2,-1.4289188807438995,-1.2210402616226737,-1.2591214891591023,2023-12-18,1.0,Arjun Reddy,34.0,Male,Delhi,2026-01-31 00:03:47.581311,-0.6131762355725101,-0.026056301031792503,3.87,6371.0,0.91,58.4,Residential,Low,0,Monday,December,1,False,False,True,False,True,False,False,False,False,False,False,False,0.0,Low,3.5596246182566738,1.0885619528146082,4.338202392696772,0.146340123995804,-0.29986101093443934,0,-1.4800605376589795,0.09319479936605132,0
T01420,R0057,Zone_10,-1.2118384546498377,-1.0112865006582576,-1.38117991575636,2023-03-21,0.0,Aadhya Reddy,39.0,Male,Bengaluru,2024-07-21 00:03:47.581311,1.7312861510684545,-0.026056301031792503,3.66,2440.0,1.54,35.4,Industrial,Low,0,Tuesday,March,1,False,False,True,True,False,False,False,False,False,False,False,False,0.0,Low,3.2526973733437115,1.3609765531356006,5.096076922496363,-0.7498795220123965,-0.9787656906524701,0,0.5148167329379727,-0.5029857979523055,0
T01421,R0107,Zone_10,-1.4732686452147292,-1.3386783849048147,-1.4146835742948967,2023-12-17,1.0,Reyansh Gupta,33.0,Male,Hyderabad,2024-01-11 00:03:47.581311,-1.0039199666793377,0.6774638268266019,3.66,2440.0,1.54,35.4,Industrial,Low,0,Sunday,December,1,True,False,False,True,False,False,False,False,False,False,False,False,0.0,Low,3.1488824530476656,1.0224509277025458,3.8483762809787714,-0.9297127463237406,-0.2653400604912592,0,1.1999981926063354,1.0470837550754222,0
T01423,R0165,Zone_1,-1.375232323752895,-1.2917404803533368,-1.1169608674387228,2024-08-18,1.0,Meera Reddy,37.0,Male,Kolkata,2024-01-02 00:03:47.581311,-0.6131762355725101,-0.7295764288901869,3.27,4921.0,2.43,30.9,Residential,Low,0,Sunday,August,1,False,False,True,False,False,False,False,False,False,False,False,False,0.0,Low,3.8279890098181366,1.1631508098056809,4.050925820105819,-0.18071866188992822,-0.0010944704726304911,0,1.23211607352829,-0.5029857979523055,0
T01424,R0244,Zone_10,-1.5549655797662578,-1.4167126512216464,-1.4789317665511497,2023-05-30,1.0,Aadhya Iyer,24.0,Female,Kolkata,2026-01-11 00:03:47.581311,-1.394663697786165,0.6774638268266019,3.13,2440.0,1.54,35.4,Industrial,Low,0,Tuesday,May,0,False,False,False,True,False,False,False,False,False,False,False,False,0.0,Low,2.913437030827161,0.8878912573524571,3.4856850115866753,0.43362148997651534,1.0600694091337033,0,-1.408687468943525,1.5836462926619435,0
T01425,R0226,Zone_6,-0.9644134528652084,-0.6466376546739651,-0.5493694757270411,2023-06-28,0.0,Aarav Iyer,20.0,Female,Surat,2024-11-25 00:03:47.581311,-0.22243250446568272,0.6774638268266019,3.25,14627.0,0.54,37.6,Mixed,Low,0,Wednesday,June,0,True,False,False,False,False,False,False,False,True,False,False,False,0.0,Low,4.490544660146788,1.601405740736836,6.196773353931867,-0.28889640702845243,-0.015119442815375127,0,0.06159774659483688,0.43386942640511234,0
T01426,R0022,Zone_6,-0.7356620361209284,-0.8555113299280408,-0.6228147507193629,2023-05-09,0.0,Aarav Nair,43.0,Female,Kolkata,2024-08-24 00:03:47.581311,-0.22243250446568272,-1.4330965567485814,3.32,14627.0,0.54,37.6,Mixed,Low,0,Tuesday,May,0,False,True,False,False,False,False,False,False,True,False,False,False,0.0,Low,4.425804257019769,1.7817091333745536,5.592852581643825,-0.3697140220735754,-0.39034648064518024,0,0.3934825161217001,-1.0991663952706623,0
T01427,R0182,Zone_4,1.689569820994448,1.5318678403214947,2.026996172438322,2023-07-22,0.0,Meera Patel,43.0,Female,Jaipur,2025-05-13 00:03:47.581311,-1.0039199666793377,0.6774638268266019,4.4,4038.0,2.46,48.2,Business,Low,0,Saturday,July,0,False,False,True,False,False,False,True,False,False,False,False,False,0.0,Low,5.6534010450952765,2.7930039069823738,10.61414151026827,1.0691762657923034,0.8879659985217454,0,-0.5415046840507532,1.0470837550754222,0
T01428,R0144,Zone_2,-0.5629313744976967,-0.3127918085515797,-0.3734424216756656,2024-01-19,0.0,Ishaan Kumar,34.0,Male,Pune,2025-02-13 00:03:47.581311,0.5590549577479722,1.3809839546849962,3.52,6371.0,0.91,58.4,Residential,Low,0,Friday,January,1,False,False,False,False,True,False,False,False,False,False,False,False,0.0,Low,4.63044799317236,1.8991179875485542,7.055494312945054,0.7624808998085651,1.2620660015370258,0,-0.22389452826698095,0.4906485309116225,0
T01429,R0269,Zone_8,0.3193955186588121,0.4352810452375966,0.9371418682141552,2023-11-18,0.0,Aadhya Sharma,41.0,Male,Mumbai,2024-12-01 00:03:47.581311,-0.22243250446568272,1.3809839546849962,3.41,4516.0,1.93,31.0,Business,Low,0,Saturday,November,1,True,False,False,False,False,False,False,False,False,False,True,False,0.0,Low,5.309801174489323,2.347558458636777,8.676404785393544,0.5403259973407792,1.9771821839200237,0,0.04018582598020055,0.9448813669637038,0
T01430,R0164,Zone_1,-1.667007090008354,-1.5886227266414337,-1.486158045843775,2024-05-06,1.0,Aadhya Ghosh,37.0,Female,Ahmedabad,2025-04-15 00:03:47.581311,1.7312861510684545,-1.4330965567485814,4.02,4921.0,2.43,30.9,Residential,Low,0,Monday,May,0,False,False,False,False,False,False,False,False,False,False,False,False,0.0,Low,2.8831233291713367,0.6678293725756554,2.5079872407968904,0.1561617091575382,0.5640717761302595,0,-0.441582387849117,-1.0991663952706623,0
T01431,R0243,Zone_9,0.22135919719697741,0.30766861723826666,-0.7408001835335042,2024-06-16,1.0,Ishaan Patel,33.0,Female,Jaipur,2023-09-10 00:03:47.581311,-0.22243250446568272,-0.7295764288901869,3.7,11037.0,1.83,56.1,Mixed,Low,0,Sunday,June,0,False,True,False,False,False,False,False,False,False,False,False,True,0.0,Low,4.312140507209715,2.306577114263583,8.421995013059554,-0.11210787411724529,0.18250516746875955,0,1.6389425652063805,-0.5881544547120707,0
T01432,R0105,Zone_7,-1.832735157241455,-1.7053807642132344,-1.486158045843775,2023-01-10,0.0,Diya Das,31.0,Female,Jaipur,2024-07-23 00:03:47.581311,1.7312861510684545,-0.7295764288901869,3.69,11070.0,0.64,45.2,Industrial,Low,0,Tuesday,January,0,True,False,False,False,False,False,False,False,False,True,False,False,0.0,Low,2.8831233291713367,0.2151113796169455,1.5198684153570663,-0.0933065539504982,-0.6788422080277071,0,0.5076794260664272,-0.8010760966114839,0
T01433,R0027,Zone_5,-0.3878665147444212,-0.42720295089580657,-0.44688769666798744,2023-12-25,0.0,Ishaan Iyer,39.0,Male,Jaipur,2024-03-30 00:03:47.581311,0.16831122664114473,0.6774638268266019,3.98,2590.0,1.31,43.9,Business,Low,0,Monday,December,1,False,True,False,False,False,False,False,True,False,False,False,False,0.0,Low,4.574401652316455,2.005525858729668,6.77347768875044,-0.5085140666627909,-0.7764936358293952,0,0.9180745711802903,0.2422399486956406,0
T01434,R0262,Zone_4,-0.9083926977441602,-0.7161644257908414,-0.7069023643062786,2024-08-03,0.0,Meera Singh,30.0,Female,Ahmedabad,2025-09-27 00:03:47.581311,0.5590549577479722,0.6774638268266019,3.35,4038.0,2.46,48.2,Business,Low,0,Saturday,August,0,True,False,False,False,False,False,True,False,False,False,False,False,0.0,Low,4.346140356109473,1.6486586255873816,6.002499479383568,-0.8646283753186516,-0.7437044257983821,0,-1.0304102047516164,0.09319479936605132,0
T01435,R0019,Zone_8,0.04629433744370192,-0.5413207313365868,-0.40852272296895703,2023-03-19,0.0,Kavya Patel,40.0,Female,Mumbai,2024-04-26 00:03:47.581311,-1.0039199666793377,0.6774638268266019,4.08,4516.0,1.93,31.0,Business,Low,0,Sunday,March,0,False,True,False,False,False,False,False,False,False,False,True,False,0.0,Low,4.604069580544058,2.2289385528257473,6.479969135728966,-0.2013439907295691,-0.11189647419322601,0,0.8217209284144269,1.0470837550754222,0
T01436,R0010,Zone_10,0.71854339889628,1.3056858127640616,1.2744120308354252,2023-01-25,1.0,Vivaan Gupta,25.0,Female,Surat,2025-02-25 00:03:47.581311,0.5590549577479722,-0.7295764288901869,3.38,2440.0,1.54,35.4,Industrial,Low,0,Wednesday,January,0,False,False,False,True,False,False,False,False,False,False,False,False,0.0,Low,5.429257905808632,2.498973906999436,10.244510725261602,0.81355314264958,0.16741507376964454,0,-0.2667183694962536,-0.701712663725091,0
T01437,R0030,Zone_6,-1.580641759196738,-1.554886107745059,-1.3191653007360096,2024-04-17,0.0,Saanvi Patel,25.0,Male,Mumbai,2025-05-10 00:03:47.581311,1.3405424199616272,-0.026056301031792503,3.72,14627.0,0.54,37.6,Mixed,Low,0,Wednesday,April,1,False,False,False,False,False,False,False,False,True,False,False,False,0.0,Low,3.420346200500916,0.8415671856782186,2.727636339397171,-0.4263475780711049,0.3973443902703131,0,-0.5307987237434351,-0.4487875618324548,0
T01438,R0095,Zone_10,-1.347221946192371,-1.3237169278290313,-1.390902546077347,2023-06-18,0.0,Kavya Iyer,29.0,Male,Chennai,2024-06-24 00:03:47.581311,1.7312861510684545,1.3809839546849962,4.26,2440.0,1.54,35.4,Industrial,Low,0,Sunday,June,1,False,False,True,True,False,False,False,False,False,False,False,False,0.0,Low,3.223664341599998,1.199964782928397,3.9140771581561853,-0.125226705726133,-0.16477424028860577,0,0.6111703757038363,0.09319479936605132,0
T01439,R0090,Zone_3,0.20501981028667204,0.17682920830102228,-0.5650045163783581,2024-03-03,0.0,Kavya Iyer,33.0,Male,Mumbai,2023-08-26 00:03:47.581311,0.5590549577479722,-0.026056301031792503,4.51,12971.0,2.11,38.0,Business,Low,0,Sunday,March,1,False,False,True,False,False,True,False,False,False,False,False,False,0.0,Low,4.477109515920573,2.299580583973747,8.152913589631623,1.1461774934602955,1.3604244495494093,0,1.6924723667429713,-0.3042589321795199,0
T01440,R0184,Zone_8,0.7815667484074591,1.379319650529192,0.7621345224363868,2024-07-09,0.0,Meera Nair,29.0,Male,Surat,2023-09-20 00:03:47.581311,0.16831122664114473,-0.026056301031792503,3.97,4516.0,1.93,31.0,Business,Low,0,Tuesday,July,1,False,False,False,False,False,False,False,False,False,False,True,False,0.0,Low,5.241694103606946,2.5209170873110334,10.366291525902597,0.32607513245553066,0.7142263411364674,0,1.6032560308486532,-0.204895499293127,0
T01441,R0262,Zone_5,1.6335490658734,1.0108570998000923,1.7397844172805124,2024-01-03,0.0,Meera Singh,30.0,Male,Ahmedabad,2025-02-09 00:03:47.581311,0.5590549577479722,-0.7295764288901869,3.35,2590.0,1.31,43.9,Business,Low,0,Wednesday,January,1,False,True,False,False,False,False,False,True,False,False,False,False,0.0,Low,5.573673789309181,2.7781979610042917,9.741663102366044,-0.8646283753186516,-0.7437044257983821,0,-0.20961991452389006,-0.701712663725091,0
T01442,R0132,Zone_3,-0.5722681670178714,-0.14498879978004683,-0.23982194821020714,2023-08-05,1.0,Aadhya Iyer,23.0,Male,Surat,2024-02-21 00:03:47.581311,1.3405424199616272,-0.026056301031792503,3.32,12971.0,2.11,38.0,Business,Low,0,Saturday,August,1,False,False,False,False,False,True,False,False,False,False,False,False,0.0,Low,4.72499557905644,1.8931119634883424,7.44983221287567,-1.0504646715303652,-0.9341307618375628,0,1.053683401739654,-0.4487875618324548,0
T01443,R0139,Zone_2,-1.7627092133401447,-1.6927662023650247,-1.486158045843775,2023-05-28,1.0,Diya Gupta,44.0,Male,Kolkata,2023-10-28 00:03:47.581311,0.16831122664114473,-1.4330965567485814,4.39,6371.0,0.91,58.4,Residential,Low,0,Sunday,May,1,False,True,False,False,True,False,False,False,False,False,False,False,0.0,Low,2.8831233291713367,0.43178241642553783,1.6552945357246849,-0.42822260796561756,-0.2510766163965579,0,1.4676472002892897,-1.0991663952706623,0
T01444,R0232,Zone_5,0.19568301776649716,-0.35826290358582386,0.18639714315847222,2024-02-21,0.0,Meera Das,38.0,Male,Jaipur,2025-11-26 00:03:47.581311,2.122029882175282,0.6774638268266019,3.94,2590.0,1.31,43.9,Business,Low,0,Wednesday,February,1,False,False,True,False,False,False,False,True,False,False,False,False,0.0,Low,4.9779054694733365,2.295560478057081,6.944782214007866,-0.5435884582884439,-0.5039447609027993,0,-1.2445294108979796,-0.2736855682144758,0
T01445,R0146,Zone_9,-0.9480740659549027,-0.897462082120924,-0.7329169697597308,2024-08-10,0.0,Kavya Gupta,30.0,Female,Surat,2024-05-21 00:03:47.581311,-0.22243250446568272,-1.4330965567485814,3.89,11037.0,1.83,56.1,Mixed,Low,0,Saturday,August,0,False,True,False,False,False,False,False,False,False,False,False,True,0.0,Low,4.320151230955794,1.6154199841116479,5.463515351859094,0.9090563659841525,0.13499970559400737,0,0.7325045925201088,-1.0991663952706623,0
T01446,R0236,Zone_9,-1.0997969444077416,-1.2714985090155122,-0.9047710300279899,2024-04-15,1.0,Arjun Gupta,28.0,Female,Ahmedabad,2023-09-15 00:03:47.581311,1.3405424199616272,1.3809839546849962,3.36,11037.0,1.83,56.1,Mixed,Low,0,Monday,April,0,False,False,False,False,False,False,False,False,False,False,False,True,0.0,Low,4.129067998280486,1.4770487243883548,4.135214625627067,-2.0892312330904557,-1.9871584832459817,0,1.6210992980275167,0.20159127160575266,0
T01447,R0204,Zone_2,1.6218780752231814,1.8918228958506396,1.1522222173419385,2023-08-22,1.0,Aarav Kumar,37.0,Male,Hyderabad,2024-10-19 00:03:47.581311,-0.22243250446568272,0.6774638268266019,3.73,6371.0,0.91,58.4,Residential,Low,0,Tuesday,August,1,True,False,False,False,True,False,False,False,False,False,False,False,0.0,Low,5.387609474026799,2.7750856024383683,11.177208953938367,0.9402048217827945,-0.040288837625756295,0,0.19363792371842764,0.43386942640511234,0
T01448,R0095,Zone_10,0.6998698138559306,0.5687607113058613,0.6202366745084662,2023-04-29,1.0,Kavya Iyer,29.0,Male,Chennai,2026-02-16 00:03:47.581311,1.7312861510684545,-0.026056301031792503,4.26,2440.0,1.54,35.4,Industrial,Low,0,Saturday,April,1,True,False,False,True,False,False,False,False,False,False,False,False,0.0,Low,5.182850396739323,2.492378664626701,8.934763567101259,-0.125226705726133,-0.16477424028860577,0,-1.537158992631343,-0.5029857979523055,0
T01449,R0041,Zone_1,-0.8710455276634614,-0.7108839115288001,-0.7481578497223592,2024-08-10,0.0,Aarav Nair,25.0,Female,Pune,2025-08-25 00:03:47.581311,-1.0039199666793377,1.3809839546849962,4.74,4921.0,2.43,30.9,Residential,Low,0,Saturday,August,0,False,False,True,False,False,False,False,False,False,False,False,False,0.0,Low,4.304605487705297,1.6789639750827108,6.017474553332153,0.19819809364975854,0.31379213079300117,0,-0.9126446413711164,1.7625004718574506,0
T01450,R0095,Zone_1,-0.04240519149795744,-0.07487530485627697,0.715229400482435,2023-01-11,1.0,Kavya Iyer,29.0,Male,Chennai,2024-06-25 00:03:47.581311,1.7312861510684545,0.6774638268266019,4.26,4921.0,2.43,30.9,Residential,Low,0,Wednesday,January,1,False,False,False,False,False,False,False,False,False,False,False,False,0.0,Low,5.222623522178837,2.187174241482718,7.608547824650904,-0.125226705726133,-0.16477424028860577,0,0.6076017222680635,-0.204895499293127,1
T01451,R0090,Zone_4,-0.1217679279194423,0.16421464645281286,-0.46436215386651836,2023-01-17,0.0,Kavya Iyer,33.0,Male,Mumbai,2025-02-03 00:03:47.581311,0.5590549577479722,-0.026056301031792503,4.51,4038.0,2.46,48.2,Business,Low,0,Tuesday,January,1,True,False,False,False,False,False,True,False,False,False,False,False,0.0,Low,4.560591142590124,2.1482677326096886,8.126499861564017,1.1461774934602955,1.3604244495494093,0,-0.18820799390925372,-0.3042589321795199,0
T01452,R0216,Zone_1,0.1723410364660605,-0.059033762070153255,0.009944541522178838,2023-05-21,0.0,Ishaan Ghosh,44.0,Male,Chennai,2025-03-26 00:03:47.581311,-1.0039199666793377,-1.4330965567485814,3.4,4921.0,2.43,30.9,Residential,Low,0,Sunday,May,1,False,True,False,False,False,False,False,False,False,False,False,False,0.0,Low,4.880830283212547,2.285438934159075,7.643951857514541,-1.275039680610298,-0.9390770652147628,0,-0.37020931913366256,-1.0991663952706623,0
T01453,R0112,Zone_1,-0.4952396287264302,-0.6035134548672949,-1.0691360372111645,2023-11-23,1.0,Meera Nair,41.0,Female,Delhi,2024-10-01 00:03:47.581311,0.9497986888547996,0.6774638268266019,3.24,4921.0,2.43,30.9,Residential,Low,0,Thursday,November,0,True,False,False,False,False,False,False,False,False,False,False,False,0.0,Low,3.9041924263129575,1.9416152247724325,6.314269553954756,0.5075780262443694,-0.49438155326572436,0,0.25787368556233664,-0.02604132009762001,0
T01454,R0026,Zone_3,-1.5386261928559521,-1.3776955180632307,-1.411661675681617,2023-01-16,1.0,Aarav Kumar,26.0,Female,Surat,2025-10-02 00:03:47.581311,0.5590549577479722,-0.026056301031792503,3.17,12971.0,2.11,38.0,Business,Low,0,Monday,January,0,True,False,False,False,False,True,False,False,False,False,False,False,0.0,Low,3.1587011018321305,0.9162907318741551,3.671511950137164,0.42330882555669486,-0.7222918137030796,0,-1.04825347193048,-0.3042589321795199,0
T01455,R0248,Zone_8,-1.160486095788877,-1.2864599660912959,-1.210771111346626,2023-11-11,0.0,Vivaan Ghosh,18.0,Female,Chennai,2024-04-08 00:03:47.581311,-0.22243250446568272,-1.4330965567485814,3.65,4516.0,1.93,31.0,Business,Low,0,Saturday,November,0,False,False,True,False,False,False,False,False,False,False,True,False,0.0,Low,3.659193143743576,1.415853163361435,4.07308237088326,0.09077801365228189,0.1379746997273161,0,0.8859566902583359,-1.0991663952706623,0
T01456,R0014,Zone_6,-0.6422941109191815,-0.8182543681903055,-0.1758365297464135,2023-09-13,0.0,Aarav Das,26.0,Female,Ahmedabad,2024-07-05 00:03:47.581311,-0.6131762355725101,1.3809839546849962,3.0,14627.0,0.54,37.6,Mixed,Low,0,Wednesday,September,0,False,False,True,False,False,False,False,False,True,False,False,False,0.0,Low,4.767289035464526,1.8468787684491346,5.705260730238365,-0.624654311200292,0.5569923919426626,0,0.5719151879103362,1.285555994002765,0
T01457,R0197,Zone_10,0.011281365493047148,-0.032337828856500196,0.32921469935999964,2023-10-27,0.0,Saanvi Das,29.0,Female,Bengaluru,2024-10-27 00:03:47.581311,0.9497986888547996,1.3809839546849962,3.87,2440.0,1.54,35.4,Industrial,Low,0,Friday,October,0,False,False,False,True,False,False,False,False,False,False,False,False,0.0,Low,5.050112384638456,2.2126603854660587,7.703246069028303,-0.5796714511595517,-1.035400764153252,0,0.16508869623224584,0.3316670382933942,0
T01458,R0197,Zone_8,-1.2841985966811917,-1.0667319004096907,-1.3985229860586614,2023-04-17,0.0,Saanvi Das,29.0,Male,Bengaluru,2024-11-12 00:03:47.581311,0.9497986888547996,1.3809839546849962,3.87,4516.0,1.93,31.0,Business,Low,0,Monday,April,1,True,False,False,False,False,False,False,False,False,False,True,False,0.0,Low,3.2003044392827653,1.2781522025001875,4.907137658554118,-0.5796714511595517,-1.035400764153252,0,0.10799024125988228,0.3316670382933942,0
T01459,R0050,Zone_8,0.19568301776649716,-0.3259930942066829,-0.1227562236696728,2024-04-09,1.0,Diya Das,49.0,Female,Ahmedabad,2024-04-28 00:03:47.581311,-0.22243250446568272,1.3809839546849962,3.42,4516.0,1.93,31.0,Business,Low,0,Tuesday,April,0,False,True,False,False,False,False,False,False,False,False,True,False,0.0,Low,4.801065862809164,2.295560478057081,7.02353187506115,0.2911383509516494,0.027994361053062782,0,0.8145836215428814,0.9448813669637038,0
T01460,R0144,Zone_4,-0.4672292511659061,-0.4398175127440162,-0.4545081366493016,2024-03-22,0.0,Ishaan Kumar,34.0,Male,Pune,2024-03-24 00:03:47.581311,0.5590549577479722,-0.7295764288901869,3.52,4038.0,2.46,48.2,Business,Low,0,Friday,March,1,False,True,False,False,False,False,True,False,False,False,False,False,0.0,Low,4.568402461795877,1.958685340544036,6.74166151627327,0.7624808998085651,1.2620660015370258,0,0.9394864917949267,-0.701712663725091,0
T01461,R0086,Zone_6,-0.9083926977441602,-0.7463807018458551,-1.1126250998631475,2023-06-28,0.0,Vivaan Patel,23.0,Male,Hyderabad,2025-10-11 00:03:47.581311,-0.6131762355725101,0.6774638268266019,4.56,14627.0,0.54,37.6,Mixed,Low,0,Wednesday,June,1,False,False,True,False,False,False,False,False,True,False,False,False,0.0,Low,3.835141961092188,1.6486586255873816,5.916079783099616,1.5842201916736194,1.5382997160632135,0,-1.0803713528524344,0.6893753966844082,0
T01462,R0020,Zone_9,-1.503613220905297,-1.4061516226975639,-1.486158045843775,2024-02-07,1.0,Diya Das,35.0,Female,Chennai,2023-11-24 00:03:47.581311,-0.6131762355725101,0.6774638268266019,4.03,11037.0,1.83,56.1,Mixed,Low,0,Wednesday,February,0,False,False,False,False,False,False,False,False,False,False,False,True,0.0,Low,2.8831233291713367,0.9745596399981308,3.5369478367654787,-1.274843248907063,-1.073690040498625,0,1.3712935575234262,0.6893753966844082,0
T01463,R0006,Zone_9,0.49912877467217487,0.3246836076381773,0.42276216947544354,2023-03-13,0.0,Aarav Das,45.0,Female,Jaipur,2025-06-26 00:03:47.581311,-0.22243250446568272,-0.7295764288901869,4.64,11037.0,1.83,56.1,Mixed,Low,0,Monday,March,0,True,False,False,False,False,False,False,False,False,False,False,True,0.0,Low,5.094731314449358,2.418588768750352,8.456358554366059,0.5554793001617393,0.8761982439499878,0,-0.6985254352247531,-0.5881544547120707,0
T01464,R0079,Zone_1,0.47345259524169414,-0.086023057187253,0.9624995391864597,2023-07-30,1.0,Ishaan Nair,25.0,Male,Bengaluru,2025-05-14 00:03:47.581311,-1.394663697786165,-0.026056301031792503,4.92,4921.0,2.43,30.9,Residential,Low,0,Sunday,July,1,False,False,False,False,False,False,False,False,False,False,False,False,0.0,Low,5.319295772933229,2.4087452888224363,7.583534795858722,0.6030438340164215,0.7642227703212535,0,-0.545073337486526,0.6893753966844082,0
T01465,R0137,Zone_10,0.912281843689905,0.5696407970162015,2.026996172438322,2024-05-01,1.0,Arjun Gupta,27.0,Male,Bengaluru,2024-04-12 00:03:47.581311,-0.22243250446568272,-0.026056301031792503,3.14,2440.0,1.54,35.4,Industrial,Low,0,Wednesday,May,1,False,False,False,True,False,False,False,False,False,False,False,False,0.0,Low,5.6534010450952765,2.5649493574615367,8.936442245099556,2.16257124934028,2.4858117364577574,0,0.871682076515245,-0.07714251415347918,1
T01466,R0013,Zone_10,0.6205070774344458,-0.023536971753098202,0.1957256127907708,2024-04-15,1.0,Ishaan Gupta,43.0,Male,Kolkata,2025-12-19 00:03:47.581311,0.5590549577479722,1.3809839546849962,3.91,2440.0,1.54,35.4,Industrial,Low,0,Monday,April,1,False,False,False,True,False,False,False,False,False,False,False,False,0.0,Low,4.982784365940479,2.463853240590168,7.722693830523129,0.5031910515387956,0.9648604147871388,0,-1.3266084399207523,0.4906485309116225,0
T01467,R0263,Zone_3,0.7068724082460615,1.0844909375652227,-0.4848585096783291,2023-09-08,0.0,Ishaan Das,31.0,Female,Chennai,2024-01-10 00:03:47.581311,1.7312861510684545,-1.4330965567485814,3.84,12971.0,2.11,38.0,Business,Low,0,Friday,September,0,False,True,False,False,False,True,False,False,False,False,False,False,0.0,Low,4.544145484150317,2.4948569806411682,9.869650449737316,0.3692901071671584,-0.09128086669907033,0,1.2035668460421083,-1.0991663952706623,0
T01468,R0099,Zone_6,0.4244344345107772,0.5708142446299886,0.7580615286532705,2023-08-25,0.0,Diya Gupta,35.0,Female,Mumbai,2026-02-24 00:03:47.581311,0.5590549577479722,-0.026056301031792503,3.7,14627.0,0.54,37.6,Mixed,Low,0,Friday,August,0,True,False,False,False,False,False,False,False,True,False,False,False,0.0,Low,5.240052458416061,2.3896797998449792,8.938679992034618,-0.22622533980596085,0.4143395868343376,0,-1.5657082201175248,-0.3042589321795199,0
T01469,R0012,Zone_7,-1.7043542600890529,-1.6267597740895092,-1.486158045843775,2023-12-19,1.0,Aarav Das,31.0,Female,Hyderabad,2024-05-29 00:03:47.581311,-1.0039199666793377,-1.4330965567485814,3.31,11070.0,0.64,45.2,Industrial,Low,0,Tuesday,December,0,False,True,False,False,False,False,False,False,False,True,False,False,0.0,Low,2.8831233291713367,0.5822156198526637,2.233830790368868,-1.3375049622389241,-1.94707118856078,0,0.703955365033927,-1.0991663952706623,0
T01470,R0213,Zone_10,-0.34818514653367877,-0.0555134192287925,0.3339446276242638,2024-05-30,1.0,Kavya Ghosh,29.0,Female,Chennai,2026-01-22 00:03:47.581311,0.5590549577479722,0.6774638268266019,3.74,2440.0,1.54,35.4,Industrial,Low,0,Thursday,May,0,False,False,True,True,False,False,False,False,False,False,False,False,0.0,Low,5.052416828111211,2.028148247292285,7.651797174520506,-0.7683768407336619,-0.43676583355062903,0,-1.4479426567370248,0.09319479936605132,1
T01471,R0252,Zone_3,-1.6926832694388345,-1.5862758314138599,-1.468158041060326,2023-03-13,0.0,Reyansh Gupta,38.0,Female,Ahmedabad,2024-01-01 00:03:47.581311,3.294261075495764,-1.4330965567485814,4.83,12971.0,2.11,38.0,Business,Low,0,Monday,March,0,False,True,False,False,False,True,False,False,False,False,False,False,0.0,Low,2.9569914452375605,0.6097655716208943,2.5238858928247927,-1.0701859680994372,-0.8012439342440127,0,1.2356847269640627,-1.0991663952706623,0
T01472,R0197,Zone_8,1.5775283107523517,1.4215637646255224,0.1711562631958438,2024-05-12,0.0,Saanvi Das,29.0,Male,Bengaluru,2025-05-16 00:03:47.581311,0.9497986888547996,0.6774638268266019,3.87,4516.0,1.93,31.0,Business,Low,0,Sunday,May,1,False,False,False,False,False,False,False,False,False,False,True,False,0.0,Low,4.969882741609291,2.7631695003232895,10.435516278555651,-0.5796714511595517,-1.035400764153252,0,-0.5522106443580714,-0.02604132009762001,0
T01473,R0062,Zone_8,-0.03773679523787019,0.07415254209466476,-0.6983622160513575,2024-04-04,1.0,Kavya Sharma,38.0,Female,Jaipur,2024-10-04 00:03:47.581311,-0.22243250446568272,-0.7295764288901869,3.58,4516.0,1.93,31.0,Business,Low,0,Thursday,April,0,False,False,False,False,False,False,False,False,False,False,True,False,0.0,Low,4.354526960971297,2.189416394888408,7.93536388579629,0.7920391942000682,-0.09619983848033548,0,0.24716772525501848,-0.5881544547120707,0
T01474,R0259,Zone_7,1.4608184042501682,0.8627093385594904,1.6361201561553929,2023-04-29,0.0,Aadhya Das,32.0,Male,Jaipur,2025-05-14 00:03:47.581311,0.16831122664114473,-0.7295764288901869,3.52,11070.0,0.64,45.2,Industrial,Low,0,Saturday,April,1,True,False,False,False,False,False,False,False,False,True,False,False,0.0,Low,5.543261547821099,2.731115474033206,9.478923989567592,1.105417915039101,0.6900958331662902,0,-0.545073337486526,-0.6520309472818946,0
T01475,R0208,Zone_7,-1.2235094453000563,-1.179382871333237,-1.3325667641514243,2024-08-10,1.0,Aadhya Iyer,24.0,Male,Chennai,2024-10-29 00:03:47.581311,-0.6131762355725101,1.3809839546849962,4.75,11070.0,0.64,45.2,Industrial,Low,0,Saturday,August,1,True,False,False,False,False,False,False,False,False,True,False,False,0.0,Low,3.386422096080001,1.3480731482996928,4.498888751680797,0.08544629599305494,-0.9793717079759219,0,0.1579513893607004,1.285555994002765,0
T01476,R0003,Zone_2,-0.12877052230957337,0.14954655128047606,0.6011855745551807,2024-06-29,1.0,Kavya Reddy,34.0,Male,Pune,2023-08-28 00:03:47.581311,0.9497986888547996,-0.026056301031792503,3.76,6371.0,0.91,58.4,Residential,Low,0,Saturday,June,1,True,False,False,False,True,False,False,False,False,False,False,False,0.0,Low,5.174679726089859,2.1447610078004784,8.095677859203638,-0.7800317884589186,-1.043168804390227,0,1.6853350598714258,-0.383749678488634,1
T01477,R0043,Zone_1,0.28671674483820053,0.9014331098144597,-0.36766139824156513,2023-02-09,0.0,Diya Kumar,28.0,Female,Ahmedabad,2025-09-05 00:03:47.581311,0.5590549577479722,1.3809839546849962,4.68,4921.0,2.43,30.9,Residential,Low,0,Thursday,February,0,False,True,False,False,False,False,False,False,False,False,False,False,0.0,Low,4.634728988229636,2.334083760053417,9.54829827770373,-0.3709300278555048,-1.1160194323336776,0,-0.9518998291646165,0.4906485309116225,0
T01478,R0199,Zone_1,-0.4065400997847706,-0.8082800634731164,0.22738985478209375,2024-06-21,0.0,Aarav Das,29.0,Female,Ahmedabad,2024-07-18 00:03:47.581311,0.9497986888547996,0.6774638268266019,3.91,4921.0,2.43,30.9,Residential,Low,0,Friday,June,0,True,False,False,False,False,False,False,False,False,False,False,False,0.0,Low,4.999169815986978,1.9947003132247452,5.734980383575867,0.24946676819400834,0.9689188944381358,0,0.5255226932452909,-0.02604132009762001,1
T01479,R0058,Zone_6,0.19801721589654078,0.3173495600520089,-0.12853724710377323,2023-10-22,1.0,Vivaan Reddy,46.0,Female,Kolkata,2024-03-29 00:03:47.581311,0.16831122664114473,1.3809839546849962,4.32,14627.0,0.54,37.6,Mixed,Low,0,Sunday,October,0,False,False,True,False,False,False,False,False,True,False,False,False,0.0,Low,4.797442073635214,2.2965670206684825,8.441563836162112,0.8387618778980307,0.014896122993908854,0,0.9216432246160631,0.6893753966844082,0
T01480,R0273,Zone_7,1.7082434060347975,1.7730113249547115,0.4360322459946286,2024-03-17,1.0,Aadhya Nair,43.0,Male,Delhi,2024-04-11 00:03:47.581311,-1.0039199666793377,-1.4330965567485814,3.76,11070.0,0.64,45.2,Industrial,Low,0,Sunday,March,1,False,False,False,False,False,False,False,False,False,True,False,False,0.0,Low,5.100902476306427,2.7978909051019993,10.994544101507802,1.7362583299772565,0.6311909493267607,0,0.8752507299510177,-1.0991663952706623,0
T01481,R0106,Zone_3,-1.2258436434300999,-1.1632479666436668,-1.3564791792652036,2024-06-30,1.0,Aarav Patel,32.0,Male,Bengaluru,2025-05-26 00:03:47.581311,-1.394663697786165,0.6774638268266019,4.03,12971.0,2.11,38.0,Business,Low,0,Sunday,June,1,True,False,False,False,False,True,False,False,False,False,False,False,0.0,Low,3.3228754148866853,1.3454723665996355,4.559605246071199,1.0759531595538996,-0.6719556475339347,0,-0.5878971787157987,1.5836462926619435,0
T01482,R0120,Zone_7,-0.6773070828698365,-0.5947125977638927,-0.48564683105570644,2023-12-25,1.0,Ishaan Gupta,18.0,Male,Surat,2023-12-15 00:03:47.581311,0.16831122664114473,-0.7295764288901869,4.55,11070.0,0.64,45.2,Industrial,Low,0,Monday,December,1,False,True,False,False,False,False,False,False,False,True,False,False,0.0,Low,4.5435075255959845,1.8229350866965048,6.33798075099633,0.25535971929104845,-0.10707863647178281,0,1.296351835372199,-0.6520309472818946,0
T01483,R0154,Zone_1,1.8459610957073742,2.2500177799591032,2.026996172438322,2024-07-02,1.0,Kavya Patel,18.0,Male,Kolkata,2026-04-11 00:03:47.581311,2.122029882175282,-0.026056301031792503,4.68,4921.0,2.43,30.9,Residential,Low,0,Tuesday,July,1,False,False,True,False,False,False,False,False,False,False,False,False,0.0,Low,5.6534010450952765,2.833213344056216,11.71067888723792,1.5153179942313024,0.8079005153852908,0,-1.72986627816307,-0.5488458438998713,0
T01484,R0014,Zone_1,-0.9457398678248591,-0.9256248248518107,-0.5330775005945761,2023-04-18,0.0,Aarav Das,26.0,Male,Ahmedabad,2024-05-20 00:03:47.581311,-0.6131762355725101,0.6774638268266019,3.0,4921.0,2.43,30.9,Residential,Low,0,Tuesday,April,1,False,False,True,False,False,False,False,False,False,False,False,False,0.0,Low,4.504354880749275,1.6174060820832772,5.374941860150675,-0.624654311200292,0.5569923919426626,0,0.7360732459558815,0.6893753966844082,0
T01485,R0192,Zone_9,1.2880877426269361,1.425084107466883,0.6676673440473361,2024-03-17,0.0,Aadhya Nair,31.0,Male,Delhi,2025-09-20 00:03:47.581311,-1.7854074288929924,0.6774638268266019,3.89,11037.0,1.83,56.1,Mixed,Low,0,Sunday,March,1,False,True,False,False,False,False,False,False,False,False,False,True,0.0,Low,5.202907181743378,2.681706225762608,10.441264291262817,-1.3347549183936385,-1.76019748300178,0,-1.0054296307012072,2.4779171886394784,0
T01486,R0132,Zone_6,0.739551182066673,0.48221894978907415,1.2545726095047625,2023-08-21,0.0,Aadhya Iyer,23.0,Female,Surat,2024-01-03 00:03:47.581311,1.3405424199616272,-1.4330965567485814,3.32,14627.0,0.54,37.6,Mixed,Low,0,Monday,August,0,False,False,True,False,False,False,False,False,True,False,False,False,0.0,Low,5.422612485819643,2.506341930508065,8.76812408671319,-1.0504646715303652,-0.9341307618375628,0,1.2285474200925173,-1.0991663952706623,0
T01487,R0174,Zone_5,-0.2734908063722811,0.24518253180411168,-0.8845374480086384,2024-04-23,0.0,Aadhya Patel,32.0,Female,Kolkata,2026-03-05 00:03:47.581311,-0.22243250446568272,-0.026056301031792503,3.8,2590.0,1.31,43.9,Business,Low,0,Tuesday,April,0,True,False,False,False,False,False,False,True,False,False,False,False,0.0,Low,4.1535564218539465,2.0693912058263346,8.294576541331088,0.4628757829225361,0.05623319425495424,0,-1.5978261010394792,-0.07714251415347918,0
T01488,R0273,Zone_8,0.42210023638073363,0.39597055017573385,-0.1743912738878884,2023-09-15,1.0,Aadhya Nair,43.0,Female,Delhi,2026-02-14 00:03:47.581311,-1.0039199666793377,-0.7295764288901869,3.76,4516.0,1.93,31.0,Business,Low,0,Friday,September,0,False,True,False,False,False,False,False,False,False,False,True,False,0.0,Low,4.768223972424389,2.388762789235098,8.598837130682265,1.7362583299772565,0.6311909493267607,0,-1.5300216857597975,-0.383749678488634,0
T01489,R0150,Zone_8,-1.3518903424524582,-1.2219203473330138,-1.4091653246532554,2024-06-14,0.0,Ishaan Gupta,33.0,Female,Pune,2023-09-06 00:03:47.581311,-0.22243250446568272,0.6774638268266019,4.95,4516.0,1.93,31.0,Business,Low,0,Friday,June,0,True,False,False,False,False,False,False,False,False,False,True,False,0.0,Low,3.166740070447672,1.1939224684724346,4.334743360338648,-0.09948012176644538,-0.7368624639820931,0,1.6532171789494714,0.43386942640511234,0
T01490,R0291,Zone_1,0.07897311126431347,-0.5354534932676522,0.6666162488774995,2023-06-26,1.0,Arjun Ghosh,23.0,Male,Pune,2024-09-17 00:03:47.581311,-0.6131762355725101,0.6774638268266019,3.46,4921.0,2.43,30.9,Residential,Low,0,Monday,June,1,True,False,False,False,False,False,False,False,False,False,False,False,0.0,Low,5.202467040891203,2.2438960966453663,6.495382975621991,-0.20625478331043567,0.15371540942736683,0,0.3078348336631548,0.6893753966844082,0
T01491,R0169,Zone_2,0.6718594362954067,-0.14909586642830114,0.8960177696943042,2023-11-18,1.0,Reyansh Kumar,32.0,Male,Delhi,2024-07-09 00:03:47.581311,-0.6131762355725101,-1.4330965567485814,4.19,6371.0,0.91,58.4,Residential,Low,0,Saturday,November,1,False,False,True,False,True,False,False,False,False,False,False,False,0.0,Low,5.294208938503494,2.482403519569882,7.4404300950953095,0.10410730780034874,1.396050922503857,0,0.5576405741672453,-1.0991663952706623,0
T01492,R0161,Zone_3,-0.924732084654466,-0.6836012545082537,-0.46725266558356854,2024-07-29,0.0,Aarav Nair,32.0,Female,Surat,2024-11-23 00:03:47.581311,-0.6131762355725101,1.3809839546849962,4.91,12971.0,2.11,38.0,Business,Low,0,Monday,July,0,True,False,False,False,False,True,False,False,False,False,False,False,0.0,Low,4.5582882000879605,1.6351056591826783,6.094259594077036,-1.5056505002078056,-1.169826424991684,0,0.06873505346638233,1.285555994002765,0
T01493,R0043,Zone_10,-0.4648950530358624,-0.41253485572346976,-0.4769752959045556,2023-11-07,0.0,Diya Kumar,28.0,Male,Ahmedabad,2024-09-19 00:03:47.581311,0.5590549577479722,-0.7295764288901869,4.68,2440.0,1.54,35.4,Industrial,Low,0,Tuesday,November,1,False,True,False,True,False,False,False,False,False,False,False,False,0.0,Low,4.550502784645783,1.9600947840472698,6.810286337592569,-0.3709300278555048,-1.1160194323336776,0,0.3006975267916093,-0.701712663725091,0
T01494,R0123,Zone_6,0.34273749995924874,0.9410369667797689,0.9204557323930015,2023-09-09,0.0,Meera Ghosh,32.0,Female,Bengaluru,2023-11-12 00:03:47.581311,-1.394663697786165,-0.026056301031792503,3.31,14627.0,0.54,37.6,Mixed,Low,0,Saturday,September,0,False,True,False,False,False,False,False,False,True,False,False,False,0.0,Low,5.303503893235336,2.3570732782781154,9.618731725128837,0.7857253180246687,1.613500956655205,0,1.414117398752699,0.6893753966844082,0
T01495,R0200,Zone_9,1.5238417537613471,2.1479278375596396,0.19874751140405084,2023-12-20,1.0,Kavya Kumar,30.0,Female,Bengaluru,2023-12-23 00:03:47.581311,-1.394663697786165,0.6774638268266019,3.6,11037.0,1.83,56.1,Mixed,Low,0,Wednesday,December,0,False,False,False,False,False,False,False,False,False,False,False,True,0.0,Low,4.984359762683993,2.7485521444115397,11.561141812122191,1.1201502927817009,-0.25190300365581025,0,1.2678026078860172,1.5836462926619435,0
T01496,R0144,Zone_4,-0.026065804587651658,-0.08836995241482684,0.2502511747260366,2024-06-10,1.0,Ishaan Kumar,34.0,Female,Pune,2025-12-13 00:03:47.581311,0.5590549577479722,0.6774638268266019,3.52,4038.0,2.46,48.2,Business,Low,0,Monday,June,0,False,False,False,False,False,False,True,False,False,False,False,False,0.0,Low,5.010835274098922,2.194999882314108,7.578258375114958,0.7624808998085651,1.2620660015370258,0,-1.305196519306116,0.09319479936605132,0
T01497,R0135,Zone_4,-0.5232500062869543,-0.6853614259289342,-0.9975301787660564,2024-06-27,0.0,Reyansh Patel,38.0,Male,Ahmedabad,2024-12-21 00:03:47.581311,0.16831122664114473,-0.7295764288901869,3.47,4038.0,2.46,48.2,Business,Low,0,Thursday,June,1,False,True,False,False,False,False,True,False,False,False,False,False,0.0,Low,4.008423499714461,1.9242486522741338,6.089334939055331,0.13750069735024334,-0.1852135518341216,0,-0.03118724273525391,-0.6520309472818946,0
T01498,R0137,Zone_5,-0.19179387182075266,-0.24179822791746955,-0.5882599970109897,2023-05-18,1.0,Arjun Gupta,27.0,Female,Bengaluru,2024-08-03 00:03:47.581311,-0.22243250446568272,1.3809839546849962,3.14,2590.0,1.31,43.9,Business,Low,0,Thursday,May,0,False,False,True,False,False,False,False,True,False,False,False,False,0.0,Low,4.456786180221833,2.1126345090356,7.224956747275377,2.16257124934028,2.4858117364577574,0,0.4684242382729273,0.9448813669637038,0
T01499,R0144,Zone_3,1.3324375070977663,2.1053903615598633,2.026996172438322,2023-02-20,0.0,Ishaan Kumar,34.0,Female,Pune,2026-01-08 00:03:47.581311,0.5590549577479722,0.6774638268266019,3.52,12971.0,2.11,38.0,Business,Low,0,Monday,February,0,False,True,False,False,False,True,False,False,False,False,False,False,0.0,Low,5.6534010450952765,2.6946271807700692,11.498260738042081,0.7624808998085651,1.2620660015370258,0,-1.3979815086362068,0.09319479936605132,0
T01500,R0099,Zone_4,-0.7706750080715835,-0.6375434356671161,-0.9243476775661938,2024-05-20,0.0,Diya Gupta,35.0,Female,Mumbai,2023-12-07 00:03:47.581311,0.5590549577479722,-0.7295764288901869,3.7,4038.0,2.46,48.2,Business,Low,0,Monday,May,0,False,False,False,False,False,False,True,False,False,False,False,False,0.0,Low,4.1047898200836395,1.7561322915849038,6.221736092120913,-0.22622533980596085,0.4143395868343376,0,1.3249010628583808,-0.701712663725091,0
T01501,R0063,Zone_5,-0.3715271278341154,-0.6736269497910647,0.39280595713510474,2024-06-17,1.0,Diya Iyer,34.0,Male,Surat,2025-02-24 00:03:47.581311,-0.6131762355725101,-1.4330965567485814,4.83,2590.0,1.31,43.9,Business,Low,0,Monday,June,1,True,False,False,False,False,False,False,True,False,False,False,False,0.0,Low,5.0806587454643966,2.0149030205422647,6.1220911460055865,1.8660996858153758,2.5599347384352944,0,-0.2631497160604809,-1.0991663952706623,1
T01502,R0038,Zone_9,-0.7590040174213653,-0.3887725415442843,-0.8218658985071401,2023-02-08,0.0,Aarav Singh,37.0,Male,Kolkata,2025-08-22 00:03:47.581311,-1.0039199666793377,1.3809839546849962,4.07,11037.0,1.83,56.1,Mixed,Low,0,Wednesday,February,1,False,False,False,False,False,False,False,False,False,False,False,True,0.0,Low,4.225811324964407,1.7647307968401356,6.869497798238238,-1.2644323686356256,-1.2963408051348704,0,-0.9019386810637983,1.7625004718574506,0
T01503,R0072,Zone_8,-0.259485617592019,-0.04700592402883698,-0.6865373953906975,2023-09-12,0.0,Saanvi Das,25.0,Female,Jaipur,2023-10-29 00:03:47.581311,-1.0039199666793377,-0.026056301031792503,4.07,4516.0,1.93,31.0,Business,Low,0,Tuesday,September,0,False,False,False,False,False,False,False,False,False,False,True,False,0.0,Low,4.3660242771963755,2.0769384114617173,7.6707235643060425,0.9642817362649869,0.5435938998459792,0,1.464078546853517,0.3316670382933942,0
T01504,R0100,Zone_4,0.2283617915871087,0.684638663167322,-0.5467417378024498,2023-04-10,1.0,Ishaan Gupta,28.0,Male,Delhi,2026-02-11 00:03:47.581311,1.7312861510684545,0.6774638268266019,3.79,4038.0,2.46,48.2,Business,Low,0,Monday,April,1,False,False,False,False,False,False,True,False,False,False,False,False,0.0,Low,4.492785055393301,2.309560706730471,9.153141537199128,0.21361798235368046,0.23335159497734753,0,-1.5193157254524794,-0.204895499293127,0
T01505,R0083,Zone_6,1.1853830249050148,1.3825466314671062,1.0704995678871547,2023-07-03,1.0,Kavya Patel,45.0,Male,Mumbai,2025-08-01 00:03:47.581311,0.9497986888547996,-0.7295764288901869,4.4,14627.0,0.54,37.6,Mixed,Low,0,Monday,July,1,False,False,False,False,False,False,False,False,True,False,False,False,0.0,Low,5.3587537353518675,2.6511270537025893,10.371595827065379,0.6896702151429129,0.3817872744843101,0,-0.8269969589125711,-0.7414580368796482,0
T01506,R0141,Zone_3,-1.2771960022910607,-1.307288661236014,-0.9285520582455395,2023-10-07,1.0,Arjun Das,25.0,Male,Jaipur,2024-09-30 00:03:47.581311,-1.394663697786165,-1.4330965567485814,4.29,12971.0,2.11,38.0,Business,Low,0,Saturday,October,1,False,False,False,False,False,True,False,False,False,False,False,False,0.0,Low,4.099497927462895,1.2864740258376797,3.984971769034255,-0.30152415937925287,0.18814821189622805,0,0.26144233899810937,-1.0991663952706623,0
T01507,R0056,Zone_9,0.6275096718245766,0.35284635036906375,-0.3327124838445033,2023-10-27,0.0,Meera Patel,40.0,Male,Hyderabad,2023-10-22 00:03:47.581311,0.5590549577479722,-0.026056301031792503,3.25,11037.0,1.83,56.1,Mixed,Low,0,Friday,October,1,False,False,False,False,False,False,False,False,False,False,False,True,0.0,Low,4.6602263917361695,2.4664031782234406,8.512931340026183,-0.432478628202369,-0.8547708734419384,0,1.4890591209039261,-0.3042589321795199,0
T01508,R0184,Zone_3,-1.0624497743270427,-1.00747279591345,-0.8444644446586239,2024-03-18,1.0,Meera Nair,29.0,Male,Surat,2025-05-01 00:03:47.581311,0.16831122664114473,-0.7295764288901869,3.97,12971.0,2.11,38.0,Business,Low,0,Monday,March,1,False,False,True,False,False,True,False,False,False,False,False,False,0.0,Low,4.200354866721424,1.5129270120532565,5.10881590977792,0.32607513245553066,0.7142263411364674,0,-0.4986808428214806,-0.6520309472818946,0
T01509,R0105,Zone_4,0.6718594362954067,1.3259277841018864,0.0806306916936799,2023-05-25,0.0,Diya Das,31.0,Male,Jaipur,2024-06-12 00:03:47.581311,1.7312861510684545,-0.7295764288901869,3.69,4038.0,2.46,48.2,Business,Low,0,Thursday,May,1,True,False,False,False,False,False,True,False,False,False,False,False,0.0,Low,4.92085645484947,2.482403519569882,10.278132126023678,-0.0933065539504982,-0.6788422080277071,0,0.6539942169331089,-0.8010760966114839,0
T01510,R0265,Zone_2,1.4258054322995128,0.6485551490433734,0.8320323512305104,2024-04-26,0.0,Kavya Das,39.0,Male,Bengaluru,2025-12-11 00:03:47.581311,-1.394663697786165,-0.026056301031792503,3.26,6371.0,0.91,58.4,Residential,Low,0,Friday,April,1,True,False,False,False,True,False,False,False,False,False,False,False,0.0,Low,5.269454821862936,2.7212954278522306,9.085703054799886,1.8435100399433877,0.7253825691363784,0,-1.2980592124345705,0.6893753966844082,0
T01511,R0057,Zone_9,1.141033260434185,0.6946129678845111,1.6245581092871921,2023-06-26,0.0,Aadhya Reddy,39.0,Male,Bengaluru,2024-12-18 00:03:47.581311,1.7312861510684545,-1.4330965567485814,3.66,11037.0,1.83,56.1,Mixed,Low,0,Monday,June,1,False,True,False,False,False,False,False,False,False,False,False,True,0.0,Low,5.53981151107484,2.637627736805664,9.171695590238482,-0.7498795220123965,-0.9787656906524701,0,-0.020481282427935742,-1.0991663952706623,0
T01512,R0056,Zone_3,0.16300424394588559,-0.037324981215094755,-0.544376773670318,2024-02-08,1.0,Meera Patel,40.0,Male,Hyderabad,2025-06-01 00:03:47.581311,0.5590549577479722,-1.4330965567485814,3.25,12971.0,2.11,38.0,Business,Low,0,Thursday,February,1,False,False,True,False,False,True,False,False,False,False,False,False,0.0,Low,4.494797128506721,2.281361456542419,7.692203845452875,-0.432478628202369,-0.8547708734419384,0,-0.609309099330435,-1.0991663952706623,0
T01513,R0273,Zone_6,0.9519632119006474,0.19149730347335908,-0.0330189735448861,2023-04-23,1.0,Aadhya Nair,43.0,Male,Delhi,2024-11-26 00:03:47.581311,-1.0039199666793377,1.3809839546849962,3.76,14627.0,0.54,37.6,Mixed,Low,0,Sunday,April,1,True,False,False,False,False,False,False,False,True,False,False,False,0.0,Low,4.8556954140435185,2.5779415157551897,8.183520025025906,1.7362583299772565,0.6311909493267607,0,0.05802909315906416,1.7625004718574506,0
T01514,R0259,Zone_9,-1.123138925708178,-1.1251109191955913,-0.9535155685291553,2023-09-23,1.0,Aadhya Das,32.0,Female,Jaipur,2024-04-25 00:03:47.581311,0.16831122664114473,0.6774638268266019,3.52,11037.0,1.83,56.1,Mixed,Low,0,Saturday,September,0,True,False,False,False,False,False,False,False,False,False,False,True,0.0,Low,4.067487108052218,1.4539530095937054,4.7,1.105417915039101,0.6900958331662902,0,0.8252895818501996,0.2422399486956406,0
T01515,R0172,Zone_4,-0.10076014474904928,-0.5806312263984496,-0.012391230836845901,2023-09-15,0.0,Reyansh Reddy,31.0,Female,Pune,2026-02-25 00:03:47.581311,1.3405424199616272,-0.026056301031792503,3.72,4038.0,2.46,48.2,Business,Low,0,Friday,September,0,False,False,True,False,False,False,True,False,False,False,False,False,0.0,Low,4.867842095435704,2.1587147225743437,6.375735251718032,-0.22277290380971576,-0.04607998782176537,0,-1.5692768735532976,-0.4487875618324548,0
T01516,R0132,Zone_10,1.7525931705056272,1.1780733847647313,1.3544266506392248,2023-04-17,0.0,Aadhya Iyer,23.0,Male,Surat,2025-03-01 00:03:47.581311,1.3405424199616272,-0.026056301031792503,3.32,2440.0,1.54,35.4,Industrial,Low,0,Monday,April,1,False,True,False,True,False,False,False,False,False,False,False,False,0.0,Low,5.455620215921813,2.8094026953624978,10.029955134495866,-1.0504646715303652,-0.9341307618375628,0,-0.2809929832393445,-0.4487875618324548,0
T01517,R0255,Zone_6,-0.9434056696948154,-1.17732933800911,-0.8832235790463429,2023-06-01,0.0,Reyansh Sharma,37.0,Female,Bengaluru,2023-09-25 00:03:47.581311,0.16831122664114473,-0.026056301031792503,3.12,14627.0,0.54,37.6,Mixed,Low,0,Thursday,June,0,False,False,False,False,False,False,False,False,True,False,False,False,0.0,Low,4.15512603448196,1.6193882432872684,4.5066617356975,0.5367481341747186,0.7370759488548032,0,1.5854127636697897,-0.204895499293127,0
T01518,R0229,Zone_6,0.2096882065467593,0.28742664590044154,0.8795944076656098,2023-01-17,0.0,Reyansh Ghosh,22.0,Female,Mumbai,2025-11-29 00:03:47.581311,-1.0039199666793377,-1.4330965567485814,4.43,14627.0,0.54,37.6,Mixed,Low,0,Tuesday,January,0,False,True,False,False,False,False,False,False,True,False,False,False,0.0,Low,5.287913432832644,2.301584592660462,8.380930735902785,-0.20959412226542554,0.2550855798956923,0,-1.255235371205298,-1.0991663952706623,0
T01519,R0235,Zone_1,-0.4532240623856439,-0.5366269408814391,-0.3336321921181101,2023-06-25,0.0,Aarav Ghosh,34.0,Male,Delhi,2025-09-25 00:03:47.581311,0.16831122664114473,0.6774638268266019,4.06,4921.0,2.43,30.9,Residential,Low,0,Sunday,June,1,True,False,False,False,False,False,False,False,False,False,False,False,0.0,Low,4.659563669818423,1.9671123567059163,6.492303135251773,-0.6690969840571369,-0.8597934715620631,0,-1.023272897880071,0.2422399486956406,0
T01520,R0280,Zone_1,-0.2501488250718445,-0.26497381828976185,-0.5445081605665474,2024-08-21,1.0,Saanvi Gupta,26.0,Male,Chennai,2025-08-07 00:03:47.581311,-0.6131762355725101,1.3809839546849962,4.43,4921.0,2.43,30.9,Residential,Low,0,Wednesday,August,1,False,False,False,False,False,False,False,False,False,False,False,False,0.0,Low,4.49468545281282,2.081938421878423,7.170076708097341,0.21803769567645975,-0.24570509921141584,0,-0.8484088795272074,1.285555994002765,0
T01521,R0249,Zone_5,0.45244481207130116,-0.042018771670242636,-0.46409938007405926,2024-07-04,0.0,Diya Nair,20.0,Male,Mumbai,2025-06-04 00:03:47.581311,0.16831122664114473,-0.7295764288901869,4.49,2590.0,1.31,43.9,Business,Low,0,Thursday,July,1,False,True,False,False,False,False,False,True,False,False,False,False,0.0,Low,4.560800238252151,2.400618833265411,7.681796664843453,-0.001720272317331987,0.16802568213342545,0,-0.6200150596377532,-0.6520309472818946,0
T01522,R0223,Zone_2,-0.33651415588346023,0.06623177070160301,-0.3631942437697602,2024-07-18,1.0,Meera Ghosh,30.0,Female,Surat,2023-11-27 00:03:47.581311,0.16831122664114473,-0.7295764288901869,4.04,6371.0,0.91,58.4,Residential,Low,0,Thursday,July,0,True,False,False,False,True,False,False,False,False,False,False,False,0.0,Low,4.638024522859038,2.0347056478384444,7.918333157931662,-0.6138505675223849,-0.2175666130338627,0,1.3605875972161081,-0.6520309472818946,0
T01523,R0036,Zone_5,-0.026065804587651658,0.40389132156879565,0.6059155028194445,2023-09-09,1.0,Aadhya Das,30.0,Female,Surat,2025-04-11 00:03:47.581311,-0.6131762355725101,-0.026056301031792503,4.9,2590.0,1.31,43.9,Business,Low,0,Saturday,September,0,False,True,False,False,False,False,False,True,False,False,False,False,0.0,Low,5.176714544788788,2.194999882314108,8.614522621712709,-0.03928783556096274,0.4808545791235178,0,-0.42730777410602616,0.09319479936605132,0
T01524,R0159,Zone_5,-0.60961533709857,-0.25939994212427375,-0.1964642724544537,2023-06-05,1.0,Ishaan Singh,43.0,Male,Bengaluru,2025-02-09 00:03:47.581311,-1.394663697786165,0.6774638268266019,4.9,2590.0,1.31,43.9,Business,Low,0,Monday,June,1,False,False,False,False,False,False,False,True,False,False,False,False,0.0,Low,4.753848778359454,1.8687205103641833,7.183313998427188,-1.2370301460343884,-0.6941028260819054,0,-0.20961991452389006,1.5836462926619435,0
T01525,R0232,Zone_9,-1.624991523667568,-1.563686964848461,-1.441486501125726,2023-11-03,1.0,Meera Das,38.0,Male,Jaipur,2024-01-05 00:03:47.581311,2.122029882175282,-1.4330965567485814,3.94,11037.0,1.83,56.1,Mixed,Low,0,Friday,November,1,False,False,True,False,False,False,False,False,False,False,False,True,0.0,Low,3.0572976292121457,0.7561219797213337,2.6720778431774774,-0.5435884582884439,-0.5039447609027993,0,1.2214101132209718,-1.0991663952706623,0
T01526,R0175,Zone_7,0.20501981028667204,0.8169448816218,-0.4608147076683204,2023-07-04,1.0,Diya Patel,35.0,Male,Chennai,2024-01-28 00:03:47.581311,-0.22243250446568272,0.6774638268266019,3.48,11070.0,0.64,45.2,Industrial,Low,0,Tuesday,July,1,False,False,False,False,False,False,False,False,False,True,False,False,0.0,Low,4.563410251739859,2.299580583973747,9.396275858019495,-0.20976249229676938,-0.10616370772046754,0,1.1393310841981992,0.43386942640511234,0
T01527,R0023,Zone_4,0.4921261802820436,0.7415508724359886,1.2569375736368946,2023-11-21,0.0,Meera Iyer,24.0,Female,Jaipur,2024-12-20 00:03:47.581311,-0.22243250446568272,0.6774638268266019,3.21,4038.0,2.46,48.2,Business,Low,0,Tuesday,November,0,True,False,False,False,False,False,True,False,False,False,False,False,0.0,Low,5.4234069773868585,2.4159137783010487,9.258509599282165,-0.74854659259759,0.11280530491693588,0,-0.027618589299481185,0.43386942640511234,1
T01528,R0154,Zone_8,1.591533499532614,0.5147821210716618,0.11623654057188966,2024-07-12,1.0,Kavya Patel,18.0,Female,Kolkata,2025-06-04 00:03:47.581311,2.122029882175282,-1.4330965567485814,4.68,4516.0,1.93,31.0,Business,Low,0,Friday,July,0,False,False,True,False,False,False,False,False,False,False,True,False,0.0,Low,4.940427399052759,2.7669478423496954,8.831194709664146,1.5153179942313024,0.8079005153852908,0,-0.6200150596377532,-1.0991663952706623,0
T01529,R0189,Zone_7,-0.17545448491044688,-0.47296740783349744,0.2803387739626048,2023-07-27,1.0,Reyansh Gupta,29.0,Female,Delhi,2024-11-30 00:03:47.581311,0.16831122664114473,-0.026056301031792503,3.28,11070.0,0.64,45.2,Industrial,Low,0,Thursday,July,0,True,False,False,False,False,False,False,False,False,True,False,False,0.0,Low,5.025983571043055,2.1210632163706555,6.6573267908372955,0.537484753061849,1.283400565946733,0,0.04375447941597327,-0.204895499293127,0
T01530,R0012,Zone_7,-1.6483335049680048,-1.542564907800296,-1.486158045843775,2023-12-10,1.0,Aarav Das,31.0,Female,Hyderabad,2024-04-23 00:03:47.581311,-1.0039199666793377,0.6774638268266019,3.31,11070.0,0.64,45.2,Industrial,Low,0,Sunday,December,0,False,True,False,False,False,False,False,False,False,True,False,False,0.0,Low,2.8831233291713367,0.708035793053696,2.8035691537752374,-1.3375049622389241,-1.94707118856078,0,0.8324268887217451,1.0470837550754222,0
T01531,R0085,Zone_7,-0.9013901033540291,-0.9206376724932163,-0.5968001452659107,2023-07-14,1.0,Aadhya Ghosh,29.0,Male,Chennai,2025-04-24 00:03:47.581311,-1.0039199666793377,-0.7295764288901869,4.95,11070.0,0.64,45.2,Industrial,Low,0,Friday,July,1,False,False,False,False,False,False,False,False,False,True,False,False,0.0,Low,4.449217884214205,1.6544112780768316,5.390732788777422,0.41623728424024636,-0.9255904251437593,0,-0.4737002687710716,-0.383749678488634,0
T01532,R0289,Zone_7,0.6088360867842272,0.29769431252107753,1.0397550341694386,2023-12-07,0.0,Aarav Gupta,21.0,Male,Chennai,2024-12-15 00:03:47.581311,0.16831122664114473,-1.4330965567485814,4.17,11070.0,0.64,45.2,Industrial,Low,0,Thursday,December,1,False,False,False,False,False,False,False,False,False,True,False,False,0.0,Low,5.347678796085761,2.4595888418037104,8.401785524517988,0.1028796096551321,0.7679001936249273,0,-0.009775322120617573,-1.0991663952706623,0
T01533,R0257,Zone_1,-0.11943372978939867,-0.009748962291101655,-0.39170520025157385,2023-04-19,0.0,Arjun Reddy,36.0,Male,Delhi,2025-09-15 00:03:47.581311,-0.22243250446568272,1.3809839546849962,4.82,4921.0,2.43,30.9,Residential,Low,0,Wednesday,April,1,False,False,False,False,False,False,False,False,False,False,False,False,0.0,Low,4.616802270217799,2.149433913499871,7.753063910480811,-0.044759861579643505,-0.5139740146293771,0,-0.9875863635223436,0.9448813669637038,0
T01534,R0047,Zone_2,0.30539032987854997,0.1155165704806544,1.1907185779371985,2024-08-06,0.0,Reyansh Iyer,51.0,Male,Bengaluru,2024-05-10 00:03:47.581311,-0.22243250446568272,-0.026056301031792503,4.86,6371.0,0.91,58.4,Residential,Low,0,Tuesday,August,1,False,False,True,False,True,False,False,False,False,False,False,False,0.0,Low,5.400919080208756,2.341805806147327,8.023714850367003,0.4704524343330167,0.9841480310729339,0,0.7717597803136087,-0.07714251415347918,1
T01535,R0275,Zone_10,-0.4345504773452945,-0.7079502924943327,-0.8569461998004315,2024-01-04,0.0,Ishaan Das,21.0,Female,Jaipur,2026-03-01 00:03:47.581311,-1.394663697786165,-1.4330965567485814,3.07,2440.0,1.54,35.4,Industrial,Low,0,Thursday,January,0,False,False,True,True,False,False,False,False,False,False,False,False,0.0,Low,4.186011750747925,1.9782390361706734,6.025777958073132,0.21852877493454703,-1.6020545078227966,0,-1.5835514872963883,-1.0991663952706623,0
T01536,R0086,Zone_6,2.1610778432632705,2.2198015039040904,1.6475508161273644,2023-09-23,1.0,Vivaan Patel,23.0,Female,Hyderabad,2024-10-20 00:03:47.581311,-0.6131762355725101,1.3809839546849962,4.56,14627.0,0.54,37.6,Mixed,Low,0,Saturday,September,0,False,False,True,False,False,False,False,False,True,False,False,False,0.0,Low,5.546660718883989,2.9096295745005794,11.666619047521866,1.5842201916736194,1.5382997160632135,0,0.1900692702826549,1.285555994002765,0
T01537,R0255,Zone_1,1.9953497760301695,1.5421355069421308,2.026996172438322,2023-01-14,1.0,Reyansh Sharma,37.0,Male,Bengaluru,2024-09-20 00:03:47.581311,0.16831122664114473,1.3809839546849962,3.12,4921.0,2.43,30.9,Residential,Low,0,Saturday,January,1,False,False,False,False,False,False,False,False,False,False,False,False,0.0,Low,5.6534010450952765,2.8701690505786455,10.630616162763097,0.5367481341747186,0.7370759488548032,0,0.2971288733558366,0.6893753966844082,0
T01538,R0271,Zone_4,-1.1091337369279162,-1.020674081568553,-1.1570338707887373,2024-01-08,0.0,Saanvi Iyer,22.0,Male,Bengaluru,2024-09-08 00:03:47.581311,0.16831122664114473,0.6774638268266019,4.37,4038.0,2.46,48.2,Business,Low,0,Monday,January,1,False,False,True,False,False,False,True,False,False,False,False,False,0.0,Low,3.759337917762498,1.4678743481123135,5.06458290484024,0.021114913183699048,-0.45899565082452587,0,0.3399527145851093,0.2422399486956406,0
T01539,R0197,Zone_8,1.040662740842307,0.07679279922568548,-0.3533402265525435,2023-07-12,1.0,Saanvi Das,29.0,Female,Bengaluru,2026-01-12 00:03:47.581311,0.9497986888547996,0.6774638268266019,3.87,4516.0,1.93,31.0,Business,Low,0,Wednesday,July,0,False,True,False,False,False,False,False,False,False,False,True,False,0.0,Low,4.645255909527377,2.60638654732571,7.941032678436729,-0.5796714511595517,-1.035400764153252,0,-1.4122561223792978,-0.02604132009762001,0
T01540,R0270,Zone_9,0.33340070743907385,0.2088056557767166,-0.24218691234233924,2023-09-05,0.0,Aadhya Reddy,35.0,Male,Hyderabad,2025-07-23 00:03:47.581311,0.16831122664114473,0.6774638268266019,3.08,11037.0,1.83,56.1,Mixed,Low,0,Tuesday,September,1,True,False,False,False,False,False,False,False,False,False,False,True,0.0,Low,4.723397567352741,2.3532782073095637,8.219489035213806,-0.4193831813200574,0.17513261256299836,0,-0.7948790779906166,0.2422399486956406,0
T01541,R0227,Zone_1,-0.0050580214172586315,0.41679924532045237,0.6387622268768335,2023-06-06,1.0,Arjun Nair,25.0,Female,Pune,2023-11-01 00:03:47.581311,-1.0039199666793377,-1.4330965567485814,4.12,4921.0,2.43,30.9,Residential,Low,0,Tuesday,June,0,True,False,False,False,False,False,False,False,False,False,False,False,0.0,Low,5.190732155868099,2.2049722641270453,8.64002314811714,-1.43061358957216,-0.9368292918695955,0,1.4533725865461988,-1.0991663952706623,0
T01542,R0107,Zone_9,-1.025102604246344,-0.8543378823142539,-0.6062600017944387,2024-03-13,0.0,Reyansh Gupta,33.0,Male,Hyderabad,2025-09-06 00:03:47.581311,-1.0039199666793377,-1.4330965567485814,3.66,11037.0,1.83,56.1,Mixed,Low,0,Wednesday,March,1,False,True,False,False,False,False,False,False,False,False,False,True,0.0,Low,4.440767129696482,1.547562508716013,5.596427431853289,-0.9297127463237406,-0.2653400604912592,0,-0.9554684826003892,-1.0991663952706623,0
T01544,R0028,Zone_6,1.3394401014878972,0.5095016068096208,2.026996172438322,2023-02-21,1.0,Reyansh Sharma,20.0,Male,Surat,2023-10-25 00:03:47.581311,-0.22243250446568272,-0.026056301031792503,3.79,14627.0,0.54,37.6,Mixed,Low,0,Tuesday,February,1,False,False,False,False,False,False,False,False,True,False,False,False,0.0,Low,5.6534010450952765,2.696652156149841,8.820997676000147,0.9258933691185541,0.9185564937528236,0,1.4783531605966078,-0.07714251415347918,0
T01545,R0234,Zone_1,-1.7230278451294023,-1.6088646979792582,-1.4803770224096746,2023-04-29,0.0,Saanvi Nair,32.0,Male,Pune,2023-10-02 00:03:47.581311,0.5590549577479722,0.6774638268266019,3.98,4921.0,2.43,30.9,Residential,Low,0,Saturday,April,1,False,False,True,False,False,False,False,False,False,False,False,False,0.0,Low,2.907447358686419,0.5364933705145685,2.3664319132398464,-0.6131957951782692,-0.14727319455376647,0,1.5604321896193805,0.09319479936605132,0
T01546,R0291,Zone_3,1.5938676976626576,2.002126971546612,1.3998865167346515,2023-08-17,1.0,Arjun Ghosh,23.0,Male,Pune,2025-01-27 00:03:47.581311,-0.6131762355725101,1.3809839546849962,3.46,12971.0,2.11,38.0,Business,Low,0,Thursday,August,1,False,True,False,False,False,True,False,False,False,False,False,False,0.0,Low,5.470293931287002,2.767576180416237,11.344161493913951,-0.20625478331043567,0.15371540942736683,0,-0.16322741985884465,1.285555994002765,0
T01547,R0005,Zone_1,-0.0657471727983941,0.2202467700111393,0.43747750185315387,2023-07-13,1.0,Diya Reddy,27.0,Male,Ahmedabad,2025-03-09 00:03:47.581311,-0.22243250446568272,-0.7295764288901869,3.53,4921.0,2.43,30.9,Residential,Low,0,Thursday,July,1,False,True,False,False,False,False,False,False,False,False,False,False,0.0,Low,5.101572289088358,2.175887439948088,8.243178998420452,-0.45305718758885805,0.0782387064156245,0,-0.3095422107255263,-0.5881544547120707,0
T01548,R0152,Zone_7,-0.7193226492106228,-0.8261751395833673,-0.2865956832679291,2024-01-26,1.0,Arjun Patel,34.0,Male,Bengaluru,2025-03-10 00:03:47.581311,-1.0039199666793377,-0.026056301031792503,3.91,11070.0,0.64,45.2,Industrial,Low,0,Friday,January,1,True,False,False,False,False,False,False,False,False,True,False,False,0.0,Low,4.6929063002921785,1.7934247485471162,5.681549084536717,0.9513172438514983,1.749590410508932,0,-0.313110864161299,0.3316670382933942,0
T01549,R0081,Zone_6,-1.160486095788877,-1.1523935762161375,-0.9884644829262171,2023-01-07,0.0,Diya Reddy,42.0,Male,Mumbai,2024-04-17 00:03:47.581311,-0.6131762355725101,-1.4330965567485814,3.9,14627.0,0.54,37.6,Mixed,Low,0,Saturday,January,1,False,True,False,False,False,False,False,False,True,False,False,False,0.0,Low,4.020877410340228,1.415853163361435,4.6,0.429201776653735,0.1772399000740926,0,0.8538388093363813,-1.0991663952706623,0
T01550,R0207,Zone_6,1.0803441090530497,1.7143389442653645,1.2434047233252503,2024-04-12,0.0,Ishaan Iyer,31.0,Female,Mumbai,2023-10-28 00:03:47.581311,0.16831122664114473,-0.026056301031792503,3.93,14627.0,0.54,37.6,Mixed,Low,0,Friday,April,0,True,False,False,False,False,False,False,False,True,False,False,False,0.0,Low,5.418852168176774,2.6188546222977394,10.903210536351208,-0.09306101432145507,0.7916588273284412,0,1.4676472002892897,-0.204895499293127,0
T01551,R0087,Zone_2,0.44544221768117026,0.806677215001164,-0.31878547284417036,2023-04-04,1.0,Saanvi Das,26.0,Female,Jaipur,2024-02-15 00:03:47.581311,-1.7854074288929924,-0.026056301031792503,3.57,6371.0,0.91,58.4,Residential,Low,0,Tuesday,April,0,True,False,False,False,True,False,False,False,False,False,False,False,0.0,Low,4.670208582167313,2.3978952727983707,9.377632963600142,0.45080926400954935,-0.18069596815020697,0,1.0750953223542903,1.285555994002765,0
T01552,R0283,Zone_10,-1.0414419911566497,-1.1280445382300583,-1.105398820570522,2024-01-10,0.0,Diya Nair,19.0,Female,Surat,2024-09-15 00:03:47.581311,-0.22243250446568272,-0.026056301031792503,3.55,2440.0,1.54,35.4,Industrial,Low,0,Wednesday,January,0,False,True,False,True,False,False,False,False,False,False,False,False,0.0,Low,3.846951008684431,1.5325568680981427,4.689349635077342,-0.0565457637737237,0.5216544986660485,0,0.3149721405347002,-0.07714251415347918,0
T01553,R0050,Zone_7,-0.9690818491252959,-0.6214085309775458,-0.49839135998997336,2023-04-26,1.0,Diya Das,49.0,Female,Ahmedabad,2023-12-08 00:03:47.581311,-0.22243250446568272,-0.026056301031792503,3.42,11070.0,0.64,45.2,Industrial,Low,0,Wednesday,April,0,False,True,False,False,False,False,False,False,False,True,False,False,0.0,Low,4.5331369830882595,1.597365331199831,6.265780079128216,0.2911383509516494,0.027994361053062782,0,1.321332409422608,-0.07714251415347918,0
T01554,R0204,Zone_9,-0.47423184555603715,-0.6970959020668036,-0.3034132059853123,2024-01-04,0.0,Aarav Kumar,37.0,Female,Hyderabad,2024-01-31 00:03:47.581311,-0.22243250446568272,-0.7295764288901869,3.73,11037.0,1.83,56.1,Mixed,Low,0,Thursday,January,0,False,False,False,False,False,False,False,False,False,False,False,True,0.0,Low,4.681112189563248,1.9544450515051506,6.056401571890688,0.9402048217827945,-0.040288837625756295,0,1.128625123890881,-0.5881544547120707,0
T01555,R0232,Zone_7,-0.6189521296187447,-0.8118004063144771,-0.271223416409071,2024-02-02,0.0,Meera Das,38.0,Male,Jaipur,2024-12-10 00:03:47.581311,2.122029882175282,0.6774638268266019,3.94,11070.0,0.64,45.2,Industrial,Low,0,Friday,February,1,False,False,True,False,False,False,False,False,False,True,False,False,0.0,Low,4.703566507844284,1.8625285401162623,5.724508712544685,-0.5435884582884439,-0.5039447609027993,0,0.008067945058246042,-0.2736855682144758,0
T01556,R0211,Zone_5,0.5948308980039655,0.5819619969609644,1.730718721440673,2023-09-08,1.0,Arjun Reddy,36.0,Male,Mumbai,2024-12-15 00:03:47.581311,-0.22243250446568272,1.3809839546849962,3.63,2590.0,1.31,43.9,Business,Low,0,Friday,September,1,False,False,True,False,False,False,False,True,False,False,False,False,0.0,Low,5.571050762202242,2.454447442303292,8.959910713840847,-0.8891355687698352,-1.2254698337813625,0,-0.009775322120617573,0.9448813669637038,1
T01557,R0066,Zone_9,0.41976603825069,0.423546569099727,0.439185531504138,2023-04-10,1.0,Arjun Patel,38.0,Female,Bengaluru,2024-03-18 00:03:47.581311,-1.394663697786165,-0.026056301031792503,4.72,11037.0,1.83,56.1,Mixed,Low,0,Monday,April,0,True,False,False,False,False,False,False,False,False,False,False,True,0.0,Low,5.1023633080227855,2.387844936944869,8.653323061113573,1.488459736346715,0.4644921113903151,0,0.9608984124095631,0.6893753966844082,0
T01558,R0228,Zone_2,-0.7636724136814524,-0.8217747110316663,-0.5830045211618073,2023-09-06,0.0,Kavya Ghosh,21.0,Male,Pune,2024-12-30 00:03:47.581311,-1.394663697786165,-0.026056301031792503,4.84,6371.0,0.91,58.4,Residential,Low,0,Wednesday,September,1,True,False,False,False,True,False,False,False,False,False,False,False,0.0,Low,4.461415282342953,1.7613002617433464,5.694734409961539,0.8947449133199121,1.0132958902600024,0,-0.06330512365720842,0.6893753966844082,0
T01559,R0027,Zone_1,-1.8210641665912366,-1.7197554974821245,-1.486158045843775,2023-05-24,0.0,Ishaan Iyer,39.0,Female,Jaipur,2024-09-17 00:03:47.581311,0.16831122664114473,-0.026056301031792503,3.98,4921.0,2.43,30.9,Residential,Low,0,Wednesday,May,0,True,False,False,False,False,False,False,False,False,False,False,False,0.0,Low,2.8831233291713367,0.2546422183735807,1.3490737563232043,-0.5085140666627909,-0.7764936358293952,0,0.3078348336631548,-0.204895499293127,0
T01560,R0091,Zone_6,-1.5783075610666946,-1.4615970224489971,-1.3369025317269996,2024-03-28,1.0,Meera Das,41.0,Female,Surat,2023-09-19 00:03:47.581311,-0.22243250446568272,0.6774638268266019,3.4,14627.0,0.54,37.6,Mixed,Low,0,Thursday,March,0,False,True,False,False,False,False,False,False,True,False,False,False,0.0,Low,3.3751955791231545,0.8458682675776092,3.2588341473600644,-0.5692325092162233,-0.029616636449121925,0,1.6068246842844258,0.43386942640511234,0
T01561,R0282,Zone_2,0.9939787782414334,0.49248661640971014,0.21674751618749968,2023-05-12,0.0,Reyansh Kumar,22.0,Male,Bengaluru,2023-12-22 00:03:47.581311,0.5590549577479722,-1.4330965567485814,4.47,6371.0,0.91,58.4,Residential,Low,0,Friday,May,1,True,False,False,False,True,False,False,False,False,False,False,False,0.0,Low,4.993692573365943,2.5915163848462583,8.788060081724522,1.3124896688656529,0.8859312494478517,0,1.27137126132179,-1.0991663952706623,0
T01562,R0012,Zone_9,-1.1814938789592702,-1.262991013815557,-1.0741287392678878,2024-07-14,0.0,Aarav Das,31.0,Male,Hyderabad,2024-06-01 00:03:47.581311,-1.0039199666793377,-1.4330965567485814,3.31,11037.0,1.83,56.1,Mixed,Low,0,Sunday,July,1,False,False,True,False,False,False,False,False,False,False,False,True,0.0,Low,3.8965031937701093,1.3937663759585914,4.170131892398609,-1.3375049622389241,-1.94707118856078,0,0.6932494047266088,-1.0991663952706623,0
T01563,R0178,Zone_3,0.10931768695488141,-0.055220057325345615,-0.15980732840640768,2023-07-22,1.0,Saanvi Ghosh,27.0,Male,Delhi,2025-01-24 00:03:47.581311,-0.22243250446568272,-0.7295764288901869,3.13,12971.0,2.11,38.0,Business,Low,0,Saturday,July,1,True,False,False,False,False,True,False,False,False,False,False,False,0.0,Low,4.777609742927595,2.25758772706331,7.652450587883597,0.5571630004751797,0.6169959773192546,0,-0.1525214595515265,-0.5881544547120707,0
T01564,R0215,Zone_8,-1.6973516656989218,-1.5754214409863305,-1.486158045843775,2024-04-25,0.0,Saanvi Gupta,26.0,Female,Hyderabad,2025-07-19 00:03:47.581311,-1.0039199666793377,-1.4330965567485814,3.24,4516.0,1.93,31.0,Business,Low,0,Thursday,April,0,False,False,True,False,False,False,False,False,False,False,True,False,0.0,Low,2.8831233291713367,0.598836501088704,2.596150997149434,-2.6292398427101413,-1.71356720458635,0,-0.7806044642475257,-1.0991663952706623,0
T01565,R0222,Zone_9,0.44310801955112666,0.12461078948750327,1.510908444048626,2023-04-22,1.0,Aarav Singh,27.0,Male,Surat,2025-07-21 00:03:47.581311,-0.22243250446568272,-0.026056301031792503,3.44,11037.0,1.83,56.1,Mixed,Low,0,Saturday,April,1,False,True,False,False,False,False,False,False,False,False,False,True,0.0,Low,5.505250231814264,2.39698576841553,8.043009387039158,0.37784891709381246,0.7190902204337829,0,-0.7877417711190712,-0.07714251415347918,1
T01566,R0090,Zone_7,2.2194327965143623,1.2314652511920374,1.652937678872776,2023-06-01,0.0,Kavya Iyer,33.0,Female,Mumbai,2026-02-19 00:03:47.581311,0.5590549577479722,-0.026056301031792503,4.51,11070.0,0.64,45.2,Industrial,Low,0,Thursday,June,0,False,True,False,False,False,False,False,False,False,True,False,False,0.0,Low,5.5482586302476244,2.9231615807191558,10.1202766760598,1.1461774934602955,1.3604244495494093,0,-1.5478649529386612,-0.3042589321795199,0
T01567,R0299,Zone_9,-1.5713049666765637,-1.5478454220623372,-1.486158045843775,2023-12-07,0.0,Ishaan Gupta,33.0,Female,Kolkata,2024-11-02 00:03:47.581311,-1.394663697786165,-0.026056301031792503,3.92,11037.0,1.83,56.1,Mixed,Low,0,Thursday,December,0,True,False,False,False,False,False,False,False,False,False,False,True,0.0,Low,2.8831233291713367,0.8586616190375187,2.7712812921102037,-0.3648733836724352,-0.44907900371349363,0,0.14367677561760953,0.6893753966844082,0
T01568,R0130,Zone_7,0.6205070774344458,0.8442275386423461,0.9211126668741494,2023-12-16,1.0,Diya Ghosh,27.0,Female,Pune,2024-11-10 00:03:47.581311,0.16831122664114473,-0.7295764288901869,3.62,11070.0,0.64,45.2,Industrial,Low,0,Saturday,December,0,False,True,False,False,False,False,False,False,False,True,False,False,0.0,Low,5.303752569037976,2.463853240590168,9.445633912025174,-1.0189909554439003,-0.5498156106163926,0,0.11512754813142773,-0.6520309472818946,0
T01569,R0068,Zone_1,0.29605353735837503,0.919914909731604,-0.04628905006407132,2024-05-03,0.0,Meera Singh,30.0,Male,Ahmedabad,2024-08-06 00:03:47.581311,0.5590549577479722,-0.026056301031792503,4.97,4921.0,2.43,30.9,Residential,Low,0,Friday,May,1,False,False,False,False,False,False,False,False,False,False,False,False,0.0,Low,4.847802589886148,2.337952236831337,9.581231653602787,-0.06711566018587507,-0.22010545833589992,0,0.45771827796560915,-0.3042589321795199,0
T01570,R0061,Zone_2,1.0499995333624816,1.0531012138964222,-0.014493421176518752,2023-06-14,0.0,Meera Reddy,25.0,Male,Mumbai,2026-02-14 00:03:47.581311,-1.394663697786165,-1.4330965567485814,3.69,6371.0,0.91,58.4,Residential,Low,0,Wednesday,June,1,False,True,False,False,True,False,False,False,False,False,False,False,0.0,Low,4.866610947234645,2.6093342281630525,9.815294188153507,0.3098695169386701,0.634727886796362,0,-1.5300216857597975,-1.0991663952706623,0
T01571,R0212,Zone_6,-0.17545448491044688,-0.14205518074557943,-0.4355884235922456,2023-04-11,1.0,Aadhya Iyer,36.0,Female,Ahmedabad,2024-01-10 00:03:47.581311,-0.6131762355725101,0.6774638268266019,3.22,14627.0,0.54,37.6,Mixed,Low,0,Tuesday,April,0,False,False,False,False,False,False,False,False,True,False,False,False,0.0,Low,4.583231278469338,2.1210632163706555,7.4565407529228995,-0.8888549520509287,-0.1046132478150123,0,1.2035668460421083,0.6893753966844082,0
T01572,R0043,Zone_8,0.29605353735837503,-0.3409545512824663,-0.6402892079178938,2023-05-07,1.0,Diya Kumar,28.0,Male,Ahmedabad,2026-03-05 00:03:47.581311,0.5590549577479722,0.6774638268266019,4.68,4516.0,1.93,31.0,Business,Low,0,Sunday,May,1,True,False,False,False,False,False,False,False,False,False,True,False,0.0,Low,4.409763389645481,2.337952236831337,6.987131027825369,-0.3709300278555048,-1.1160194323336776,0,-1.5978261010394792,0.09319479936605132,0
T01573,R0025,Zone_3,0.1910146215064099,0.29358724587282325,0.7214045846052242,2023-03-10,0.0,Meera Das,21.0,Male,Mumbai,2025-08-20 00:03:47.581311,-1.0039199666793377,1.3809839546849962,4.01,12971.0,2.11,38.0,Business,Low,0,Friday,March,1,False,True,False,False,False,True,False,False,False,False,False,False,0.0,Low,5.225155100919053,2.2935443483418965,8.393449827097319,0.8004576957672684,0.45956684332517017,0,-0.8948013741922528,1.7625004718574506,0
T01574,R0101,Zone_8,0.6461832568649261,0.6327136062572498,0.29597381461392197,2023-11-23,1.0,Aarav Singh,37.0,Male,Delhi,2023-09-02 00:03:47.581311,-1.0039199666793377,-1.4330965567485814,3.03,4516.0,1.93,31.0,Business,Low,0,Thursday,November,1,False,False,False,False,False,False,False,False,False,False,True,False,0.0,Low,5.03376571148511,2.4731713935695794,9.055937278934744,0.569454012763292,0.14177135890696843,0,1.667491792692562,-1.0991663952706623,0
T01575,R0132,Zone_1,-1.0017606229459073,-0.8109203206041371,-0.8603622591024,2023-11-27,1.0,Aadhya Iyer,23.0,Female,Surat,2025-03-24 00:03:47.581311,1.3405424199616272,-0.026056301031792503,3.32,4921.0,2.43,30.9,Residential,Low,0,Monday,November,0,False,False,False,False,False,False,False,False,False,False,False,False,0.0,Low,4.182050142641207,1.5686159179138452,5.727128425310541,-1.0504646715303652,-0.9341307618375628,0,-0.36307201226211716,-0.4487875618324548,0
T01576,R0270,Zone_3,0.20268561215662842,0.4232532071962805,0.6716089509342226,2024-07-29,0.0,Aadhya Reddy,35.0,Female,Hyderabad,2024-08-16 00:03:47.581311,0.16831122664114473,0.6774638268266019,3.08,12971.0,2.11,38.0,Business,Low,0,Monday,July,0,True,False,False,False,False,True,False,False,False,False,False,False,0.0,Low,5.2045559867335625,2.298577071596507,8.652745229116595,-0.4193831813200574,0.17513261256299836,0,0.4220317436078819,0.2422399486956406,0
T01577,R0006,Zone_10,0.9239528343401234,0.9721333285451229,1.9415946898891105,2023-03-19,0.0,Aarav Das,45.0,Male,Jaipur,2024-04-10 00:03:47.581311,-0.22243250446568272,-1.4330965567485814,4.64,2440.0,1.54,35.4,Industrial,Low,0,Sunday,March,1,False,True,False,True,False,False,False,False,False,False,False,False,0.0,Low,5.630351196570318,2.5687881337687024,9.673675619949224,0.5554793001617393,0.8761982439499878,0,0.8788193833867904,-1.0991663952706623,1
T01578,R0089,Zone_3,1.3417742996179407,1.3467564792466045,0.5098716816756391,2023-05-09,1.0,Saanvi Reddy,48.0,Female,Surat,2024-04-28 00:03:47.581311,0.5590549577479722,0.6774638268266019,3.91,12971.0,2.11,38.0,Business,Low,0,Tuesday,May,0,False,False,True,False,False,True,False,False,False,False,False,False,0.0,Low,5.13456237932792,2.6973262377392344,10.312613635737547,1.1134388762545167,0.9096210175464279,0,0.8145836215428814,0.09319479936605132,0
T01579,R0179,Zone_9,0.5574837279232667,0.561133301816246,0.4406307873626633,2023-08-10,0.0,Meera Patel,28.0,Male,Kolkata,2024-07-03 00:03:47.581311,-1.394663697786165,-0.026056301031792503,4.64,11037.0,1.83,56.1,Mixed,Low,0,Thursday,August,1,False,False,True,False,False,False,False,False,False,False,False,True,0.0,Low,5.103032143362223,2.4406063908914204,8.920201791439473,-1.0072050532498196,-0.38949648232137746,0,0.5790524947818817,0.6893753966844082,0
T01580,R0048,Zone_8,-1.3425535499322836,-1.4170060131250932,-1.1010630529949466,2023-05-04,1.0,Kavya Sharma,35.0,Male,Hyderabad,2025-06-18 00:03:47.581311,-1.0039199666793377,0.6774638268266019,3.02,4516.0,1.93,31.0,Business,Low,0,Thursday,May,1,False,True,False,False,False,False,False,False,False,False,True,False,0.0,Low,3.853970073979529,1.205970806988609,3.4842502780368694,-1.3351477818001083,-0.9495887111524564,0,-0.6699762077385714,1.0470837550754222,0
T01581,R0027,Zone_10,-1.8350693553714985,-1.7150617070269767,-1.486158045843775,2023-12-31,1.0,Ishaan Iyer,39.0,Male,Jaipur,2025-03-15 00:03:47.581311,0.16831122664114473,1.3809839546849962,3.98,2440.0,1.54,35.4,Industrial,Low,0,Sunday,December,1,False,False,False,True,False,False,False,False,False,False,False,False,0.0,Low,2.8831233291713367,0.20701416938432615,1.407124727947029,-0.5085140666627909,-0.7764936358293952,0,-0.33095413134016266,0.6893753966844082,0
T01582,R0170,Zone_3,0.45477901020134476,0.8976194050696523,0.13449931914779778,2023-07-17,0.0,Saanvi Kumar,29.0,Male,Bengaluru,2025-09-19 00:03:47.581311,-0.22243250446568272,1.3809839546849962,3.68,12971.0,2.11,38.0,Business,Low,0,Monday,July,1,False,False,False,False,False,True,False,False,False,False,False,False,0.0,Low,4.950318958088201,2.401525040848949,9.54148835350125,-0.26364090232685156,0.24261893781325272,0,-1.0018609772654345,0.9448813669637038,0
T01583,R0268,Zone_10,-1.2025016621296634,-1.130684795361079,-1.1835740238271077,2023-08-06,1.0,Ishaan Kumar,34.0,Female,Chennai,2025-05-13 00:03:47.581311,-1.0039199666793377,0.6774638268266019,4.6,2440.0,1.54,35.4,Industrial,Low,0,Sunday,August,0,True,False,False,True,False,False,False,False,False,False,False,False,0.0,Low,3.711130063048756,1.3711807233098425,4.679743582719036,0.2429845219872635,0.5035306455174099,0,-0.5415046840507532,1.0470837550754222,0
T01584,R0056,Zone_4,0.9636342025508658,1.4752489929562749,1.1991273392958899,2024-05-30,1.0,Meera Patel,40.0,Female,Hyderabad,2024-08-29 00:03:47.581311,0.5590549577479722,-1.4330965567485814,3.25,4038.0,2.46,48.2,Business,Low,0,Thursday,May,0,True,False,False,False,False,False,True,False,False,False,False,False,0.0,Low,5.403802874394014,2.5817308344235403,10.522832318344715,-0.432478628202369,-0.8547708734419384,0,0.3756392489428365,-1.0991663952706623,0
T01585,R0048,Zone_6,-0.35752193905385327,-0.7208582162459892,0.3264555745391792,2023-07-26,0.0,Kavya Sharma,35.0,Female,Hyderabad,2024-04-14 00:03:47.581311,-1.0039199666793377,-1.4330965567485814,3.02,14627.0,0.54,37.6,Mixed,Low,0,Wednesday,July,0,False,True,False,False,False,False,False,False,True,False,False,False,0.0,Low,5.048765669457524,2.0228711901914416,5.989156868875618,-1.3351477818001083,-0.9495887111524564,0,0.8645447696436995,-1.0991663952706623,1
T01586,R0174,Zone_2,1.1597068454745345,0.498060492575198,0.09074748270335546,2023-10-12,0.0,Aadhya Patel,32.0,Male,Kolkata,2024-11-16 00:03:47.581311,-0.22243250446568272,-1.4330965567485814,3.8,6371.0,0.91,58.4,Residential,Low,0,Thursday,October,1,True,False,False,False,True,False,False,False,False,False,False,False,0.0,Low,4.92645626585365,2.643333886382519,8.798863562983575,0.4628757829225361,0.05623319425495424,0,0.0937156275167914,-1.0991663952706623,0
T01587,R0003,Zone_5,2.45985520390886,0.9859213380071195,1.906514388595819,2023-09-24,1.0,Kavya Reddy,34.0,Male,Pune,2025-10-18 00:03:47.581311,0.9497986888547996,0.6774638268266019,3.76,2590.0,1.31,43.9,Business,Low,0,Sunday,September,1,False,True,False,False,False,False,False,True,False,False,False,False,0.0,Low,5.620726899518875,2.9770590082883697,9.697937925146768,-0.7800317884589186,-1.043168804390227,0,-1.1053519269028436,-0.02604132009762001,0
T01588,R0191,Zone_10,-0.0937575503589182,-0.563322874095092,-0.6706395809469212,2023-01-05,1.0,Meera Gupta,33.0,Male,Surat,2025-03-14 00:03:47.581311,1.3405424199616272,-1.4330965567485814,4.56,2440.0,1.54,35.4,Industrial,Low,0,Thursday,January,1,False,True,False,True,False,False,False,False,False,False,False,False,0.0,Low,4.3812763532831775,2.162172939277301,6.421837743200929,-0.3127743387463294,-0.4040108476384331,0,-0.32738547790438993,-1.0991663952706623,0
T01589,R0136,Zone_6,-0.1567808998700975,-0.5867918263708309,-0.7063768167213604,2023-11-09,1.0,Diya Ghosh,34.0,Female,Hyderabad,2025-04-08 00:03:47.581311,-1.394663697786165,-0.026056301031792503,3.82,14627.0,0.54,37.6,Mixed,Low,0,Thursday,November,0,False,False,True,False,False,False,False,False,True,False,False,False,0.0,Low,4.346658490836091,2.130609828254235,6.359245238233858,-0.8112644292732323,-1.4638825580757535,0,-0.416601813798708,0.6893753966844082,0
T01590,R0289,Zone_6,1.162041043604578,0.6553024728226484,2.026996172438322,2023-05-30,1.0,Aarav Gupta,21.0,Male,Chennai,2023-12-08 00:03:47.581311,0.16831122664114473,1.3809839546849962,4.17,14627.0,0.54,37.6,Mixed,Low,0,Tuesday,May,1,True,False,False,False,False,False,False,False,True,False,False,False,0.0,Low,5.6534010450952765,2.644044871126298,9.098351499035417,0.1028796096551321,0.7679001936249273,0,1.321332409422608,0.6893753966844082,1
T01591,R0081,Zone_9,1.22039599685567,0.7221889868085042,-0.13024527675475758,2023-06-08,0.0,Diya Reddy,42.0,Female,Mumbai,2024-02-13 00:03:47.581311,-0.6131762355725101,-0.026056301031792503,3.9,11037.0,1.83,56.1,Mixed,Low,0,Thursday,June,0,True,False,False,False,False,False,False,False,False,False,False,True,0.0,Low,4.7963688907196484,2.6616571615324998,9.222797840135064,0.429201776653735,0.1772399000740926,0,1.0822326292258357,0.09319479936605132,0
T01592,R0167,Zone_3,1.965005200339602,2.8364482249491285,1.5429668467286377,2024-03-16,0.0,Kavya Nair,44.0,Female,Hyderabad,2024-06-25 00:03:47.581311,-0.22243250446568272,-1.4330965567485814,4.75,12971.0,2.11,38.0,Business,Low,0,Saturday,March,0,False,False,False,False,False,True,False,False,False,False,False,False,0.0,Low,5.5151208621160475,2.8627721462977607,12.535150577476124,0.6455572669307834,0.7823206512988862,0,0.6076017222680635,-1.0991663952706623,0
T01593,R0241,Zone_10,0.20735400841671567,0.8313196148906898,-0.21420150344544367,2024-01-04,0.0,Kavya Gupta,34.0,Female,Chennai,2025-05-31 00:03:47.581311,-1.7854074288929924,-0.026056301031792503,3.28,2440.0,1.54,35.4,Industrial,Low,0,Thursday,January,0,False,False,False,True,False,False,False,False,False,False,False,False,0.0,Low,4.742145641015169,2.300583090323373,9.422313940853382,1.0440330077782647,1.9203109997737413,0,-0.6057404458946622,1.285555994002765,0
T01594,R0169,Zone_7,-0.7590040174213653,-0.44392457939227054,-0.5941724073413196,2023-07-19,0.0,Reyansh Kumar,32.0,Female,Delhi,2024-04-08 00:03:47.581311,-0.6131762355725101,-1.4330965567485814,4.19,11070.0,0.64,45.2,Industrial,Low,0,Wednesday,July,0,False,False,True,False,False,False,False,False,False,True,False,False,0.0,Low,4.451552697322492,1.7647307968401356,6.731270311018568,0.10410730780034874,1.396050922503857,0,0.8859566902583359,-1.0991663952706623,0
T01595,R0154,Zone_8,-0.012060615807389917,-0.05844703826325969,0.26128767400931935,2023-02-05,0.0,Kavya Patel,18.0,Female,Kolkata,2025-04-10 00:03:47.581311,2.122029882175282,0.6774638268266019,4.68,4516.0,1.93,31.0,Business,Low,0,Sunday,February,0,True,False,False,False,False,False,False,False,False,False,True,False,0.0,Low,5.016418538851983,2.201659174404085,7.6452599694189605,1.5153179942313024,0.8079005153852908,0,-0.42373912067025343,-0.2736855682144758,0
T01596,R0236,Zone_5,-0.7496672249011905,-0.4166419223717241,-0.13747155604738315,2024-02-01,0.0,Arjun Gupta,28.0,Female,Ahmedabad,2025-03-26 00:03:47.581311,1.3405424199616272,-0.026056301031792503,3.36,2590.0,1.31,43.9,Business,Low,0,Thursday,February,0,True,False,False,False,False,False,False,True,False,False,False,False,0.0,Low,4.791815714262101,1.7715567619105355,6.8,-2.0892312330904557,-1.9871584832459817,0,-0.37020931913366256,-0.4487875618324548,1
T01597,R0214,Zone_5,0.2587063672776762,-0.3154320656826004,-0.7340994518257967,2023-12-30,0.0,Aarav Kumar,20.0,Male,Kolkata,2026-02-11 00:03:47.581311,-0.6131762355725101,0.6774638268266019,4.53,2590.0,1.31,43.9,Business,Low,0,Saturday,December,1,True,False,False,False,False,False,False,True,False,False,False,False,0.0,Low,4.31895370569792,2.322387720290225,7.049113419430843,-0.765102979013084,-0.5219388137376026,0,-1.5193157254524794,0.6893753966844082,0
T01598,R0277,Zone_3,-1.0344393967665186,-1.176155890395323,-1.0255155876629518,2023-04-27,1.0,Kavya Gupta,42.0,Male,Jaipur,2024-01-29 00:03:47.581311,0.5590549577479722,0.6774638268266019,3.06,12971.0,2.11,38.0,Business,Low,0,Thursday,April,1,False,False,False,False,False,True,False,False,False,False,False,False,0.0,Low,3.9689702858698963,1.5390154481375546,4.511097427455985,0.923554896460998,0.8555936549526215,0,1.1357624307624266,0.09319479936605132,0
T01599,R0196,Zone_1,1.0313259483221322,0.2660112269488301,0.32277674144475166,2023-01-05,1.0,Vivaan Das,18.0,Female,Hyderabad,2024-11-25 00:03:47.581311,1.7312861510684545,-0.7295764288901869,4.93,4921.0,2.43,30.9,Residential,Low,0,Thursday,January,0,True,False,False,False,False,False,False,False,False,False,False,False,0.0,Low,5.046967223343646,2.6034301519721073,8.337265738837884,-0.0564756095939968,-0.034067322116810524,0,0.06159774659483688,-0.8010760966114839,0
T01600,R0005,Zone_10,0.7932377390576777,1.1182275564615975,1.982981562201421,2023-10-25,0.0,Diya Reddy,27.0,Female,Ahmedabad,2025-08-18 00:03:47.581311,-0.22243250446568272,-1.4330965567485814,3.53,2440.0,1.54,35.4,Industrial,Low,0,Wednesday,October,0,False,False,False,True,False,False,False,False,False,False,False,False,0.0,Low,5.641587871063083,2.5249283241374862,9.927738916792686,-0.45305718758885805,0.0782387064156245,0,-0.8876640673207075,-1.0991663952706623,1
T01601,R0083,Zone_2,0.14199646077549255,0.672317463222559,0.8125870905885363,2024-03-06,1.0,Kavya Patel,45.0,Male,Mumbai,2025-10-01 00:03:47.581311,0.9497986888547996,1.3809839546849962,4.4,6371.0,0.91,58.4,Residential,Low,0,Wednesday,March,1,False,False,True,False,True,False,False,False,False,False,False,False,0.0,Low,5.261808971731513,2.272125885509337,9.130169768410662,0.6896702151429129,0.3817872744843101,0,-1.0446848184947073,0.3316670382933942,0
T01602,R0251,Zone_7,0.008947167363003525,-0.5730038169088344,0.1280613612325494,2024-03-22,0.0,Vivaan Iyer,46.0,Female,Mumbai,2024-06-05 00:03:47.581311,-1.0039199666793377,-1.4330965567485814,4.48,11070.0,0.64,45.2,Industrial,Low,0,Friday,March,0,False,False,True,False,False,False,False,False,False,True,False,False,0.0,Low,4.946843161008476,2.211565694606877,6.396092557178953,-0.24141605818944292,0.7448357252191853,0,0.678974790983518,-1.0991663952706623,0
T01603,R0264,Zone_5,-0.2501488250718445,-0.0728217715321498,-0.43755922703568884,2024-07-23,0.0,Aadhya Das,27.0,Female,Delhi,2023-08-25 00:03:47.581311,-1.7854074288929924,1.3809839546849962,3.59,2590.0,1.31,43.9,Business,Low,0,Tuesday,July,0,False,False,True,False,False,False,False,True,False,False,False,False,0.0,Low,4.581696829802449,2.081938421878423,7.6131465242697125,-2.324770702696396,-2.2019290193142984,0,1.696041020178744,3.670278383276192,0
T01604,R0253,Zone_10,1.5098365649810854,1.8818485911334506,0.03359418284349869,2024-01-10,1.0,Ishaan Gupta,26.0,Male,Surat,2025-09-04 00:03:47.581311,-0.6131762355725101,-1.4330965567485814,3.16,2440.0,1.54,35.4,Industrial,Low,0,Wednesday,January,1,False,False,True,True,False,False,False,False,False,False,False,False,0.0,Low,4.894401058429723,2.7447035187502458,11.161989070053778,-1.5626156941458604,-2.285889964854369,0,-0.9483311757288437,-1.0991663952706623,0
T01605,R0077,Zone_1,1.3651162809183774,0.6869855583948958,1.4277405387353173,2024-05-17,1.0,Reyansh Das,28.0,Female,Mumbai,2026-02-12 00:03:47.581311,2.5127736132821092,0.6774638268266019,3.79,4921.0,2.43,30.9,Residential,Low,0,Friday,May,0,False,False,False,False,False,False,False,False,False,False,False,False,0.0,Low,5.47917952560564,2.7040421797046714,9.157510578754469,1.4133246098594512,1.137265784680176,0,-1.522884378888252,-0.33264848443277495,0
T01606,R0179,Zone_9,0.14899905516562384,0.6344737776779299,0.6287768227633874,2024-05-20,1.0,Meera Patel,28.0,Female,Kolkata,2025-12-06 00:03:47.581311,-1.394663697786165,-0.026056301031792503,4.64,11037.0,1.83,56.1,Mixed,Low,0,Monday,May,0,False,False,True,False,False,False,False,False,False,False,False,True,0.0,Low,5.18649155136578,2.2752138961979136,9.059249417032296,-1.0072050532498196,-0.38949648232137746,0,-1.280215945255707,0.6893753966844082,0
T01607,R0279,Zone_9,-1.0204342079862567,-1.2260274139812681,-1.015136022860817,2023-04-28,1.0,Diya Singh,25.0,Female,Pune,2024-05-29 00:03:47.581311,-1.0039199666793377,-0.026056301031792503,3.73,11037.0,1.83,56.1,Mixed,Low,0,Friday,April,0,False,True,False,False,False,False,False,False,False,False,False,True,0.0,Low,3.9837853716550367,1.5518087995974639,4.318564576337836,0.12866127070468267,0.32496488653809685,0,0.703955365033927,0.3316670382933942,0
T01608,R0257,Zone_4,-1.3939059087932444,-1.3031815945877596,-1.4638222734847508,2024-05-05,0.0,Arjun Reddy,36.0,Male,Delhi,2025-11-09 00:03:47.581311,-0.22243250446568272,-0.7295764288901869,4.82,4038.0,2.46,48.2,Business,Low,0,Sunday,May,1,False,False,False,False,False,False,True,False,False,False,False,False,0.0,Low,2.9739977814079848,1.1378330018213911,4.0024992192379,-0.044759861579643505,-0.5139740146293771,0,-1.1838623024898434,-0.5881544547120707,0
T01609,R0040,Zone_3,0.3147271223987244,-0.20043419953147992,1.3533755554693887,2024-06-09,1.0,Aarav Gupta,34.0,Male,Surat,2023-10-10 00:03:47.581311,0.9497986888547996,1.3809839546849962,4.41,12971.0,2.11,38.0,Business,Low,0,Sunday,June,1,False,True,False,False,False,True,False,False,False,False,False,False,0.0,Low,5.455278379401799,2.3456445824544927,7.321885003194191,-0.027501933366882544,-0.5258503800980654,0,1.5318829621331986,0.3316670382933942,1
T01610,R0186,Zone_10,-0.7660066118114961,-0.8244149681626868,-0.7975593227046723,2023-03-13,1.0,Ishaan Sharma,18.0,Male,Hyderabad,2025-04-01 00:03:47.581311,-0.22243250446568272,1.3809839546849962,3.26,2440.0,1.54,35.4,Industrial,Low,0,Monday,March,1,False,True,False,True,False,False,False,False,False,False,False,False,0.0,Low,4.252487263318897,1.75958057086382,5.686826883245173,1.0050272838502368,0.13665248011251213,0,-0.39162123974829893,0.9448813669637038,0
T01611,R0104,Zone_2,0.53414174662283,0.604550863526363,-0.35767599412811885,2024-03-23,0.0,Diya Gupta,52.0,Female,Kolkata,2024-07-31 00:03:47.581311,0.5590549577479722,1.3809839546849962,3.7,6371.0,0.91,58.4,Residential,Low,0,Saturday,March,0,False,True,False,False,True,False,False,False,False,False,False,False,0.0,Low,4.642080540008188,2.431857428698185,9.002777349240622,-1.7112490162600968,-1.464277387544063,0,0.47913019858024547,0.4906485309116225,0
T01612,R0271,Zone_4,-0.4718976474259933,0.0066793043019156145,-0.16663944701034455,2023-09-24,0.0,Saanvi Iyer,22.0,Female,Bengaluru,2024-02-23 00:03:47.581311,0.16831122664114473,0.6774638268266019,4.37,4038.0,2.46,48.2,Business,Low,0,Sunday,September,0,False,False,True,False,False,False,True,False,False,False,False,False,0.0,Low,4.773223770984341,1.9558604799084813,7.789094941005662,0.021114913183699048,-0.45899565082452587,0,1.0465460948681085,0.2422399486956406,0
T01613,R0025,Zone_4,0.881937267999337,0.8213453101735008,0.38636799921985643,2023-09-08,0.0,Meera Das,21.0,Male,Mumbai,2023-10-04 00:03:47.581311,-1.0039199666793377,1.3809839546849962,4.01,4038.0,2.46,48.2,Business,Low,0,Friday,September,1,False,False,False,False,False,False,True,False,False,False,False,False,0.0,Low,5.077608349349287,2.554899021608035,9.404254356406998,0.8004576957672684,0.45956684332517017,0,1.553294882747835,1.7625004718574506,0
T01614,R0100,Zone_2,0.22135919719697741,0.3487392837208094,0.9225579227326743,2023-06-11,1.0,Ishaan Gupta,28.0,Female,Delhi,2023-11-28 00:03:47.581311,1.7312861510684545,-0.026056301031792503,3.79,6371.0,0.91,58.4,Residential,Low,0,Sunday,June,0,False,False,False,False,True,False,False,False,False,False,False,False,0.0,Low,5.304299438225584,2.306577114263583,8.504704580407246,0.21361798235368046,0.23335159497734753,0,1.3570189437803353,-0.5029857979523055,0
T01615,R0101,Zone_9,1.1433674585642286,1.357317507770687,0.47150670797660893,2023-07-26,1.0,Aarav Singh,37.0,Female,Delhi,2023-10-24 00:03:47.581311,-1.0039199666793377,0.6774638268266019,3.03,11037.0,1.83,56.1,Mixed,Low,0,Wednesday,July,0,True,False,False,False,False,False,False,False,False,False,False,True,0.0,Low,5.117215066158812,2.63834278867739,10.330053242844395,0.569454012763292,0.14177135890696843,0,1.4819218140323807,1.0470837550754222,0
T01616,R0295,Zone_6,-1.1488151051386586,-1.0048325387824293,-0.8791505852632266,2023-05-12,1.0,Kavya Gupta,18.0,Female,Delhi,2024-02-14 00:03:47.581311,0.5590549577479722,-1.4330965567485814,3.59,14627.0,0.54,37.6,Mixed,Low,0,Friday,May,0,True,False,False,False,False,False,False,False,True,False,False,False,0.0,Low,4.15997623565093,1.4279160358107101,5.117616632769594,-1.836965306330289,-2.371944424784545,0,1.078663975790063,-1.0991663952706623,0
T01617,R0015,Zone_9,-0.2874959951525431,-0.6968025401633569,0.3803242019932971,2024-07-15,1.0,Saanvi Patel,28.0,Female,Chennai,2024-09-05 00:03:47.581311,-1.0039199666793377,1.3809839546849962,3.87,11037.0,1.83,56.1,Mixed,Low,0,Monday,July,0,True,False,False,False,False,False,False,False,False,False,False,True,0.0,Low,5.074736219502779,2.061786606441115,6.057227088363123,-1.2326104327116083,-0.27909114448522276,0,0.35065867489242747,1.7625004718574506,1
T01619,R0049,Zone_10,-0.8336983575827629,-0.8285220348109411,-0.879938906640604,2023-09-04,0.0,Meera Iyer,39.0,Female,Mumbai,2025-02-01 00:03:47.581311,-0.6131762355725101,1.3809839546849962,4.4,2440.0,1.54,35.4,Industrial,Low,0,Monday,September,0,False,False,False,True,False,False,False,False,False,False,False,False,0.0,Low,4.159039321153912,1.7083778602890038,5.674504383644443,0.9644781679682218,1.0635677818645393,0,-0.18107068703770826,1.285555994002765,0
T01620,R0059,Zone_2,0.9613000044208223,0.8544952052629817,1.4124996587726888,2023-04-23,0.0,Aarav Sharma,43.0,Male,Delhi,2025-09-19 00:03:47.581311,-1.394663697786165,-1.4330965567485814,3.27,6371.0,0.91,58.4,Residential,Low,0,Sunday,April,1,False,True,False,False,True,False,False,False,False,False,False,False,0.0,Low,5.474327380728188,2.580974118534234,9.464142856064674,0.3879511189744532,0.12269834096341725,0,-1.0018609772654345,-1.0991663952706623,0
T01621,R0062,Zone_6,0.4664500008515633,0.18181636065961684,-0.21485843792659162,2023-03-10,1.0,Kavya Sharma,38.0,Female,Jaipur,2025-03-22 00:03:47.581311,-0.22243250446568272,1.3809839546849962,3.58,14627.0,0.54,37.6,Mixed,Low,0,Friday,March,0,True,False,False,False,False,False,False,False,True,False,False,False,0.0,Low,4.741709550126918,2.4060438013622756,8.16333265278342,0.7920391942000682,-0.09619983848033548,0,-0.3559347053905717,0.9448813669637038,0
T01622,R0031,Zone_10,1.4794919892905174,0.6699705679949852,-0.021982474261603352,2023-11-02,0.0,Reyansh Nair,29.0,Male,Hyderabad,2024-12-20 00:03:47.581311,-1.7854074288929924,-1.4330965567485814,4.62,2440.0,1.54,35.4,Industrial,Low,0,Thursday,November,1,True,False,False,True,False,False,False,False,False,False,False,False,0.0,Low,4.86221262230776,2.7363136663750693,9.125787637239867,0.545096481562193,0.009483286445803256,0,-0.027618589299481185,-1.0991663952706623,0
T01623,R0130,Zone_6,-0.22447264564136402,0.08266003729462007,0.020849653909231776,2024-04-03,1.0,Diya Ghosh,27.0,Female,Pune,2024-02-13 00:03:47.581311,0.16831122664114473,0.6774638268266019,3.62,14627.0,0.54,37.6,Mixed,Low,0,Wednesday,April,0,False,True,False,False,False,False,False,False,True,False,False,False,0.0,Low,4.887110807810759,2.0955609235597192,7.9536155300592695,-1.0189909554439003,-0.5498156106163926,0,1.0822326292258357,0.2422399486956406,0
T01624,R0267,Zone_3,1.367450479048421,1.1733795943095837,0.8074630016355835,2023-01-24,0.0,Arjun Iyer,37.0,Male,Jaipur,2023-11-09 00:03:47.581311,-1.0039199666793377,-0.026056301031792503,4.5,12971.0,2.11,38.0,Business,Low,0,Tuesday,January,1,True,False,False,False,False,True,False,False,False,False,False,False,0.0,Low,5.259784416831253,2.7047112998366956,10.02197585309404,0.79338615445082,0.2100640020116088,0,1.424823359060017,0.3316670382933942,0
T01625,R0204,Zone_4,1.397795054738989,0.7591525866427926,0.16064531149747951,2024-05-19,1.0,Aarav Kumar,37.0,Female,Hyderabad,2023-12-28 00:03:47.581311,-0.22243250446568272,-1.4330965567485814,3.73,4038.0,2.46,48.2,Business,Low,0,Sunday,May,0,False,False,True,False,False,False,True,False,False,False,False,False,0.0,Low,4.9643120844906115,2.71336936257981,9.290855719469548,0.9402048217827945,-0.040288837625756295,0,1.2499593407071536,-1.0991663952706623,0
T01626,R0266,Zone_10,0.20735400841671567,0.08764718965321464,-0.11461023610344027,2023-10-15,1.0,Diya Reddy,29.0,Male,Chennai,2025-05-09 00:03:47.581311,0.5590549577479722,-0.7295764288901869,3.9,2440.0,1.54,35.4,Industrial,Low,0,Sunday,October,1,False,False,True,True,False,False,False,False,False,False,False,False,0.0,Low,4.80614992460058,2.300583090323373,7.964295323504773,0.009492704075647248,0.28501916284195544,0,-0.5272300703076624,-0.701712663725091,0
T01627,R0138,Zone_7,-1.3799007200129825,-1.4328475559112168,-1.1712236555815294,2024-07-29,0.0,Ishaan Das,46.0,Female,Kolkata,2023-11-27 00:03:47.581311,-1.0039199666793377,-1.4330965567485814,3.53,11070.0,0.64,45.2,Industrial,Low,0,Monday,July,0,False,False,True,False,False,False,False,False,False,True,False,False,0.0,Low,3.7338528197566676,1.1568811967920856,3.40587727318528,-1.0852866552856026,-0.7591890866206448,0,1.3605875972161081,-1.0991663952706623,0
T01628,R0063,Zone_6,1.0453311371023943,0.1897371320526786,0.8572586353065851,2024-06-19,0.0,Diya Iyer,34.0,Male,Surat,2025-05-09 00:03:47.581311,-0.6131762355725101,1.3809839546849962,4.83,14627.0,0.54,37.6,Mixed,Low,0,Wednesday,June,1,False,True,False,False,False,False,False,False,True,False,False,False,0.0,Low,5.279287440641231,2.6078614738467776,8.179853299418028,1.8660996858153758,2.5599347384352944,0,-0.5272300703076624,1.285555994002765,0
T01629,R0260,Zone_2,-1.1581518976588334,-0.9294385295966182,-0.8824352576689656,2024-05-10,1.0,Reyansh Das,55.0,Female,Mumbai,2025-09-22 00:03:47.581311,-0.6131762355725101,0.6774638268266019,4.24,6371.0,0.91,58.4,Residential,Low,0,Friday,May,0,False,True,False,False,True,False,False,False,False,False,False,False,0.0,Low,4.156066620850098,1.4182774069729414,5.362835071116769,-1.0568040583165752,-0.4993508953180304,0,-1.0125669375727526,0.6893753966844082,0
T01630,R0067,Zone_5,-0.18245707930057797,-0.6170081024258448,0.4616526907593922,2023-04-01,0.0,Saanvi Iyer,32.0,Male,Pune,2025-11-04 00:03:47.581311,2.122029882175282,0.6774638268266019,3.38,2590.0,1.31,43.9,Business,Low,0,Saturday,April,1,False,True,False,False,False,False,False,True,False,False,False,False,0.0,Low,5.1127104187625525,2.1174596088673567,6.2777384462878025,0.35712645169762713,0.4338649281973977,0,-1.1660190353109798,-0.2736855682144758,0
T01631,R0177,Zone_1,1.0826783071830932,1.4755423548597215,1.3864850533192365,2024-07-15,1.0,Ishaan Reddy,34.0,Female,Bengaluru,2024-10-21 00:03:47.581311,1.3405424199616272,-1.4330965567485814,4.48,4921.0,2.43,30.9,Residential,Low,0,Monday,July,0,True,False,False,False,False,False,False,False,False,False,False,False,0.0,Low,5.465990490336171,2.6195832197798796,10.523307464861036,0.5084887550502762,0.11712398326918608,0,0.18650061684688218,-1.0991663952706623,0
T01632,R0007,Zone_8,1.2530747706762815,1.027578728296556,0.5810833794320587,2023-04-26,0.0,Ishaan Ghosh,18.0,Male,Mumbai,2025-03-18 00:03:47.581311,-0.6131762355725101,-0.026056301031792503,4.03,4516.0,1.93,31.0,Business,Low,0,Wednesday,April,1,True,False,False,False,False,False,False,False,False,False,True,False,0.0,Low,5.165985254498996,2.671386216730619,9.770875088752286,-0.8770690498568474,-1.008074892113964,0,-0.3416600916474808,0.09319479936605132,0
T01633,R0232,Zone_6,-0.4275478829551636,0.06300478976368894,-0.6397636603329755,2023-04-09,0.0,Meera Das,38.0,Male,Jaipur,2024-03-06 00:03:47.581311,2.122029882175282,-0.7295764288901869,3.94,14627.0,0.54,37.6,Mixed,Low,0,Sunday,April,1,True,False,False,False,False,False,False,False,True,False,False,False,0.0,Low,4.410249593617622,1.9823798288367047,7.911384202527394,-0.5435884582884439,-0.5039447609027993,0,1.0037222536388357,-0.8240061195852668,0
T01634,R0066,Zone_4,0.7092066063761056,0.6107114634987447,0.13949202120452084,2023-12-09,0.0,Arjun Patel,38.0,Female,Bengaluru,2024-06-06 00:03:47.581311,-1.394663697786165,0.6774638268266019,4.72,4038.0,2.46,48.2,Business,Low,0,Saturday,December,0,False,False,False,False,False,False,True,False,False,False,False,False,0.0,Low,4.953006181259619,2.495681722955959,9.01443287178955,1.488459736346715,0.4644921113903151,0,0.6754061375477453,1.5836462926619435,0
T01635,R0291,Zone_9,-1.8210641665912366,-1.6889524976202173,-1.486158045843775,2023-08-03,1.0,Arjun Ghosh,23.0,Female,Pune,2024-09-16 00:03:47.581311,-0.6131762355725101,1.3809839546849962,3.46,11037.0,1.83,56.1,Mixed,Low,0,Thursday,August,0,False,False,True,False,False,False,False,False,False,False,False,True,0.0,Low,2.8831233291713367,0.2546422183735807,1.6941074346097416,-0.20625478331043567,0.15371540942736683,0,0.3114034870989275,1.285555994002765,0
T01636,R0009,Zone_2,-0.5722681670178714,-0.7167511495977349,-0.8858513169709339,2024-05-28,1.0,Diya Patel,42.0,Male,Ahmedabad,2024-10-27 00:03:47.581311,-0.22243250446568272,1.3809839546849962,4.11,6371.0,0.91,58.4,Residential,Low,0,Tuesday,May,1,False,False,True,False,True,False,False,False,False,False,False,False,0.0,Low,4.151984341668515,1.8931119634883424,6.000833275470999,0.6935427258638249,0.03073324454087231,0,0.16508869623224584,0.9448813669637038,0
T01637,R0044,Zone_7,1.6919040191244918,1.8416580103612479,0.055535794513834745,2023-04-05,0.0,Arjun Gupta,36.0,Female,Hyderabad,2026-02-03 00:03:47.581311,0.9497986888547996,-0.026056301031792503,3.21,11070.0,0.64,45.2,Industrial,Low,0,Wednesday,April,0,True,False,False,False,False,False,False,False,False,True,False,False,0.0,Low,4.906829125370667,2.7936160894318567,11.10045044131093,1.2577507008975908,0.8630421587826856,0,-1.4907664979662976,-0.383749678488634,0
T01638,R0002,Zone_8,1.5471837350617843,1.208289660819745,0.24236796095226332,2023-02-08,1.0,Ishaan Nair,39.0,Male,Mumbai,2023-11-03 00:03:47.581311,-0.22243250446568272,0.6774638268266019,4.12,4516.0,1.93,31.0,Business,Low,0,Wednesday,February,1,False,False,False,False,False,False,False,False,False,False,True,False,0.0,Low,5.006828055753302,2.7549337870010606,10.081170566953025,1.603582745278179,1.2548252750750044,0,1.4462352796746534,0.43386942640511234,0
T01639,R0292,Zone_7,0.7605589652370661,0.5693474351127547,-0.4820993848575083,2023-12-11,0.0,Diya Patel,37.0,Male,Jaipur,2025-03-05 00:03:47.581311,0.5590549577479722,-1.4330965567485814,4.39,11070.0,0.64,45.2,Industrial,Low,0,Monday,December,1,False,False,True,False,False,False,False,False,False,True,False,False,0.0,Low,4.546375139477586,2.513656063073986,8.935882720806042,0.42789223196550363,-0.11737633993013644,0,-0.29526759698243543,-1.0991663952706623,0
T01640,R0124,Zone_7,-0.18712547556066522,-0.6683464355290235,-0.5816906521995119,2024-06-29,1.0,Aadhya Das,37.0,Male,Hyderabad,2024-08-14 00:03:47.581311,-1.0039199666793377,1.3809839546849962,3.59,11070.0,0.64,45.2,Industrial,Low,0,Saturday,June,1,False,True,False,False,False,False,False,False,False,True,False,False,0.0,Low,4.462569217389069,2.1150499691472033,6.136774397026503,0.25005606330371205,-0.04340549814636548,0,0.4291690504794273,1.7625004718574506,0
T01641,R0250,Zone_3,0.9683025988109532,0.9410369667797689,1.0488207300092778,2023-08-07,1.0,Aadhya Iyer,34.0,Female,Jaipur,2024-06-08 00:03:47.581311,0.5590549577479722,-0.026056301031792503,4.63,12971.0,2.11,38.0,Business,Low,0,Monday,August,0,False,False,False,False,False,True,False,False,False,False,False,False,0.0,Low,5.350957253872216,2.5832425505088623,9.618731725128837,0.16336420494280862,-0.12729298704116868,0,0.6682688306761998,-0.3042589321795199,0
T01642,R0271,Zone_8,-0.049407785888088515,0.4552296546719744,-0.7279242677030077,2023-05-11,1.0,Saanvi Iyer,22.0,Male,Bengaluru,2024-08-31 00:03:47.581311,0.16831122664114473,0.6774638268266019,4.37,4516.0,1.93,31.0,Business,Low,0,Thursday,May,1,False,True,False,False,False,False,False,False,False,False,True,False,0.0,Low,4.325191697921343,2.1838015570040787,8.71550342780037,0.021114913183699048,-0.45899565082452587,0,0.36850194207129106,0.2422399486956406,0
T01643,R0271,Zone_5,0.17467523459610412,0.2792125126039329,0.9971856797910622,2023-10-03,0.0,Saanvi Iyer,22.0,Male,Bengaluru,2024-11-13 00:03:47.581311,0.16831122664114473,0.6774638268266019,4.37,2590.0,1.31,43.9,Business,Low,0,Tuesday,October,1,True,False,False,False,False,False,False,True,False,False,False,False,0.0,Low,5.332138915023547,2.286455711064162,8.364209466530593,0.021114913183699048,-0.45899565082452587,0,0.10442158782410955,0.2422399486956406,1
T01644,R0155,Zone_10,0.0813073093943571,-0.4069609795579819,-0.31799715146679297,2023-08-26,0.0,Meera Reddy,23.0,Female,Hyderabad,2024-01-07 00:03:47.581311,0.16831122664114473,0.6774638268266019,3.14,2440.0,1.54,35.4,Industrial,Low,0,Saturday,August,0,False,False,True,True,False,False,False,False,False,False,False,False,0.0,Low,4.67077064307204,2.244955980157409,6.824221567329126,-0.2816354494267424,-0.5891103247938563,0,1.2142728063494264,0.2422399486956406,0
T01645,R0018,Zone_7,-0.9270662827845096,-0.6712800545634907,-1.0955448033533053,2023-05-07,1.0,Aarav Reddy,49.0,Female,Delhi,2025-12-15 00:03:47.581311,-0.6131762355725101,0.6774638268266019,3.29,11070.0,0.64,45.2,Industrial,Low,0,Sunday,May,0,True,False,False,False,False,False,False,False,False,True,False,False,0.0,Low,3.8628327612373745,1.6331544390514163,6.128621378417825,0.5539359082077526,1.4568179323009016,0,-1.3123338261776614,0.6893753966844082,0
T01646,R0157,Zone_3,0.8259165128782892,0.9023131955247999,0.5379884774687642,2024-01-24,1.0,Kavya Nair,36.0,Female,Hyderabad,2024-01-21 00:03:47.581311,0.9497986888547996,0.6774638268266019,4.65,12971.0,2.11,38.0,Business,Low,0,Wednesday,January,0,False,False,True,False,False,True,False,False,False,False,False,False,0.0,Low,5.147087417231756,2.5360749363624,9.549869109050658,1.9436902085930725,1.7634406609740068,0,1.1643116582486082,-0.02604132009762001,0
T01647,R0026,Zone_10,-1.2701934079009296,-1.2392286996363715,-1.3740850233599637,2023-09-29,1.0,Aarav Kumar,26.0,Female,Surat,2024-05-24 00:03:47.581311,0.5590549577479722,1.3809839546849962,3.17,2440.0,1.54,35.4,Industrial,Low,0,Friday,September,0,False,False,False,True,False,False,False,False,False,False,False,False,0.0,Low,3.2733640101522705,1.2947271675944,4.266145801540309,0.42330882555669486,-0.7222918137030796,0,0.7217986322127906,0.4906485309116225,0
T01648,R0196,Zone_3,0.884271466129381,1.5776322972591856,-0.15008469808542044,2024-06-05,1.0,Vivaan Das,18.0,Male,Hyderabad,2024-05-26 00:03:47.581311,1.7312861510684545,-0.026056301031792503,4.93,12971.0,2.11,38.0,Business,Low,0,Wednesday,June,1,True,False,False,False,False,True,False,False,False,False,False,False,0.0,Low,4.783818337415737,2.5556757206762075,10.687375730271674,-0.0564756095939968,-0.034067322116810524,0,0.7146613253412452,-0.5029857979523055,0
T01649,R0253,Zone_4,-1.1418125107485275,-0.942933177155168,-1.0546834786259132,2023-06-28,0.0,Ishaan Gupta,26.0,Male,Surat,2023-10-25 00:03:47.581311,-0.6131762355725101,0.6774638268266019,3.16,4038.0,2.46,48.2,Business,Low,0,Wednesday,June,1,False,True,False,False,False,False,True,False,False,False,False,False,0.0,Low,3.926123129806928,1.4350845252893227,5.319774431308154,-1.5626156941458604,-2.285889964854369,0,1.4783531605966078,0.6893753966844082,0
T01650,R0261,Zone_2,-0.8640429332733306,-1.0772929289337732,-1.0600703413713253,2024-03-29,1.0,Aarav Kumar,31.0,Male,Pune,2025-09-09 00:03:47.581311,-0.6131762355725101,-0.7295764288901869,4.24,6371.0,0.91,58.4,Residential,Low,0,Friday,March,1,False,False,False,False,True,False,False,False,False,False,False,False,0.0,Low,3.9180050771056933,1.6845453849209058,4.870318264754368,0.060892333088721017,-0.7171314843730796,0,-0.9661744429077073,-0.5029857979523055,0
T01651,R0097,Zone_2,-0.4415530717354256,0.022227485184592645,-0.36240592239238284,2024-01-23,0.0,Aarav Iyer,23.0,Male,Bengaluru,2026-02-17 00:03:47.581311,0.16831122664114473,-0.7295764288901869,3.28,6371.0,0.91,58.4,Residential,Low,0,Tuesday,January,1,False,True,False,False,True,False,False,False,False,False,False,False,0.0,Low,4.638604962074329,1.9740810260220096,7.8230428862431785,0.3459638424080422,0.319130592487773,0,-1.5407276460671158,-0.6520309472818946,0
T01652,R0214,Zone_10,-0.20346486247097098,-0.07194168582180957,0.4545577983629963,2024-05-16,0.0,Aarav Kumar,20.0,Female,Kolkata,2025-04-13 00:03:47.581311,-0.6131762355725101,-0.026056301031792503,4.53,2440.0,1.54,35.4,Industrial,Low,0,Thursday,May,0,False,False,True,True,False,False,False,False,False,False,False,False,0.0,Low,5.10945446171066,2.1065702090680882,7.61511654539837,-0.765102979013084,-0.5219388137376026,0,-0.4344450809775716,0.09319479936605132,1
T01653,R0250,Zone_5,0.2003514140265844,0.12431742758405681,-0.13931097259459693,2024-06-18,1.0,Aadhya Iyer,34.0,Male,Jaipur,2024-05-15 00:03:47.581311,0.5590549577479722,-1.4330965567485814,4.63,2590.0,1.31,43.9,Business,Low,0,Tuesday,June,1,False,True,False,False,False,False,False,True,False,False,False,False,0.0,Low,4.790653406119625,2.2975725511705014,8.04238770515324,0.16336420494280862,-0.12729298704116868,0,0.7539165131347452,-1.0991663952706623,0
T01654,R0125,Zone_1,0.9449606175105165,0.9979491760484356,2.026996172438322,2023-06-03,1.0,Saanvi Ghosh,44.0,Male,Ahmedabad,2024-11-26 00:03:47.581311,-0.6131762355725101,-1.4330965567485814,3.89,4921.0,2.43,30.9,Residential,Low,0,Saturday,June,1,False,True,False,False,False,False,False,False,False,False,False,False,0.0,Low,5.6534010450952765,2.5756610130564646,9.719053451854249,0.7091169537631454,1.6511842156771257,0,0.05802909315906416,-1.0991663952706623,1
T01655,R0196,Zone_6,1.5075023668510419,0.9008463860075664,0.504878979618916,2024-05-10,1.0,Vivaan Das,18.0,Female,Hyderabad,2024-03-31 00:03:47.581311,1.7312861510684545,-1.4330965567485814,4.93,14627.0,0.54,37.6,Mixed,Low,0,Friday,May,0,False,False,False,False,False,False,False,False,True,False,False,False,0.0,Low,5.132321812352855,2.744060638625243,9.547250913221042,-0.0564756095939968,-0.034067322116810524,0,0.9145059177445176,-1.0991663952706623,0
T01656,R0185,Zone_10,-1.7603750152101012,-1.612678402724066,-1.486158045843775,2023-06-10,0.0,Vivaan Sharma,27.0,Male,Delhi,2024-03-08 00:03:47.581311,-0.22243250446568272,-0.7295764288901869,4.05,2440.0,1.54,35.4,Industrial,Low,0,Saturday,June,1,False,False,True,True,False,False,False,False,False,False,False,False,0.0,Low,2.8831233291713367,0.4382549309311553,2.3388031127052997,-1.0869703555990426,-0.7481013307079293,0,0.9965849467672903,-0.5881544547120707,0
T01657,R0246,Zone_3,1.127028071653923,1.4136429932324601,0.9363535468367779,2023-08-16,0.0,Vivaan Das,29.0,Male,Mumbai,2023-10-02 00:03:47.581311,1.7312861510684545,-1.4330965567485814,4.79,12971.0,2.11,38.0,Business,Low,0,Wednesday,August,1,False,False,False,False,False,True,False,False,False,False,False,False,0.0,Low,5.309504555938601,2.6333266549062735,10.422571659624126,-0.6560833837178401,-0.025472894620583223,0,1.5604321896193805,-1.0991663952706623,0
T01658,R0184,Zone_1,-0.5629313744976967,-0.7833443016801438,0.05054309245711168,2024-03-30,1.0,Meera Nair,29.0,Male,Surat,2025-01-14 00:03:47.581311,0.16831122664114473,1.3809839546849962,3.97,4921.0,2.43,30.9,Residential,Low,0,Saturday,March,1,False,True,False,False,False,False,False,False,False,False,False,False,0.0,Low,4.904014725645983,1.8991179875485542,5.808614292583043,0.32607513245553066,0.7142263411364674,0,-0.11683492519379926,0.6893753966844082,1
T01659,R0086,Zone_8,-0.10542854100913673,0.2460626175144519,-0.2971066349662935,2023-07-01,0.0,Vivaan Patel,23.0,Male,Hyderabad,2025-12-31 00:03:47.581311,-0.6131762355725101,0.6774638268266019,4.56,4516.0,1.93,31.0,Business,Low,0,Saturday,July,1,False,True,False,False,False,False,False,False,False,False,True,False,0.0,Low,4.685551297934904,2.1564025828159643,8.296384754819414,1.5842201916736194,1.5382997160632135,0,-1.369432281150025,0.6893753966844082,0
T01660,R0095,Zone_1,-0.14510990921987915,-0.17227145680059325,0.6710834033493044,2023-03-09,0.0,Kavya Iyer,29.0,Male,Chennai,2026-01-27 00:03:47.581311,1.7312861510684545,-0.7295764288901869,4.26,4921.0,2.43,30.9,Residential,Low,0,Thursday,March,1,False,True,False,False,False,False,False,False,False,False,False,False,0.0,Low,5.204336303077143,2.136530508663963,7.387151006985034,-0.125226705726133,-0.16477424028860577,0,-1.4657859239158886,-0.8010760966114839,1
T01661,R0173,Zone_5,-0.5465919875873909,-0.6809609973772331,-1.0919973571551072,2023-11-15,1.0,Saanvi Ghosh,26.0,Male,Mumbai,2025-08-27 00:03:47.581311,-0.22243250446568272,-0.026056301031792503,4.28,2590.0,1.31,43.9,Business,Low,0,Wednesday,November,1,False,True,False,False,False,False,False,True,False,False,False,False,0.0,Low,3.8684890034044175,1.9095425048844386,6.10163912403872,-0.5557629067087025,-0.2286106884771609,0,-0.9197819482426619,-0.07714251415347918,0
T01662,R0149,Zone_4,-1.0601155761969991,-0.8390830633350237,-0.9302600878965237,2024-05-27,0.0,Diya Reddy,30.0,Female,Jaipur,2023-10-13 00:03:47.581311,-0.22243250446568272,-0.026056301031792503,4.57,4038.0,2.46,48.2,Business,Low,0,Monday,May,0,True,False,False,False,False,False,True,False,False,False,False,False,0.0,Low,4.0973400712018995,1.5151272329628591,5.642694391866354,-1.1972527261293666,-1.1747060449986992,0,1.5211770018258806,-0.07714251415347918,0
T01663,R0294,Zone_4,0.30539032987854997,0.782328177015085,-0.02158831357291467,2023-09-18,1.0,Arjun Reddy,24.0,Female,Surat,2025-07-30 00:03:47.581311,-0.22243250446568272,0.6774638268266019,3.2,4038.0,2.46,48.2,Business,Low,0,Monday,September,0,False,False,False,False,False,False,True,False,False,False,False,False,0.0,Low,4.862444596018447,2.341805806147327,9.333273809334,0.003225597353399086,-0.35171877904125626,0,-0.8198596520410256,0.43386942640511234,0
T01664,R0283,Zone_5,0.9262870324701671,0.5106750544234074,1.9021786210202438,2024-03-08,1.0,Diya Nair,19.0,Male,Surat,2025-07-24 00:03:47.581311,-0.22243250446568272,-0.7295764288901869,3.55,2590.0,1.31,43.9,Business,Low,0,Friday,March,1,False,False,True,False,False,False,False,True,False,False,False,False,0.0,Low,5.61953092220861,2.569554123848285,8.823264701911645,-0.0565457637737237,0.5216544986660485,0,-0.7984477314263894,-0.5881544547120707,1
T01665,R0293,Zone_1,-1.4919422302550787,-1.4973871746694989,-1.400362402605875,2023-02-13,1.0,Arjun Kumar,39.0,Male,Delhi,2025-05-18 00:03:47.581311,-1.394663697786165,-1.4330965567485814,3.2,4921.0,2.43,30.9,Residential,Low,0,Monday,February,1,False,False,True,False,False,False,False,False,False,False,False,False,0.0,Low,3.1945831322991562,0.9932517730102834,3.0659419433511785,-1.4653820010446967,-0.9793717079759219,0,-0.5593479512296169,-1.0991663952706623,0
T01666,R0247,Zone_9,-0.044739389628001065,-0.18664619006948335,0.14369640188386654,2024-05-03,1.0,Aadhya Das,37.0,Female,Bengaluru,2025-10-14 00:03:47.581311,1.7312861510684545,-1.4330965567485814,4.92,11037.0,1.83,56.1,Mixed,Low,0,Friday,May,0,False,False,True,False,False,False,False,False,False,False,False,True,0.0,Low,4.955263518561269,2.186051276738094,7.353910524340094,0.873628505222185,0.835705268246608,0,-1.0910773131597526,-1.0991663952706623,0
T01667,R0112,Zone_6,-0.7566698192913216,-1.0010188340376218,-1.0378659559085301,2024-08-21,1.0,Meera Nair,41.0,Male,Delhi,2023-11-03 00:03:47.581311,0.9497986888547996,1.3809839546849962,3.24,14627.0,0.54,37.6,Mixed,Low,0,Wednesday,August,1,False,False,True,False,False,False,False,False,True,False,False,False,0.0,Low,3.9510513923956245,1.766441661243765,5.130302135352264,0.5075780262443694,-0.49438155326572436,0,1.4462352796746534,0.3316670382933942,0
T01668,R0012,Zone_9,1.2577431669363688,0.8119577292632054,0.6659593143963516,2023-09-08,1.0,Aarav Das,31.0,Male,Hyderabad,2024-03-07 00:03:47.581311,-1.0039199666793377,1.3809839546849962,3.31,11037.0,1.83,56.1,Mixed,Low,0,Friday,September,1,True,False,False,False,False,False,False,False,False,False,False,True,0.0,Low,5.202191854450653,2.6727683869575705,9.387225362161068,-1.3375049622389241,-1.94707118856078,0,1.000153600203063,1.7625004718574506,0
T01669,R0018,Zone_9,0.5551495297932231,1.2877907366538108,1.6309960672024404,2023-02-11,1.0,Aarav Reddy,49.0,Male,Delhi,2024-10-11 00:03:47.581311,-0.6131762355725101,-1.4330965567485814,3.29,11037.0,1.83,56.1,Mixed,Low,0,Saturday,February,1,True,False,False,False,False,False,False,False,False,False,False,True,0.0,Low,5.541734022701802,2.4397349311412793,10.214695296483395,0.5539359082077526,1.4568179323009016,0,0.2221871512046094,-1.0991663952706623,1
T01670,R0027,Zone_9,1.738587981725365,1.2355723178402918,1.5620179466819235,2023-05-12,0.0,Ishaan Iyer,39.0,Female,Jaipur,2024-05-26 00:03:47.581311,0.16831122664114473,-0.026056301031792503,3.98,11037.0,1.83,56.1,Mixed,Low,0,Friday,May,0,False,False,True,False,False,False,False,False,False,False,False,True,0.0,Low,5.520940782615359,2.805781689595545,10.12719112093773,-0.5085140666627909,-0.7764936358293952,0,0.7146613253412452,-0.204895499293127,0
T01671,R0132,Zone_9,-1.8280667609813677,-1.7133015356062964,-1.486158045843775,2023-12-06,0.0,Aadhya Iyer,23.0,Male,Surat,2026-03-18 00:03:47.581311,1.3405424199616272,-0.026056301031792503,3.32,11037.0,1.83,56.1,Mixed,Low,0,Wednesday,December,1,False,False,True,False,False,False,False,False,False,False,False,True,0.0,Low,2.8831233291713367,0.23111172096338664,1.42828568570857,-1.0504646715303652,-0.9341307618375628,0,-1.6442185957045246,-0.4487875618324548,0
T01672,R0263,Zone_10,1.1853830249050148,0.7371504438842874,2.026996172438322,2024-03-08,1.0,Ishaan Das,31.0,Female,Chennai,2025-07-12 00:03:47.581311,1.7312861510684545,1.3809839546849962,3.84,2440.0,1.54,35.4,Industrial,Low,0,Friday,March,0,False,False,True,True,False,False,False,False,False,False,False,False,0.0,Low,5.6534010450952765,2.6511270537025893,9.250405396521819,0.3692901071671584,-0.09128086669907033,0,-0.7556238901971166,0.09319479936605132,1
T01673,R0065,Zone_9,0.16767264020597325,0.6312467967400158,-0.7075592987874265,2023-12-21,0.0,Meera Nair,43.0,Male,Mumbai,2024-07-01 00:03:47.581311,-1.7854074288929924,0.6774638268266019,4.52,11037.0,1.83,56.1,Mixed,Low,0,Thursday,December,1,False,False,False,False,False,False,False,False,False,False,False,True,0.0,Low,4.345492309945908,2.2834022735772717,9.053176238205019,0.048124272378467295,0.40504732120807374,0,0.5861898016534272,2.4779171886394784,0
T01674,R0195,Zone_10,-0.8687113295334178,-0.6888817687702949,-0.6032381031811591,2023-05-31,0.0,Aadhya Reddy,33.0,Female,Kolkata,2025-06-19 00:03:47.581311,0.5590549577479722,-1.4330965567485814,4.97,2440.0,1.54,35.4,Industrial,Low,0,Wednesday,May,0,False,False,False,True,False,False,False,False,False,False,False,False,0.0,Low,4.443474446987793,1.6808279085207734,6.079473661428265,-0.1640219671149804,-0.4615941796508422,0,-0.673544861174344,-1.0991663952706623,0
T01675,R0138,Zone_1,0.5504811335331354,-0.203661180469394,0.5335213229969593,2024-03-12,1.0,Ishaan Das,46.0,Female,Kolkata,2023-08-31 00:03:47.581311,-1.0039199666793377,1.3809839546849962,3.53,4921.0,2.43,30.9,Residential,Low,0,Tuesday,March,0,False,False,True,False,False,False,False,False,False,False,False,False,0.0,Low,5.14510791029753,2.4379897300002487,7.314369419163897,-1.0852866552856026,-0.7591890866206448,0,1.6746290995641075,1.7625004718574506,0
T01676,R0213,Zone_1,1.8062797274966318,0.7072275297327205,2.026996172438322,2024-06-26,1.0,Kavya Ghosh,29.0,Male,Chennai,2024-02-05 00:03:47.581311,0.5590549577479722,1.3809839546849962,3.74,4921.0,2.43,30.9,Residential,Low,0,Wednesday,June,1,False,True,False,False,False,False,False,False,False,False,False,False,0.0,Low,5.6534010450952765,2.8231630082027146,9.195107394696377,-0.7683768407336619,-0.43676583355062903,0,1.1107818567120173,0.4906485309116225,0
T01677,R0089,Zone_10,1.8506294919674615,1.0437136329861265,1.9301640299171392,2023-08-11,0.0,Saanvi Reddy,48.0,Female,Surat,2026-01-13 00:03:47.581311,0.5590549577479722,-1.4330965567485814,3.91,2440.0,1.54,35.4,Industrial,Low,0,Friday,August,0,False,True,False,True,False,False,False,False,False,False,False,False,0.0,Low,5.627225351934046,2.834389123145228,9.798979538707078,1.1134388762545167,0.9096210175464279,0,-1.4158247758150704,-1.0991663952706623,0
T01678,R0147,Zone_9,0.9379580231203852,1.2616815272470514,1.5930252541920986,2024-06-18,1.0,Saanvi Nair,35.0,Male,Mumbai,2024-12-20 00:03:47.581311,0.16831122664114473,-1.4330965567485814,3.91,11037.0,1.83,56.1,Mixed,Low,0,Tuesday,June,1,False,False,False,False,False,False,False,False,False,False,False,True,0.0,Low,5.530341369668184,2.5733752977756086,10.171037311896953,-0.08716806322441498,-0.018448602916935477,0,-0.027618589299481185,-1.0991663952706623,0
T01679,R0204,Zone_10,-1.1791596808292264,-1.2345349091812234,-1.0965958985231417,2024-06-18,0.0,Aarav Kumar,37.0,Female,Hyderabad,2024-09-18 00:03:47.581311,-0.22243250446568272,-0.026056301031792503,3.73,2440.0,1.54,35.4,Industrial,Low,0,Tuesday,June,0,False,True,False,True,False,False,False,False,False,False,False,False,0.0,Low,3.8611506750543896,1.3962446919730587,4.28485705712571,0.9402048217827945,-0.040288837625756295,0,0.30426618022738205,-0.07714251415347918,0
T01680,R0067,Zone_2,0.34040330182920514,0.2965208649072904,0.12254311159090822,2023-12-03,0.0,Saanvi Iyer,32.0,Male,Pune,2025-01-11 00:03:47.581311,2.122029882175282,0.6774638268266019,3.38,6371.0,0.91,58.4,Residential,Low,0,Sunday,December,1,True,False,False,False,True,False,False,False,False,False,False,False,0.0,Low,4.943854260405905,2.3561258599220753,8.399404740813482,0.35712645169762713,0.4338649281973977,0,-0.10612896488648109,-0.2736855682144758,0
T01681,R0090,Zone_4,0.37775047190990396,0.7101611487671882,1.0904703761140468,2023-03-28,0.0,Kavya Iyer,33.0,Male,Mumbai,2025-01-18 00:03:47.581311,0.5590549577479722,0.6774638268266019,4.51,4038.0,2.46,48.2,Business,Low,0,Tuesday,March,1,False,False,False,False,False,False,True,False,False,False,False,False,0.0,Low,5.3658825527104606,2.3711778844596574,9.200543462209176,1.1461774934602955,1.3604244495494093,0,-0.13110953893689015,0.09319479936605132,0
T01682,R0162,Zone_5,1.428139630429557,1.3303282126535876,2.026996172438322,2023-05-26,1.0,Meera Patel,30.0,Female,Hyderabad,2025-04-14 00:03:47.581311,-0.6131762355725101,-1.4330965567485814,4.28,2590.0,1.31,43.9,Business,Low,0,Friday,May,0,True,False,False,False,False,False,False,True,False,False,False,False,0.0,Low,5.6534010450952765,2.7219531062712017,10.285426583277916,0.44982710549337585,0.5025610177998875,0,-0.43801373441334435,-1.0991663952706623,0
T01683,R0225,Zone_10,-0.2128016549911457,-0.6885884068668483,0.11176938610008472,2023-08-13,0.0,Ishaan Sharma,39.0,Male,Delhi,2023-12-07 00:03:47.581311,-0.6131762355725101,-0.7295764288901869,4.08,2440.0,1.54,35.4,Industrial,Low,0,Sunday,August,1,False,False,True,True,False,False,False,False,False,False,False,False,0.0,Low,4.937992914104144,2.1016921506146558,6.080296045424104,-0.02160898226984245,-0.589372014092619,0,1.3249010628583808,-0.5029857979523055,0
T01684,R0100,Zone_10,-0.0027238232872150076,0.4461354356651259,-0.8397345163943598,2023-05-28,0.0,Ishaan Gupta,28.0,Male,Delhi,2024-06-08 00:03:47.581311,1.7312861510684545,1.3809839546849962,3.79,2440.0,1.54,35.4,Industrial,Low,0,Sunday,May,1,False,True,False,True,False,False,False,False,False,False,False,False,0.0,Low,4.205736850111646,2.206074192613202,8.697700845625814,0.21361798235368046,0.23335159497734753,0,0.6682688306761998,0.09319479936605132,0
T01685,R0134,Zone_10,-0.7846801968518455,-0.48235498874379296,-0.20053726623756996,2024-07-02,1.0,Aadhya Singh,34.0,Female,Jaipur,2025-04-28 00:03:47.581311,-0.22243250446568272,1.3809839546849962,4.59,2440.0,1.54,35.4,Industrial,Low,0,Tuesday,July,0,True,False,False,True,False,False,False,False,False,False,False,False,0.0,Low,4.751173480107934,1.7457155307266483,6.6332495807108,-0.06917351612452413,0.824112235552521,0,-0.48797488251416243,0.9448813669637038,1
T01686,R0209,Zone_3,0.7582247671070225,0.9169812906971367,0.2599738050470239,2024-05-15,1.0,Vivaan Sharma,31.0,Male,Surat,2024-06-28 00:03:47.581311,0.16831122664114473,-1.4330965567485814,3.77,12971.0,2.11,38.0,Business,Low,0,Wednesday,May,1,True,False,False,False,False,True,False,False,False,False,False,False,0.0,Low,5.0157554967908276,2.5128460184772416,9.57601169589929,-0.45768736345081856,-1.2266267759443161,0,0.5968957619607453,-1.0991663952706623,0
T01687,R0262,Zone_1,-0.2734908063722811,-0.06636780965632165,-0.15678542979312785,2024-02-17,1.0,Meera Singh,30.0,Male,Ahmedabad,2025-03-10 00:03:47.581311,0.5590549577479722,-0.7295764288901869,3.35,4921.0,2.43,30.9,Residential,Low,0,Saturday,February,1,False,True,False,False,False,False,False,False,False,False,False,False,0.0,Low,4.779543572932872,2.0693912058263346,7.6275815302099526,-0.8646283753186516,-0.7437044257983821,0,-0.313110864161299,-0.701712663725091,0
T01688,R0244,Zone_9,0.19568301776649716,0.4317607023962356,1.0569667175755104,2024-02-20,0.0,Aadhya Iyer,24.0,Female,Kolkata,2025-08-04 00:03:47.581311,-1.394663697786165,-0.026056301031792503,3.13,11037.0,1.83,56.1,Mixed,Low,0,Tuesday,February,0,False,False,False,False,False,False,False,False,False,False,False,True,0.0,Low,5.353893974436778,2.295560478057081,8.669486720677297,0.43362148997651534,1.0600694091337033,0,-0.8377029192198893,0.6893753966844082,1
T01689,R0140,Zone_4,-0.5699339688878275,-0.474434217350731,-0.7222746311651367,2024-04-26,0.0,Aadhya Nair,29.0,Female,Delhi,2024-02-23 00:03:47.581311,-1.394663697786165,-1.4330965567485814,4.92,4038.0,2.46,48.2,Business,Low,0,Friday,April,0,False,False,False,False,False,False,True,False,False,False,False,False,0.0,Low,4.330864910577949,1.8946168546677629,6.653570470055908,-2.4274062676365133,-2.275394846661859,0,1.0465460948681085,-1.0991663952706623,0
T01690,R0108,Zone_2,0.0346233467934838,-0.36530358926854534,0.314893527670978,2023-06-04,0.0,Reyansh Gupta,18.0,Male,Pune,2023-11-15 00:03:47.581311,-0.22243250446568272,-1.4330965567485814,4.88,6371.0,0.91,58.4,Residential,Low,0,Sunday,June,1,True,False,False,False,True,False,False,False,False,False,False,False,0.0,Low,5.043102484233757,2.2235418856535927,6.927481504847198,-1.0979144076364031,-0.16523859122475718,0,1.4034114384453806,-1.0991663952706623,0
T01691,R0091,Zone_7,-1.2818643985511482,-1.0755327575130926,-1.2408587105831943,2023-11-27,1.0,Meera Das,41.0,Male,Surat,2024-02-01 00:03:47.581311,-0.22243250446568272,1.3809839546849962,3.4,11070.0,0.64,45.2,Industrial,Low,0,Monday,November,1,True,False,False,False,False,False,False,False,False,True,False,False,0.0,Low,3.5984075509498608,1.2809338454620642,4.876474136094644,-0.5692325092162233,-0.029616636449121925,0,1.1250564704551083,0.9448813669637038,0
T01692,R0144,Zone_3,0.16533844207592963,0.17917610352859611,0.10467449370368842,2023-02-07,1.0,Ishaan Kumar,34.0,Female,Pune,2025-01-10 00:03:47.581311,0.5590549577479722,-1.4330965567485814,3.52,12971.0,2.11,38.0,Business,Low,0,Tuesday,February,0,False,False,True,False,False,True,False,False,False,False,False,False,0.0,Low,4.934114156188513,2.2823823856765264,8.15781833580523,0.7624808998085651,1.2620660015370258,0,-0.10256031145070837,-1.0991663952706623,0
T01693,R0092,Zone_2,-0.72399104547071,-0.6469310165774117,-1.0839827564851046,2024-06-18,1.0,Aarav Nair,21.0,Female,Surat,2024-05-15 00:03:47.581311,-1.394663697786165,-1.4330965567485814,4.51,6371.0,0.91,58.4,Residential,Low,0,Tuesday,June,0,False,False,False,False,True,False,False,False,False,False,False,False,0.0,Low,3.881151341761059,1.7900914121273581,6.1959664298638675,0.8476013045435914,-0.2801654479222516,0,0.7539165131347452,-1.0991663952706623,0
T01694,R0288,Zone_2,0.7955719371877212,0.6233260253469541,1.2123974158150748,2024-02-27,1.0,Diya Ghosh,42.0,Male,Ahmedabad,2023-10-10 00:03:47.581311,0.16831122664114473,-1.4330965567485814,4.56,6371.0,0.91,58.4,Residential,Low,0,Tuesday,February,1,True,False,False,False,True,False,False,False,False,False,False,False,0.0,Low,5.408337011586586,2.5257286443082556,9.038252043398657,-0.932069926762557,-0.9116905914431296,0,1.5318829621331986,-1.0991663952706623,0
T01696,R0063,Zone_6,0.9659684006809095,0.127251046618524,1.797331877829058,2023-11-26,0.0,Diya Iyer,34.0,Female,Surat,2024-12-01 00:03:47.581311,-0.6131762355725101,1.3809839546849962,4.83,14627.0,0.54,37.6,Mixed,Low,0,Sunday,November,0,False,False,False,False,False,False,False,False,True,False,False,False,0.0,Low,5.590165747869233,2.5824869781268642,8.048602363143553,1.8660996858153758,2.5599347384352944,0,0.04018582598020055,1.285555994002765,1
T01697,R0075,Zone_10,-1.3285483611520215,-1.2926205660636771,-1.3932675102094791,2023-08-14,0.0,Diya Reddy,18.0,Male,Mumbai,2023-09-07 00:03:47.581311,-1.7854074288929924,-0.026056301031792503,4.83,2440.0,1.54,35.4,Industrial,Low,0,Monday,August,1,False,True,False,True,False,False,False,False,False,False,False,False,0.0,Low,3.2164729402518906,1.2237754316221157,4.047221268969612,-0.5863501290695303,-0.33175955914159194,0,1.6496485255136986,1.285555994002765,0
T01698,R0096,Zone_3,-0.4415530717354256,0.03542877083969563,-0.4781577779706217,2023-01-25,1.0,Reyansh Das,40.0,Male,Kolkata,2023-10-01 00:03:47.581311,-1.0039199666793377,-0.026056301031792503,4.46,12971.0,2.11,38.0,Business,Low,0,Wednesday,January,1,False,True,False,False,False,True,False,False,False,False,False,False,0.0,Low,4.549551762225079,1.9740810260220096,7.85175139698144,-1.5378652995382918,-1.9079995989433145,0,1.5640008430551533,0.3316670382933942,0
T01699,R0119,Zone_2,-1.8770849217122845,-1.759065992543987,-1.486158045843775,2023-08-19,1.0,Saanvi Iyer,47.0,Male,Hyderabad,2024-11-22 00:03:47.581311,-1.0039199666793377,-1.4330965567485814,4.39,6371.0,0.91,58.4,Residential,Low,0,Saturday,August,1,False,False,True,False,True,False,False,False,False,False,False,False,0.0,Low,2.8831233291713367,0.048790164169432,0.6928203230275509,-1.3233618796060276,-1.5259442412456272,0,0.07230370690215505,-1.0991663952706623,0
T01700,R0237,Zone_9,-0.0050580214172586315,-0.37410444637194756,-0.29973437289088467,2023-01-08,0.0,Aadhya Nair,40.0,Male,Chennai,2025-06-14 00:03:47.581311,0.5590549577479722,1.3809839546849962,3.71,11037.0,1.83,56.1,Mixed,Low,0,Sunday,January,1,False,True,False,False,False,False,False,False,False,False,False,True,0.0,Low,4.683704063642198,2.2049722641270453,6.905794668247818,0.41938019149200184,0.583473512561381,0,-0.6557015939954804,0.4906485309116225,0
T01701,R0224,Zone_8,-1.6856806750487034,-1.5490188696761242,-1.486158045843775,2023-10-22,1.0,Ishaan Sharma,29.0,Male,Ahmedabad,2024-11-29 00:03:47.581311,-0.22243250446568272,-0.026056301031792503,4.31,4516.0,1.93,31.0,Business,Low,0,Sunday,October,1,True,False,False,False,False,False,False,False,False,False,True,False,0.0,Low,2.8831233291713367,0.6259384308664953,2.7640549922170505,-1.2570240872564888,-1.856499144946689,0,0.047323132851746,-0.07714251415347918,0
T01702,R0242,Zone_1,-1.424250484483812,-1.4797854604626945,-1.1524353294207028,2023-05-11,0.0,Kavya Iyer,34.0,Female,Ahmedabad,2024-02-01 00:03:47.581311,-0.22243250446568272,-0.026056301031792503,4.54,4921.0,2.43,30.9,Residential,Low,0,Thursday,May,0,False,True,False,False,False,False,False,False,False,False,False,False,0.0,Low,3.7674595542367935,1.095273387402595,3.1622776601683795,-2.5568407292322184,-2.7290224243301915,0,1.1250564704551083,-0.07714251415347918,0
T01703,R0246,Zone_3,1.2577431669363688,0.8125444530700987,1.8911421217369613,2023-02-19,1.0,Vivaan Das,29.0,Female,Mumbai,2024-08-24 00:03:47.581311,1.7312861510684545,-0.026056301031792503,4.79,12971.0,2.11,38.0,Business,Low,0,Sunday,February,0,False,False,True,False,False,True,False,False,False,False,False,False,0.0,Low,5.616480146253404,2.6727683869575705,9.38829057922687,-0.6560833837178401,-0.025472894620583223,0,0.3934825161217001,-0.5029857979523055,0
T01704,R0282,Zone_5,0.9846419857212589,1.5576836878248077,1.8664413852458048,2024-07-15,1.0,Reyansh Kumar,22.0,Female,Bengaluru,2025-10-30 00:03:47.581311,0.5590549577479722,1.3809839546849962,4.47,2590.0,1.31,43.9,Business,Low,0,Monday,July,0,False,False,True,False,False,False,False,True,False,False,False,False,0.0,Low,5.609618304598452,2.58851563240702,10.655515003977987,1.3124896688656529,0.8859312494478517,0,-1.148175768132116,0.4906485309116225,1
T01705,R0288,Zone_7,-1.795387987160756,-1.6651901834410316,-1.486158045843775,2023-11-12,0.0,Diya Ghosh,42.0,Female,Ahmedabad,2025-02-23 00:03:47.581311,0.16831122664114473,1.3809839546849962,4.56,11070.0,0.64,45.2,Industrial,Low,0,Sunday,November,0,False,True,False,False,False,False,False,False,False,True,False,False,0.0,Low,2.8831233291713367,0.33647223662121295,1.9183326093250879,-0.932069926762557,-0.9116905914431296,0,-0.2595810626247082,0.6893753966844082,0
T01706,R0164,Zone_6,-0.5442577894573473,-0.5339866837504184,-0.5652672901708174,2023-01-26,1.0,Aadhya Ghosh,37.0,Male,Ahmedabad,2025-01-07 00:03:47.581311,1.7312861510684545,-1.4330965567485814,4.02,14627.0,0.54,37.6,Mixed,Low,0,Thursday,January,1,False,True,False,False,False,False,False,False,True,False,False,False,0.0,Low,4.47688216568656,1.9110228900548727,6.499230723708768,0.1561617091575382,0.5640717761302595,0,-0.0918543511433902,-1.0991663952706623,0
T01707,R0266,Zone_8,0.5201365578425678,-0.17960550438676165,0.7781637237763926,2023-09-07,0.0,Diya Reddy,29.0,Male,Chennai,2023-10-07 00:03:47.581311,0.5590549577479722,0.6774638268266019,3.9,4516.0,1.93,31.0,Business,Low,0,Thursday,September,1,False,True,False,False,False,False,False,False,False,False,True,False,0.0,Low,5.24812872496475,2.4265710727750367,7.370210309075311,0.009492704075647248,0.28501916284195544,0,1.542588922440517,0.09319479936605132,0
T01708,R0080,Zone_8,0.43610542516099576,0.029268170867314154,0.13975479499698007,2024-08-03,0.0,Reyansh Kumar,19.0,Male,Mumbai,2025-12-21 00:03:47.581311,-0.6131762355725101,-0.026056301031792503,4.6,4516.0,1.93,31.0,Business,Low,0,Saturday,August,1,False,True,False,False,False,False,False,False,False,False,True,False,0.0,Low,4.953147414223628,2.3942522815198695,7.83836717690617,0.6442944916957033,0.3513872418406023,0,-1.3337457467922977,0.09319479936605132,0
T01709,R0285,Zone_8,-1.8560771385418917,-1.751438583054372,-1.486158045843775,2023-10-24,1.0,Diya Iyer,29.0,Male,Chennai,2025-02-05 00:03:47.581311,0.5590549577479722,0.6774638268266019,4.97,4516.0,1.93,31.0,Business,Low,0,Tuesday,October,1,False,False,True,False,False,False,False,False,False,False,True,False,0.0,Low,2.8831233291713367,0.13102826240640408,0.8602325267042626,-0.6505178187928573,-0.1994641410159006,0,-0.19534530078079917,0.09319479936605132,0
T01710,R0230,Zone_10,0.2820483485781133,0.7617928437738134,0.888922877297908,2023-12-14,1.0,Kavya Gupta,32.0,Female,Chennai,2025-04-23 00:03:47.581311,0.16831122664114473,1.3809839546849962,3.65,2440.0,1.54,35.4,Industrial,Low,0,Thursday,December,0,False,True,False,True,False,False,False,False,False,False,False,False,0.0,Low,5.2914941411999115,2.33214389523559,9.29569792968769,-0.4473746990309987,-0.4927535703649966,0,-0.47013161533529885,0.6893753966844082,0
T01711,R0037,Zone_3,-0.7309936398608411,-0.7798239588387831,-0.7950629716763108,2023-10-06,0.0,Aadhya Iyer,32.0,Male,Ahmedabad,2023-09-29 00:03:47.581311,0.16831122664114473,1.3809839546849962,3.36,12971.0,2.11,38.0,Business,Low,0,Friday,October,1,False,False,False,False,False,True,False,False,False,False,False,False,0.0,Low,4.255187087338931,1.7850704810772584,5.818934610390462,0.9838757986626461,1.0679200880966029,0,1.5711381499266988,0.6893753966844082,0
T01712,R0141,Zone_2,1.376787271568596,1.9994867144155912,0.4686161962595587,2023-11-08,0.0,Arjun Das,25.0,Male,Jaipur,2024-05-19 00:03:47.581311,-1.394663697786165,1.3809839546849962,4.29,6371.0,0.91,58.4,Residential,Low,0,Wednesday,November,1,False,True,False,False,True,False,False,False,False,False,False,False,0.0,Low,5.115895804753749,2.7073833121145063,11.34019400186787,-0.30152415937925287,0.18814821189622805,0,0.7396418993916543,2.4779171886394784,0
T01713,R0030,Zone_9,-0.25481722133193174,-0.02559050507722536,0.5210395678551513,2024-03-26,0.0,Saanvi Patel,25.0,Female,Mumbai,2025-09-19 00:03:47.581311,1.3405424199616272,0.6774638268266019,3.72,11037.0,1.83,56.1,Mixed,Low,0,Tuesday,March,0,False,False,True,False,False,False,False,False,False,False,False,True,0.0,Low,5.139556074163095,2.0794415416798357,7.718160402582988,-0.4263475780711049,0.3973443902703131,0,-1.0018609772654345,-0.12359814511335115,1
T01714,R0246,Zone_1,0.39875825508029694,-0.26497381828976185,0.9548790992051452,2024-02-14,1.0,Vivaan Das,29.0,Female,Mumbai,2024-03-07 00:03:47.581311,1.7312861510684545,1.3809839546849962,4.79,4921.0,2.43,30.9,Residential,Low,0,Wednesday,February,0,False,False,False,False,False,False,False,False,False,False,False,False,0.0,Low,5.316451936743519,2.379546134130174,7.170076708097341,-0.6560833837178401,-0.025472894620583223,0,1.000153600203063,0.09319479936605132,0
T01715,R0199,Zone_9,-0.1497783054799664,0.08999408488078847,-0.3261431390330255,2023-01-03,0.0,Aarav Das,29.0,Female,Ahmedabad,2025-08-22 00:03:47.581311,0.9497986888547996,-1.4330965567485814,3.91,11037.0,1.83,56.1,Mixed,Low,0,Tuesday,January,0,False,False,False,False,False,False,False,False,False,False,False,True,0.0,Low,4.664947390023952,2.134166441369082,7.969316156358712,0.24946676819400834,0.9689188944381358,0,-0.9019386810637983,-1.0991663952706623,0
T01716,R0178,Zone_4,0.7558905689769788,1.5386151641007697,1.0260907969615647,2023-03-29,1.0,Saanvi Ghosh,27.0,Female,Delhi,2025-01-27 00:03:47.581311,-0.22243250446568272,1.3809839546849962,3.13,4038.0,2.46,48.2,Business,Low,0,Wednesday,March,0,False,True,False,False,False,False,True,False,False,False,False,False,0.0,Low,5.342716953844721,2.512035317176253,10.624970588194586,0.5571630004751797,0.6169959773192546,0,-0.16322741985884465,0.9448813669637038,0
T01717,R0048,Zone_1,-0.9177294902643349,-0.8132672158317109,-1.0377345690123005,2023-12-22,1.0,Kavya Sharma,35.0,Male,Hyderabad,2025-04-24 00:03:47.581311,-1.0039199666793377,-0.7295764288901869,3.02,4921.0,2.43,30.9,Residential,Low,0,Friday,December,1,False,False,True,False,False,False,False,False,False,False,False,False,0.0,Low,3.9512437185814275,1.6409365794934714,5.720139858430037,-1.3351477818001083,-0.9495887111524564,0,-0.4737002687710716,-0.383749678488634,0
T01718,R0087,Zone_10,0.7582247671070225,0.05391057075684006,1.173638281427356,2023-11-24,0.0,Saanvi Das,26.0,Male,Jaipur,2024-11-15 00:03:47.581311,-1.7854074288929924,0.6774638268266019,3.57,2440.0,1.54,35.4,Industrial,Low,0,Friday,November,1,False,False,True,True,False,False,False,False,False,False,False,False,0.0,Low,5.395035645424474,2.5128460184772416,7.891767862779544,0.45080926400954935,-0.18069596815020697,0,0.09728428095256411,2.4779171886394784,0
T01719,R0146,Zone_6,1.3884582622188142,0.8902853574834839,1.0275360528200896,2023-05-21,0.0,Kavya Gupta,30.0,Female,Surat,2025-09-18 00:03:47.581311,-0.22243250446568272,-0.7295764288901869,3.89,14627.0,0.54,37.6,Mixed,Low,0,Sunday,May,0,False,False,True,False,False,False,False,False,True,False,False,False,0.0,Low,5.343242929901029,2.7107133185216936,9.528378665859162,0.9090563659841525,0.13499970559400737,0,-0.9982923238296618,-0.5881544547120707,0
T01720,R0261,Zone_5,2.121396475052528,1.6938036110240933,0.14474749705370316,2023-08-22,1.0,Aarav Kumar,31.0,Male,Pune,2024-05-05 00:03:47.581311,-0.6131762355725101,1.3809839546849962,4.24,2590.0,1.31,43.9,Business,Low,0,Tuesday,August,1,False,True,False,False,False,False,False,True,False,False,False,False,0.0,Low,4.955827057601261,2.900322088749333,10.871062505569546,0.060892333088721017,-0.7171314843730796,0,0.7896030474924723,1.285555994002765,0
T01721,R0290,Zone_9,1.827287510667025,1.6497993255070829,0.9211126668741494,2023-06-22,0.0,Saanvi Kumar,34.0,Male,Chennai,2023-12-13 00:03:47.581311,0.5590549577479722,-1.4330965567485814,4.28,11037.0,1.83,56.1,Mixed,Low,0,Thursday,June,1,False,False,True,False,False,False,False,False,False,False,False,True,0.0,Low,5.303752569037976,2.8284963541780774,10.80185169311262,-0.30152415937925287,-0.3385542988287802,0,1.3034891422437445,-1.0991663952706623,0
T01722,R0272,Zone_5,-0.6469625071792688,-0.6504513594187725,-1.0079097435681912,2023-09-12,1.0,Kavya Ghosh,21.0,Male,Kolkata,2025-12-10 00:03:47.581311,-0.22243250446568272,-0.026056301031792503,4.79,2590.0,1.31,43.9,Business,Low,0,Tuesday,September,1,True,False,False,False,False,False,False,True,False,False,False,False,0.0,Low,3.9939715880753135,1.843719208158766,6.1862751312886175,-1.376566809510734,-0.9433648345370564,0,-1.2944905589987978,-0.07714251415347918,0
T01723,R0031,Zone_6,0.6531858512550573,1.3687586220051096,1.2867623990810035,2023-09-24,0.0,Reyansh Nair,29.0,Female,Hyderabad,2025-11-27 00:03:47.581311,-1.7854074288929924,1.3809839546849962,4.62,14627.0,0.54,37.6,Mixed,Low,0,Sunday,September,0,True,False,False,False,False,False,False,False,True,False,False,False,0.0,Low,5.4333725975409015,2.4756977107026903,10.348912986396204,0.545096481562193,0.009483286445803256,0,-1.2480980643337525,3.670278383276192,0
T01724,R0300,Zone_1,0.9216186362100794,1.4450327169012611,0.5144702230436735,2024-04-27,0.0,Saanvi Iyer,38.0,Male,Kolkata,2025-05-10 00:03:47.581311,-0.6131762355725101,-1.4330965567485814,3.67,4921.0,2.43,30.9,Residential,Low,0,Saturday,April,1,False,True,False,False,False,False,False,False,False,False,False,False,0.0,Low,5.136621627547738,2.5680215564985067,10.47377677822093,0.6217048458237153,1.1947980786338606,0,-0.5307987237434351,-1.0991663952706623,0
T01725,R0103,Zone_6,0.667191040035319,1.2760562605159411,1.6196967941266984,2024-02-21,1.0,Ishaan Gupta,37.0,Female,Surat,2024-10-24 00:03:47.581311,0.5590549577479722,0.6774638268266019,3.07,14627.0,0.54,37.6,Mixed,Low,0,Wednesday,February,0,False,True,False,False,False,False,False,False,True,False,False,False,0.0,Low,5.538357365521977,2.4807312783775197,10.195096860746347,-0.09134223691815115,0.09274639385583802,0,0.17579465653956403,0.09319479936605132,1
T01726,R0057,Zone_8,0.8585952866989004,0.2660112269488301,-0.014230647384059505,2024-08-01,0.0,Aadhya Reddy,39.0,Male,Bengaluru,2026-02-05 00:03:47.581311,1.7312861510684545,-0.7295764288901869,3.66,4516.0,1.93,31.0,Business,Low,0,Thursday,August,1,False,True,False,False,False,False,False,False,False,False,True,False,0.0,Low,4.866764923676554,2.547098670044448,8.337265738837884,-0.7498795220123965,-0.9787656906524701,0,-1.497903804837843,-0.8010760966114839,0
T01727,R0151,Zone_2,0.47345259524169414,1.1255616040477658,-0.14561754361361548,2023-07-18,1.0,Meera Reddy,34.0,Male,Hyderabad,2024-09-18 00:03:47.581311,-0.22243250446568272,-0.7295764288901869,5.0,6371.0,0.91,58.4,Residential,Low,0,Tuesday,July,1,False,False,True,False,True,False,False,False,False,False,False,False,0.0,Low,4.786658062033468,2.4087452888224363,9.940321926376429,0.5276982449899783,0.6015543411035054,0,0.30426618022738205,-0.5881544547120707,0
T01728,R0140,Zone_2,-0.6586334978294873,-0.8487640061487659,-0.22812851444577664,2024-03-02,1.0,Aadhya Nair,29.0,Male,Delhi,2024-10-20 00:03:47.581311,-1.394663697786165,-0.7295764288901869,4.92,6371.0,0.91,58.4,Residential,Low,0,Saturday,March,1,False,True,False,False,True,False,False,False,False,False,False,False,0.0,Low,4.732859547128981,1.8357763546448294,5.613376880274475,-2.4274062676365133,-2.275394846661859,0,0.1900692702826549,-0.204895499293127,0
T01729,R0255,Zone_6,0.22135919719697741,0.30620180772103267,0.7577987548608113,2023-10-04,1.0,Reyansh Sharma,37.0,Female,Bengaluru,2025-03-27 00:03:47.581311,0.16831122664114473,0.6774638268266019,3.12,14627.0,0.54,37.6,Mixed,Low,0,Wednesday,October,0,False,False,False,False,False,False,False,False,True,False,False,False,0.0,Low,5.239946453221707,2.306577114263583,8.419026071939674,0.5367481341747186,0.7370759488548032,0,-0.3737779725694353,0.2422399486956406,0
T01730,R0263,Zone_2,0.9659684006809095,1.2898442699779378,1.8116530495180798,2023-10-03,0.0,Ishaan Das,31.0,Male,Chennai,2026-03-26 00:03:47.581311,1.7312861510684545,-1.4330965567485814,3.84,6371.0,0.91,58.4,Residential,Low,0,Tuesday,October,1,False,False,False,False,True,False,False,False,False,False,False,False,0.0,Low,5.594227991413127,2.5824869781268642,10.218121158021175,0.3692901071671584,-0.09128086669907033,0,-1.6727678231907064,-1.0991663952706623,1
T01731,R0277,Zone_9,0.5178023597125243,0.4886729116649023,1.5370544363983079,2024-07-26,1.0,Kavya Gupta,42.0,Female,Jaipur,2024-05-31 00:03:47.581311,0.5590549577479722,0.6774638268266019,3.06,11037.0,1.83,56.1,Mixed,Low,0,Friday,July,0,False,False,False,False,False,False,False,False,False,False,False,True,0.0,Low,5.513307771105859,2.425687290128029,8.780660567406077,0.923554896460998,0.8555936549526215,0,0.6968180581623815,0.09319479936605132,1
T01732,R0234,Zone_4,-1.3005379835914974,-1.0708389670579448,-0.9583768836896489,2023-11-11,1.0,Saanvi Nair,32.0,Female,Pune,2025-01-19 00:03:47.581311,0.5590549577479722,-0.7295764288901869,3.98,4038.0,2.46,48.2,Business,Low,0,Saturday,November,0,False,True,False,False,False,False,True,False,False,False,False,False,0.0,Low,4.061132428015987,1.2584609896100056,4.892851929090027,-0.6131957951782692,-0.14727319455376647,0,-0.13467819237266287,-0.701712663725091,0
T01733,R0193,Zone_1,-1.0461103874167372,-0.9661087675274603,-1.2906543442541958,2023-09-26,1.0,Kavya Singh,33.0,Female,Chennai,2026-01-30 00:03:47.581311,-0.22243250446568272,1.3809839546849962,4.41,4921.0,2.43,30.9,Residential,Low,0,Tuesday,September,0,False,False,True,False,False,False,False,False,False,False,False,False,0.0,Low,3.488902962081261,1.528227857008557,5.244997616777343,-0.046443561893082935,0.49832676689057426,0,-1.4764918842232067,0.9448813669637038,0
T01734,R0158,Zone_10,-0.49990802498651743,-0.6545584260670267,-1.0427272710690236,2024-03-21,0.0,Aarav Iyer,27.0,Male,Ahmedabad,2024-09-18 00:03:47.581311,-1.394663697786165,-0.026056301031792503,3.57,2440.0,1.54,35.4,Industrial,Low,0,Thursday,March,1,True,False,False,True,False,False,False,False,False,False,False,False,0.0,Low,3.943909194290468,1.9387416595767009,6.174949392505173,-1.01751771766964,-1.1161387993822363,0,0.30426618022738205,0.6893753966844082,0
T01735,R0262,Zone_1,-0.259485617592019,-0.25177253263465865,0.32185703317114445,2024-08-09,0.0,Meera Singh,30.0,Male,Ahmedabad,2023-09-18 00:03:47.581311,0.5590549577479722,0.6774638268266019,3.35,4921.0,2.43,30.9,Residential,Low,0,Friday,August,1,False,False,True,False,False,False,False,False,False,False,False,False,0.0,Low,5.046517105984022,2.0769384114617173,7.201388754955532,-0.8646283753186516,-0.7437044257983821,0,1.6103933377201987,0.09319479936605132,0
T01736,R0053,Zone_8,0.16300424394588559,0.43117397858934225,-0.21223070000200045,2024-02-22,1.0,Arjun Reddy,45.0,Male,Delhi,2024-06-18 00:03:47.581311,-1.394663697786165,0.6774638268266019,4.85,4516.0,1.93,31.0,Business,Low,0,Thursday,February,1,False,False,True,False,False,False,False,False,False,False,True,False,0.0,Low,4.743452773788098,2.281361456542419,8.668333173107735,1.7138651158085034,1.2694759406283251,0,0.6325822963184725,1.5836462926619435,0
T01737,R0117,Zone_6,-1.1628202939189207,-1.174102357071196,-1.1457345977129956,2023-11-22,1.0,Aadhya Gupta,21.0,Male,Ahmedabad,2025-07-12 00:03:47.581311,-1.0039199666793377,-1.4330965567485814,3.16,14627.0,0.54,37.6,Mixed,Low,0,Wednesday,November,1,True,False,False,False,False,False,False,False,True,False,False,False,0.0,Low,3.779177092094717,1.413423028508143,4.518849411078001,-1.3280762404836604,-1.0474329626479704,0,-0.7556238901971166,-1.0991663952706623,0
T01738,R0290,Zone_10,0.9052792492997741,1.5993410781142439,1.225404718541801,2023-07-14,1.0,Saanvi Kumar,34.0,Female,Chennai,2026-02-25 00:03:47.581311,0.5590549577479722,-1.4330965567485814,4.28,2440.0,1.54,35.4,Industrial,Low,0,Friday,July,0,False,False,True,True,False,False,False,False,False,False,False,False,0.0,Low,5.412761500938905,2.5626389983283526,10.721940122944167,-0.30152415937925287,-0.3385542988287802,0,-1.5692768735532976,-1.0991663952706623,0
T01739,R0177,Zone_1,-1.5876443535868692,-1.4897597651798835,-1.4106105805117803,2024-08-14,0.0,Ishaan Reddy,34.0,Female,Bengaluru,2025-09-15 00:03:47.581311,1.3405424199616272,0.6774638268266019,4.48,4921.0,2.43,30.9,Residential,Low,0,Wednesday,August,0,False,True,False,False,False,False,False,False,False,False,False,False,0.0,Low,3.1620938107692163,0.8285518175661483,3.1080540535840107,0.5084887550502762,0.11712398326918608,0,-0.9875863635223436,-0.12359814511335115,0
T01740,R0300,Zone_2,0.5948308980039655,0.7576857771255591,0.626806019319944,2024-04-21,1.0,Saanvi Iyer,38.0,Female,Kolkata,2023-12-11 00:03:47.581311,-0.6131762355725101,-0.7295764288901869,3.67,6371.0,0.91,58.4,Residential,Low,0,Sunday,April,0,False,False,True,False,True,False,False,False,False,False,False,False,0.0,Low,5.18565246089057,2.454447442303292,9.288164511893617,0.6217048458237153,1.1947980786338606,0,1.31062644911529,-0.5029857979523055,0
T01741,R0233,Zone_10,0.5691547185734848,0.03366859941901536,0.9745871336395786,2023-05-18,0.0,Ishaan Iyer,30.0,Male,Hyderabad,2023-10-07 00:03:47.581311,-0.6131762355725101,-0.026056301031792503,4.37,2440.0,1.54,35.4,Industrial,Low,0,Thursday,May,1,False,False,True,True,False,False,False,False,False,False,False,False,0.0,Low,5.3237901625210675,2.4449523342809676,7.847929663293371,1.9623512204003664,2.1979771188826325,0,1.542588922440517,0.09319479936605132,0
T01742,R0154,Zone_1,0.7302143895464985,1.2728292795780272,-0.004376630166842807,2023-11-07,0.0,Kavya Patel,18.0,Female,Kolkata,2024-07-02 00:03:47.581311,2.122029882175282,-1.4330965567485814,4.68,4921.0,2.43,30.9,Residential,Low,0,Tuesday,November,0,True,False,False,False,False,False,False,False,False,False,False,False,0.0,Low,4.872521991966622,2.503073953743449,10.189700682551965,1.5153179942313024,0.8079005153852908,0,0.5826211482176544,-1.0991663952706623,0
T01743,R0269,Zone_1,-0.1777886830404905,0.3378848932932801,0.6959155267366903,2023-06-27,0.0,Aadhya Sharma,41.0,Male,Mumbai,2024-07-31 00:03:47.581311,-0.22243250446568272,-0.7295764288901869,3.41,4921.0,2.43,30.9,Residential,Low,0,Tuesday,June,1,False,False,True,False,False,False,False,False,False,False,False,False,0.0,Low,5.214663981550784,2.1198634561787513,8.482924024179399,0.5403259973407792,1.9771821839200237,0,0.47913019858024547,-0.5881544547120707,1
T01744,R0287,Zone_6,-1.596981146107044,-1.4812522699799284,-1.328493770368308,2023-12-10,1.0,Saanvi Singh,18.0,Female,Delhi,2024-05-19 00:03:47.581311,-0.6131762355725101,1.3809839546849962,3.33,14627.0,0.54,37.6,Mixed,Low,0,Sunday,December,0,True,False,False,False,False,False,False,False,True,False,False,False,0.0,Low,3.3968546322280186,0.8109302162163288,3.1543620591175006,-0.8122465877894053,-0.3043785946183545,0,0.7396418993916543,1.285555994002765,0
T01745,R0251,Zone_10,-0.43221627921525085,-0.11799950466294709,0.02768177251316882,2023-08-11,1.0,Vivaan Iyer,46.0,Male,Mumbai,2024-10-21 00:03:47.581311,-1.0039199666793377,-1.4330965567485814,4.48,2440.0,1.54,35.4,Industrial,Low,0,Friday,August,1,False,True,False,True,False,False,False,False,False,False,False,False,0.0,Low,4.891025591098464,1.979621206397625,7.511324783285569,-0.24141605818944292,0.7448357252191853,0,0.18650061684688218,-1.0991663952706623,0
T01746,R0129,Zone_1,0.17467523459610412,0.7899555865047002,0.05606134209875287,2023-12-06,1.0,Vivaan Singh,35.0,Male,Hyderabad,2024-05-05 00:03:47.581311,1.3405424199616272,-0.7295764288901869,3.9,4921.0,2.43,30.9,Residential,Low,0,Wednesday,December,1,False,False,False,False,False,False,False,False,False,False,False,False,0.0,Low,4.907124917726591,2.286455711064162,9.347192091746056,0.046695678173123416,0.12664997458493465,0,0.7896030474924723,-0.7739769785515586,0
T01747,R0115,Zone_2,-0.11709953165935505,-0.4835284363575799,-0.7484206235148184,2023-08-07,0.0,Aarav Ghosh,40.0,Female,Bengaluru,2025-10-05 00:03:47.581311,1.3405424199616272,-0.7295764288901869,4.4,6371.0,0.91,58.4,Residential,Low,0,Monday,August,0,False,True,False,False,True,False,False,False,False,False,False,False,0.0,Low,4.30433532695801,2.150598735996164,6.63023378170031,-0.29616693110921594,-0.21003522005749173,0,-1.0589594322377982,-0.7739769785515586,0
T01748,R0149,Zone_6,-0.9714160472553396,-1.141832547692055,-0.9146250472452067,2023-03-21,0.0,Diya Reddy,30.0,Female,Jaipur,2025-06-03 00:03:47.581311,-0.22243250446568272,-0.026056301031792503,4.57,14627.0,0.54,37.6,Mixed,Low,0,Tuesday,March,0,False,False,False,False,False,False,False,False,True,False,False,False,0.0,Low,4.116921116401006,1.5953389880545987,4.638965401897281,-1.1972527261293666,-1.1747060449986992,0,-0.6164464062019804,-0.07714251415347918,0
T01749,R0231,Zone_4,1.4771577911604739,1.0099770140897522,-0.15612849531198011,2023-06-18,1.0,Ishaan Nair,19.0,Female,Mumbai,2023-10-26 00:03:47.581311,-0.22243250446568272,-0.026056301031792503,4.81,4038.0,2.46,48.2,Business,Low,0,Sunday,June,0,False,True,False,False,False,False,True,False,False,False,False,False,0.0,Low,4.779963476361254,2.7356653681351832,9.740123202506219,0.22294848825732738,-0.8422150340045316,0,1.4747845071608352,-0.07714251415347918,0
T01750,R0226,Zone_4,0.3567426887395105,0.691385986946597,0.9132294531003762,2023-04-27,0.0,Aarav Iyer,20.0,Female,Surat,2024-09-28 00:03:47.581311,-0.22243250446568272,1.3809839546849962,3.25,4038.0,2.46,48.2,Business,Low,0,Thursday,April,0,False,False,True,False,False,False,True,False,False,False,False,False,0.0,Low,5.3007643701910885,2.362739015813793,9.165696918401787,-0.28889640702845243,-0.015119442815375127,0,0.2685796458696548,0.9448813669637038,0
T01751,R0201,Zone_9,-0.481234439946168,-0.1640573235040846,-0.052858394875549115,2024-08-12,1.0,Meera Reddy,37.0,Male,Delhi,2024-06-22 00:03:47.581311,-0.22243250446568272,-0.7295764288901869,3.84,11037.0,1.83,56.1,Mixed,Low,0,Monday,August,1,False,False,True,False,False,False,False,False,False,False,False,True,0.0,Low,4.843872076218154,1.9501867058225735,7.406078584514209,0.929260769745434,0.6315876152112011,0,0.6183076825753817,-0.5881544547120707,0
T01752,R0236,Zone_9,-1.1744912845691389,-1.2049053569331032,-0.8323768502055047,2023-09-16,1.0,Arjun Gupta,28.0,Female,Ahmedabad,2024-02-24 00:03:47.581311,1.3405424199616272,-0.7295764288901869,3.36,11037.0,1.83,56.1,Mixed,Low,0,Saturday,September,0,False,True,False,False,False,False,False,False,False,False,False,True,0.0,Low,4.214051671586849,1.4011829736136414,4.401136216933078,-2.0892312330904557,-1.9871584832459817,0,1.0429774414323356,-0.7739769785515586,0
T01753,R0213,Zone_7,0.05796532809392045,-0.3655969511719922,0.5864702421774703,2023-06-15,0.0,Kavya Ghosh,29.0,Female,Chennai,2024-09-29 00:03:47.581311,0.5590549577479722,-0.026056301031792503,3.74,11070.0,0.64,45.2,Industrial,Low,0,Thursday,June,0,False,False,True,False,False,False,False,False,False,True,False,False,0.0,Low,5.168322569931849,2.234306252240751,6.926759704219571,-0.7683768407336619,-0.43676583355062903,0,0.2650109924338821,-0.3042589321795199,0
T01754,R0177,Zone_6,1.446813215469906,0.9671461761865284,1.4562514952171308,2023-11-24,0.0,Ishaan Reddy,34.0,Female,Bengaluru,2023-10-27 00:03:47.581311,1.3405424199616272,-1.4330965567485814,4.48,14627.0,0.54,37.6,Mixed,Low,0,Friday,November,0,True,False,False,False,False,False,False,False,True,False,False,False,0.0,Low,5.488193647746101,2.727199019940971,9.664884893261792,0.5084887550502762,0.11712398326918608,0,1.4712158537250624,-1.0991663952706623,0
T01755,R0159,Zone_8,0.020618158013221644,-0.04465902880126314,0.3774336902762469,2023-05-03,1.0,Ishaan Singh,43.0,Male,Bengaluru,2024-03-17 00:03:47.581311,-1.394663697786165,-1.4330965567485814,4.9,4516.0,1.93,31.0,Business,Low,0,Wednesday,May,1,True,False,False,False,False,False,False,False,False,False,True,False,0.0,Low,5.073359670668218,2.217027204632399,7.675936424958196,-1.2370301460343884,-0.6941028260819054,0,0.9644670658453358,-1.0991663952706623,0
T01756,R0211,Zone_6,-0.05874457840826322,-0.5762307978467485,-0.8583914556589566,2023-05-23,1.0,Arjun Reddy,36.0,Male,Mumbai,2025-12-22 00:03:47.581311,-0.22243250446568272,0.6774638268266019,3.63,14627.0,0.54,37.6,Mixed,Low,0,Tuesday,May,1,False,False,True,False,False,False,False,False,True,False,False,False,0.0,Low,4.184337600748806,2.179286876649552,6.387487769068525,-0.8891355687698352,-1.2254698337813625,0,-1.3373144002280706,0.43386942640511234,0
T01757,R0105,Zone_5,0.05563112996387683,-0.08103590482865844,-0.2796321777677626,2023-05-24,1.0,Diya Das,31.0,Female,Jaipur,2025-10-26 00:03:47.581311,1.7312861510684545,-0.026056301031792503,3.69,2590.0,1.31,43.9,Business,Low,0,Wednesday,May,0,False,False,False,False,False,False,False,True,False,False,False,False,0.0,Low,4.697749367281185,2.2332350148592526,7.59473501841901,-0.0933065539504982,-0.6788422080277071,0,-1.1339011543890254,-0.5029857979523055,0
T01758,R0043,Zone_7,0.1186544794750559,0.5904694921609196,-0.37488767753419067,2023-04-07,1.0,Diya Kumar,28.0,Male,Ahmedabad,2025-01-01 00:03:47.581311,0.5590549577479722,0.6774638268266019,4.68,11070.0,0.64,45.2,Industrial,Low,0,Friday,April,1,True,False,False,False,False,False,False,False,False,True,False,False,0.0,Low,4.629374874684909,2.2617630984737906,8.976079322287655,-0.3709300278555048,-1.1160194323336776,0,-0.07044243052875386,0.09319479936605132,0
T01759,R0240,Zone_5,-0.29449858954267416,0.04540307555688475,-0.5699972184350814,2023-12-08,1.0,Aarav Iyer,30.0,Female,Delhi,2024-06-05 00:03:47.581311,0.16831122664114473,-0.026056301031792503,4.07,2590.0,1.31,43.9,Business,Low,0,Friday,December,0,False,False,False,False,False,False,False,True,False,False,False,False,0.0,Low,4.472780997942346,2.057962510002712,7.873372847769881,2.0173520973060755,0.750380783728771,0,0.678974790983518,-0.204895499293127,0
T01760,R0020,Zone_1,-1.1558176995287894,-0.9840038436377112,-1.213924396856135,2023-01-11,1.0,Diya Das,35.0,Male,Chennai,2023-10-06 00:03:47.581311,-0.6131762355725101,1.3809839546849962,4.03,4921.0,2.43,30.9,Residential,Low,0,Wednesday,January,1,False,True,False,False,False,False,False,False,False,False,False,False,0.0,Low,3.6529931755495273,1.420695787837223,5.186520991955976,-1.274843248907063,-1.073690040498625,0,1.5461575758762895,1.285555994002765,0
T01761,R0093,Zone_9,1.7642641611558458,1.2918978033020652,2.026996172438322,2023-09-08,0.0,Diya Patel,33.0,Male,Surat,2026-03-31 00:03:47.581311,-1.0039199666793377,-0.7295764288901869,3.77,11037.0,1.83,56.1,Mixed,Low,0,Friday,September,1,False,True,False,False,False,False,False,False,False,False,False,True,0.0,Low,5.6534010450952765,2.8124102164264526,10.22154587134451,1.1964640094883718,0.8481671881161373,0,-1.6906110903695701,-0.383749678488634,0
T01762,R0205,Zone_4,0.7232117951563672,0.388343140686119,-0.2852818143056336,2023-08-14,1.0,Diya Singh,31.0,Male,Surat,2024-04-29 00:03:47.581311,-1.394663697786165,1.3809839546849962,4.66,4038.0,2.46,48.2,Business,Low,0,Monday,August,1,False,True,False,False,False,False,True,False,False,False,False,False,0.0,Low,4.693821883582654,2.5006159434931803,8.583705493549974,-1.0042585777013,-1.9956627594048362,0,0.8110149681071087,2.4779171886394784,0
T01764,R0195,Zone_7,0.5598179260533103,0.4015444263412218,-0.38185118303435717,2023-05-23,0.0,Aadhya Reddy,33.0,Male,Kolkata,2025-06-30 00:03:47.581311,0.5590549577479722,-0.026056301031792503,4.97,11070.0,0.64,45.2,Industrial,Low,0,Tuesday,May,1,False,False,False,False,False,False,False,False,False,True,False,False,0.0,Low,4.624188191823853,2.4414770918606643,8.609878047916823,-0.1640219671149804,-0.4615941796508422,0,-0.712800048967844,-0.3042589321795199,0
T01765,R0199,Zone_5,-0.29216439141263056,-0.22038280896585793,-0.08294599411211734,2023-02-06,0.0,Aarav Das,29.0,Female,Ahmedabad,2023-10-20 00:03:47.581311,0.9497986888547996,-0.7295764288901869,3.91,2590.0,1.31,43.9,Business,Low,0,Monday,February,0,False,False,False,False,False,False,False,True,False,False,False,False,0.0,Low,4.825670246356884,2.0592388343623163,7.275300681071539,0.24946676819400834,0.9689188944381358,0,1.4961964277754716,-0.7414580368796482,0
T01766,R0105,Zone_9,-1.125473123838222,-0.9807768626997971,-1.0249900400780336,2023-09-07,1.0,Diya Das,31.0,Female,Jaipur,2025-10-07 00:03:47.581311,1.7312861510684545,-1.4330965567485814,3.69,11037.0,1.83,56.1,Mixed,Low,0,Thursday,September,0,False,True,False,False,False,False,False,False,False,False,False,True,0.0,Low,3.9697257155564354,1.451613827240533,5.197114584074513,-0.0933065539504982,-0.6788422080277071,0,-1.0660967391093437,-1.0991663952706623,0
T01767,R0095,Zone_6,-0.4065400997847706,-0.6885884068668483,-0.7719388779399088,2023-12-03,1.0,Kavya Iyer,29.0,Female,Chennai,2023-10-13 00:03:47.581311,1.7312861510684545,-1.4330965567485814,4.26,14627.0,0.54,37.6,Mixed,Low,0,Sunday,December,0,False,False,False,False,False,False,False,False,True,False,False,False,0.0,Low,4.2798554720627555,1.9947003132247452,6.080296045424104,-0.125226705726133,-0.16477424028860577,0,1.5211770018258806,-1.0991663952706623,0
T01768,R0208,Zone_1,-1.3658955312327201,-1.121883938257677,-1.3221871993492893,2023-07-20,0.0,Aadhya Iyer,24.0,Male,Chennai,2025-11-10 00:03:47.581311,-0.6131762355725101,0.6774638268266019,4.75,4921.0,2.43,30.9,Residential,Low,0,Thursday,July,1,False,False,True,False,False,False,False,False,False,False,False,False,0.0,Low,3.4127965175055075,1.1755733298042381,4.711687595755898,0.08544629599305494,-0.9793717079759219,0,-1.1874309559256162,0.6893753966844082,0
T01770,R0295,Zone_3,-0.04240519149795744,-0.37821151302020184,-0.7028293705231625,2023-12-07,0.0,Kavya Gupta,18.0,Female,Delhi,2024-09-24 00:03:47.581311,0.5590549577479722,-0.026056301031792503,3.59,12971.0,2.11,38.0,Business,Low,0,Thursday,December,0,True,False,False,False,False,True,False,False,False,False,False,False,0.0,Low,4.350148895775859,2.187174241482718,6.895650803223725,-1.836965306330289,-2.371944424784545,0,0.2828542596127457,-0.3042589321795199,0
T01771,R0023,Zone_5,0.8959424567795992,1.0915316232479446,1.8274194770656265,2023-01-14,1.0,Meera Iyer,24.0,Female,Jaipur,2024-05-20 00:03:47.581311,-0.22243250446568272,-0.026056301031792503,3.21,2590.0,1.31,43.9,Business,Low,0,Saturday,January,0,True,False,False,False,False,False,False,True,False,False,False,False,0.0,Low,5.59868118465576,2.559550192783766,9.881801455200362,-0.74854659259759,0.11280530491693588,0,0.7360732459558815,-0.07714251415347918,1
T01772,R0157,Zone_6,1.1013518922234427,1.5412554212317906,1.6144413182775164,2023-05-24,1.0,Kavya Nair,36.0,Female,Hyderabad,2024-04-22 00:03:47.581311,0.9497986888547996,-1.4330965567485814,4.65,14627.0,0.54,37.6,Mixed,Low,0,Wednesday,May,0,True,False,False,False,False,False,False,False,True,False,False,False,0.0,Low,5.536782933960031,2.6253929674212007,10.629205050237765,1.9436902085930725,1.7634406609740068,0,0.8359955421575177,-1.0991663952706623,0
T01773,R0191,Zone_10,1.2390695818960193,0.33700480758294027,0.23632416372570364,2023-09-12,1.0,Meera Gupta,33.0,Male,Surat,2023-11-08 00:03:47.581311,1.3405424199616272,1.3809839546849962,4.56,2440.0,1.54,35.4,Industrial,Low,0,Tuesday,September,1,False,False,False,True,False,False,False,False,False,False,False,False,0.0,Low,5.003744943391502,2.667228206581955,8.481155581640984,-0.3127743387463294,-0.4040108476384331,0,1.4283920124957898,0.20159127160575266,0
T01775,R0091,Zone_3,-0.13343891856966084,0.2780390649901462,-0.7122892270516905,2023-05-17,1.0,Meera Das,41.0,Male,Surat,2024-12-29 00:03:47.581311,-0.22243250446568272,-0.7295764288901869,3.4,12971.0,2.11,38.0,Business,Low,0,Wednesday,May,1,False,True,False,False,False,True,False,False,False,False,False,False,0.0,Low,4.3408139388398075,2.1424163408412245,8.361817984146748,-0.5692325092162233,-0.029616636449121925,0,-0.059736470221435696,-0.5881544547120707,0
T01776,R0146,Zone_4,-0.23380943816153874,-0.5882586358880646,-0.13182191950951214,2024-03-05,0.0,Kavya Gupta,30.0,Male,Surat,2026-01-29 00:03:47.581311,-0.22243250446568272,1.3809839546849962,3.89,4038.0,2.46,48.2,Business,Low,0,Tuesday,March,1,False,False,True,False,False,False,True,False,False,False,False,False,0.0,Low,4.795377237056036,2.0906287310704004,6.355312738174259,0.9090563659841525,0.13499970559400737,0,-1.472923230787434,0.9448813669637038,0
T01777,R0187,Zone_7,0.17000683833601687,-0.05932712397359993,-0.23627450201200917,2023-04-22,1.0,Saanvi Reddy,27.0,Female,Surat,2025-07-11 00:03:47.581311,-0.22243250446568272,1.3809839546849962,4.71,11070.0,0.64,45.2,Industrial,Low,0,Saturday,April,0,False,False,True,False,False,False,False,False,False,True,False,False,0.0,Low,4.727387818712341,2.2844211223663744,7.6432977176085455,1.594322393554259,2.141326304672151,0,-0.7520552367613439,0.9448813669637038,0
T01778,R0197,Zone_8,0.8515926923087694,1.1947950132611955,1.209112743409336,2023-03-05,1.0,Saanvi Das,29.0,Female,Bengaluru,2023-09-17 00:03:47.581311,0.9497986888547996,-1.4330965567485814,3.87,4516.0,1.93,31.0,Business,Low,0,Sunday,March,0,True,False,False,False,False,False,False,False,False,False,True,False,0.0,Low,5.407216613504026,2.5447466501440172,10.058329881247682,-0.5796714511595517,-1.035400764153252,0,1.6139619911559713,-1.0991663952706623,0
T01779,R0262,Zone_10,0.18634622524632266,0.4716579212649917,-0.726610398740712,2023-10-19,0.0,Meera Singh,30.0,Female,Ahmedabad,2024-07-08 00:03:47.581311,0.5590549577479722,-1.4330965567485814,3.35,2440.0,1.54,35.4,Industrial,Low,0,Thursday,October,0,False,False,True,True,False,False,False,False,False,False,False,False,0.0,Low,4.326513924743623,2.2915241456346207,8.747571091451615,-0.8646283753186516,-0.7437044257983821,0,0.5612092276030181,-1.0991663952706623,0
T01780,R0004,Zone_5,-0.33417995775341663,-0.6970959020668036,0.46270378592922845,2023-11-14,0.0,Aarav Nair,19.0,Male,Kolkata,2025-05-06 00:03:47.581311,-0.6131762355725101,-1.4330965567485814,3.19,2590.0,1.31,43.9,Business,Low,0,Tuesday,November,1,True,False,False,False,False,False,False,True,False,False,False,False,0.0,Low,5.113191882421348,2.0360119837525,6.056401571890688,-1.11376925225463,-0.6553177173809809,0,-0.5165241100003443,-1.0991663952706623,1
T01781,R0260,Zone_9,-0.8570403388831995,-0.7411001875838139,-0.41653732363895996,2024-02-01,1.0,Reyansh Das,55.0,Male,Mumbai,2025-02-13 00:03:47.581311,-0.6131762355725101,0.6774638268266019,4.24,11037.0,1.83,56.1,Mixed,Low,0,Thursday,February,1,False,True,False,False,False,False,False,False,False,False,False,True,0.0,Low,4.5979441408963515,1.6900958154515549,5.931273050534767,-1.0568040583165752,-0.4993508953180304,0,-0.22389452826698095,0.6893753966844082,0
T01782,R0231,Zone_5,-0.924732084654466,-0.7528346637216833,-0.6448877492859282,2023-03-06,0.0,Ishaan Nair,19.0,Female,Mumbai,2024-09-20 00:03:47.581311,-0.22243250446568272,1.3809839546849962,4.81,2590.0,1.31,43.9,Business,Low,0,Monday,March,0,False,False,False,False,False,False,False,True,False,False,False,False,0.0,Low,4.405498990859024,1.6351056591826783,5.897457079114693,0.22294848825732738,-0.8422150340045316,0,0.2971288733558366,0.9448813669637038,0
T01783,R0097,Zone_5,0.29371933922833143,0.7858485198564459,0.41514172949412953,2023-07-07,0.0,Aarav Iyer,23.0,Male,Bengaluru,2024-11-19 00:03:47.581311,0.16831122664114473,-0.026056301031792503,3.28,2590.0,1.31,43.9,Business,Low,0,Friday,July,1,False,False,False,False,False,False,False,True,False,False,False,False,0.0,Low,5.091170188318427,2.336986519711378,9.339700209321496,0.3459638424080422,0.319130592487773,0,0.08300966720947323,-0.204895499293127,0
T01784,R0290,Zone_4,-1.1861622752193575,-1.1559139190574983,-1.384727361954558,2023-02-21,1.0,Saanvi Kumar,34.0,Male,Chennai,2023-12-09 00:03:47.581311,0.5590549577479722,-0.7295764288901869,4.28,4038.0,2.46,48.2,Business,Low,0,Tuesday,February,1,False,False,True,False,False,False,True,False,False,False,False,False,0.0,Low,3.2422016501716975,1.3887912413184778,4.586937976471886,-0.30152415937925287,-0.3385542988287802,0,1.3177637559868354,-0.701712663725091,0
T01785,R0161,Zone_5,-1.63899671244783,-1.4689310700351654,-1.4618514700413072,2023-11-25,0.0,Aarav Nair,32.0,Male,Surat,2025-10-14 00:03:47.581311,-0.6131762355725101,0.6774638268266019,4.91,2590.0,1.31,43.9,Business,Low,0,Saturday,November,1,False,False,True,False,False,False,False,True,False,False,False,False,0.0,Low,2.9816333491744893,0.7275486072772778,3.2202484376209237,-1.5056505002078056,-1.169826424991684,0,-1.0910773131597526,0.6893753966844082,0
T01786,R0221,Zone_10,0.11398608321496866,-0.20747488521420163,0.18311247075273332,2024-05-01,1.0,Diya Patel,21.0,Male,Delhi,2025-01-11 00:03:47.581311,0.16831122664114473,-0.026056301031792503,4.41,2440.0,1.54,35.4,Industrial,Low,0,Wednesday,May,1,False,False,False,True,False,False,False,False,False,False,False,False,0.0,Low,4.976181866026876,2.259677591982769,7.305477397131552,-0.44221836682108845,-0.5777474999791323,0,-0.10612896488648109,-0.204895499293127,0
T01787,R0274,Zone_10,1.3347717052278099,1.6973239538654536,0.8438571718911706,2023-01-30,1.0,Reyansh Nair,27.0,Female,Surat,2023-10-09 00:03:47.581311,-1.394663697786165,1.3809839546849962,3.04,2440.0,1.54,35.4,Industrial,Low,0,Monday,January,0,True,False,False,True,False,False,False,False,False,False,False,False,0.0,Low,5.274075902175002,2.6953026282797072,10.876580344942981,-0.3133100615733336,-0.3534659978179621,0,1.5354516155689715,2.4779171886394784,0
T01788,R0210,Zone_1,0.7512221727168916,0.9715466047382296,0.9910104956682732,2024-06-15,1.0,Meera Iyer,34.0,Male,Mumbai,2023-12-15 00:03:47.581311,-1.394663697786165,-1.4330965567485814,3.4,4921.0,2.43,30.9,Residential,Low,0,Saturday,June,1,False,True,False,False,False,False,False,False,False,False,False,False,0.0,Low,5.329864482046166,2.510411940196362,9.672641831474998,1.2041248459145242,-0.014399305346597396,0,1.296351835372199,-1.0991663952706623,0
T01789,R0214,Zone_1,-0.04240519149795744,-0.30985818951711225,0.3662658040967347,2023-02-13,1.0,Aarav Kumar,20.0,Male,Kolkata,2024-01-02 00:03:47.581311,-0.6131762355725101,1.3809839546849962,4.53,4921.0,2.43,30.9,Residential,Low,0,Monday,February,1,True,False,False,False,False,False,False,False,False,False,False,False,0.0,Low,5.068023311204986,2.187174241482718,7.06257743320383,-0.765102979013084,-0.5219388137376026,0,1.23211607352829,1.285555994002765,0
T01790,R0254,Zone_6,0.4501106139412575,0.5218228067543838,1.3403682527426626,2024-05-22,1.0,Meera Kumar,18.0,Male,Delhi,2026-02-09 00:03:47.581311,-0.22243250446568272,-0.7295764288901869,3.68,14627.0,0.54,37.6,Mixed,Low,0,Wednesday,May,1,False,False,True,False,False,False,False,False,True,False,False,False,0.0,Low,5.4510384535657,2.3997118037247684,8.844772467395643,2.165938649967161,1.4389443564364945,0,-1.512178418580934,-0.5881544547120707,1
T01791,R0078,Zone_5,-1.832735157241455,-1.7262094593579527,-1.486158045843775,2023-01-11,1.0,Saanvi Sharma,30.0,Male,Jaipur,2023-12-27 00:03:47.581311,-1.7854074288929924,0.6774638268266019,3.62,2590.0,1.31,43.9,Business,Low,0,Wednesday,January,1,False,False,False,False,False,False,False,True,False,False,False,False,0.0,Low,2.8831233291713367,0.2151113796169455,1.2649110640673518,-4.279266149881404,-3.7085982703837375,0,1.2535279941429263,2.4779171886394784,0
T01792,R0135,Zone_9,-0.8266957631926317,-0.7258453686045836,-0.8418367067340327,2024-07-04,1.0,Reyansh Patel,38.0,Female,Ahmedabad,2025-07-28 00:03:47.581311,0.16831122664114473,0.6774638268266019,3.47,11037.0,1.83,56.1,Mixed,Low,0,Thursday,July,0,True,False,False,False,False,False,False,False,False,False,False,True,0.0,Low,4.2033484327947255,1.713797927758343,5.974947698515862,0.13750069735024334,-0.1852135518341216,0,-0.8127223451694803,0.2422399486956406,0
T01793,R0103,Zone_9,1.9369948227790776,1.0002960712760098,2.026996172438322,2023-10-22,0.0,Ishaan Gupta,37.0,Female,Surat,2025-10-03 00:03:47.581311,0.5590549577479722,-0.7295764288901869,3.07,11037.0,1.83,56.1,Mixed,Low,0,Sunday,October,0,False,False,True,False,False,False,False,False,False,False,False,True,0.0,Low,5.6534010450952765,2.855895328366192,9.723168207945392,-0.09134223691815115,0.09274639385583802,0,-1.0518221253662527,-0.701712663725091,0
T01794,R0251,Zone_4,1.3604478846582901,2.2332961514626395,1.879974235557449,2023-09-10,1.0,Vivaan Iyer,46.0,Male,Mumbai,2024-06-28 00:03:47.581311,-1.0039199666793377,-0.026056301031792503,4.48,4038.0,2.46,48.2,Business,Low,0,Sunday,September,1,False,False,False,False,False,False,True,False,False,False,False,False,0.0,Low,5.613383548212584,2.702702594775615,11.686316785026838,-0.24141605818944292,0.7448357252191853,0,0.5968957619607453,0.3316670382933942,0
T01795,R0046,Zone_1,-0.852371942623112,-0.6654128164945562,-1.0637491744657526,2023-10-12,1.0,Vivaan Singh,31.0,Male,Kolkata,2024-08-06 00:03:47.581311,0.16831122664114473,-0.026056301031792503,3.87,4921.0,2.43,30.9,Residential,Low,0,Thursday,October,1,True,False,False,False,False,False,False,False,False,False,False,False,0.0,Low,3.912422925449473,1.6937790608678513,6.144916598294887,1.1260432438787409,0.8854537812536175,0,0.45771827796560915,-0.204895499293127,0
T01796,R0240,Zone_8,2.025694351720737,2.364135560399884,0.8675068132124905,2023-12-22,1.0,Aarav Iyer,30.0,Male,Delhi,2025-03-04 00:03:47.581311,0.16831122664114473,0.6774638268266019,4.07,4516.0,1.93,31.0,Business,Low,0,Friday,December,1,False,False,False,False,False,False,False,False,False,False,True,False,0.0,Low,5.283254488870991,2.87751164216656,11.875605247733692,2.0173520973060755,0.750380783728771,0,-0.2916989435466627,0.2422399486956406,0
T01797,R0197,Zone_7,-0.8593745370132431,-0.9370659390862335,-0.9380119147740675,2024-01-04,1.0,Saanvi Das,29.0,Male,Bengaluru,2024-04-18 00:03:47.581311,0.9497986888547996,0.6774638268266019,3.87,11070.0,0.64,45.2,Industrial,Low,0,Thursday,January,1,True,False,False,False,False,False,False,False,False,True,False,False,0.0,Low,4.087487774758888,1.6882490928583902,5.338539126015656,-0.5796714511595517,-1.035400764153252,0,0.8502701559006086,-0.02604132009762001,0
T01798,R0083,Zone_4,-0.9830870379055578,-0.7408068256803673,-1.2503185671117223,2023-08-02,0.0,Kavya Patel,45.0,Male,Mumbai,2024-03-21 00:03:47.581311,0.9497986888547996,-1.4330965567485814,4.4,4038.0,2.46,48.2,Business,Low,0,Wednesday,August,1,True,False,False,False,False,False,True,False,False,False,False,False,0.0,Low,3.578506396632566,1.5851452198650557,5.932115979985556,0.6896702151429129,0.3817872744843101,0,0.9501924521022449,-1.0991663952706623,0
T01799,R0269,Zone_7,1.7712667555459767,1.322994165067419,2.026996172438322,2023-04-15,0.0,Aadhya Sharma,41.0,Male,Mumbai,2023-09-14 00:03:47.581311,-0.22243250446568272,-0.026056301031792503,3.41,11070.0,0.64,45.2,Industrial,Low,0,Saturday,April,1,False,True,False,False,False,False,False,False,False,True,False,False,0.0,Low,5.6534010450952765,2.8142103969306005,10.273266277090261,0.5403259973407792,1.9771821839200237,0,1.6246679514632896,-0.07714251415347918,0
T01800,R0221,Zone_7,1.5051681687209977,2.0778143426358704,2.026996172438322,2023-05-24,0.0,Diya Patel,21.0,Female,Delhi,2024-04-23 00:03:47.581311,0.16831122664114473,-0.7295764288901869,4.41,11070.0,0.64,45.2,Industrial,Low,0,Wednesday,May,0,False,False,True,False,False,False,False,False,False,True,False,False,0.0,Low,5.6534010450952765,2.7434173449395014,11.457312075700827,-0.44221836682108845,-0.5777474999791323,0,0.8324268887217451,-0.6520309472818946,0
T01801,R0042,Zone_5,-0.7076516585604045,-1.015393567306512,-1.037340408323612,2024-03-11,0.0,Arjun Reddy,18.0,Male,Chennai,2026-01-11 00:03:47.581311,-1.0039199666793377,-0.026056301031792503,3.03,2590.0,1.31,43.9,Business,Low,0,Monday,March,1,False,True,False,False,False,False,False,True,False,False,False,False,0.0,Low,3.9518204753022124,1.801709800081223,5.0823223038292245,0.6719913618517916,0.5443211206341212,0,-1.408687468943525,0.3316670382933942,0
T01802,R0138,Zone_3,-0.07975236157865624,-0.0018281908980396974,0.617871710376334,2023-04-21,1.0,Ishaan Das,46.0,Female,Kolkata,2025-02-08 00:03:47.581311,-1.0039199666793377,-1.4330965567485814,3.53,12971.0,2.11,38.0,Business,Low,0,Friday,April,0,False,True,False,False,False,True,False,False,False,False,False,False,0.0,Low,5.181839728489342,2.169053700369523,7.770456872024965,-1.0852866552856026,-0.7591890866206448,0,-0.20605126108811733,-1.0991663952706623,1
T01803,R0179,Zone_7,-0.42054528856503254,-0.5659631312261127,-0.20250806968101337,2023-03-18,0.0,Meera Patel,28.0,Female,Kolkata,2024-06-29 00:03:47.581311,-1.394663697786165,0.6774638268266019,4.64,11070.0,0.64,45.2,Industrial,Low,0,Saturday,March,0,False,False,False,False,False,False,False,False,False,True,False,False,0.0,Low,4.74987640698735,1.986503546020567,6.41482657598785,-1.0072050532498196,-0.38949648232137746,0,0.5933271085249726,1.5836462926619435,0
T01804,R0121,Zone_8,0.5668205204434412,0.18621678921131804,0.7147038528975169,2023-12-04,1.0,Diya Iyer,29.0,Male,Pune,2025-02-04 00:03:47.581311,0.9497986888547996,0.6774638268266019,4.17,4516.0,1.93,31.0,Business,Low,0,Monday,December,1,False,False,False,False,False,False,False,False,False,False,True,False,0.0,Low,5.222407772447687,2.444084655267745,8.17251491280377,-0.8713725304630427,-0.5874988696383137,0,-0.19177664734502645,-0.02604132009762001,0
T01805,R0152,Zone_5,1.8086139256266756,0.7312832058153531,1.65779899403327,2023-10-01,1.0,Arjun Patel,34.0,Female,Bengaluru,2025-03-06 00:03:47.581311,-1.0039199666793377,-1.4330965567485814,3.91,2590.0,1.31,43.9,Business,Low,0,Sunday,October,0,False,False,False,False,False,False,False,True,False,False,False,False,0.0,Low,5.549698459273486,2.8237570088141806,9.239588735436227,0.9513172438514983,1.749590410508932,0,-0.2988362504182081,-1.0991663952706623,0
T01806,R0157,Zone_1,0.5994992942640527,0.6611697108915832,0.6244410551878119,2024-08-23,1.0,Kavya Nair,36.0,Female,Hyderabad,2025-02-04 00:03:47.581311,0.9497986888547996,-0.7295764288901869,4.65,4921.0,2.43,30.9,Residential,Low,0,Friday,August,0,False,False,True,False,False,False,False,False,False,False,False,False,0.0,Low,5.18464462205946,2.4561641809223462,9.109335870413386,1.9436902085930725,1.7634406609740068,0,-0.19177664734502645,-0.7414580368796482,0
T01807,R0016,Zone_8,-0.15444670174005387,-0.1367746664835382,-0.409442431242564,2024-07-21,1.0,Aarav Iyer,28.0,Female,Delhi,2025-12-23 00:03:47.581311,-1.0039199666793377,0.6774638268266019,3.06,4516.0,1.93,31.0,Business,Low,0,Sunday,July,0,False,False,True,False,False,False,False,False,False,False,True,False,0.0,Low,4.603368564041463,2.131796772013764,7.468600939935136,0.09212497390303469,0.0873620217577732,0,-1.3408830536638432,1.0470837550754222,0
T01808,R0099,Zone_8,-1.5923127498469567,-1.4337276416215572,-1.3700120295768476,2023-05-16,1.0,Diya Gupta,35.0,Female,Mumbai,2023-09-28 00:03:47.581311,0.5590549577479722,1.3809839546849962,3.7,4516.0,1.93,31.0,Business,Low,0,Tuesday,May,0,True,False,False,False,False,False,False,False,False,False,True,False,0.0,Low,3.2850380271218693,0.8197798314933114,3.4014702703389896,-0.22622533980596085,0.4143395868343376,0,1.5747068033624714,0.4906485309116225,0
T01809,R0259,Zone_10,0.8866056642594247,0.9920819379795012,0.055535794513834745,2023-12-30,0.0,Aadhya Das,32.0,Female,Jaipur,2025-04-04 00:03:47.581311,0.16831122664114473,0.6774638268266019,3.52,2440.0,1.54,35.4,Industrial,Low,0,Saturday,December,0,False,False,True,True,False,False,False,False,False,False,False,False,0.0,Low,4.906829125370667,2.556451816951096,9.708758932015977,1.105417915039101,0.6900958331662902,0,-0.4023272000556171,0.2422399486956406,0
T01810,R0253,Zone_4,-1.4475924657842487,-1.2401087853467114,-1.4265083949555568,2023-05-17,1.0,Ishaan Gupta,26.0,Female,Surat,2026-02-14 00:03:47.581311,-0.6131762355725101,1.3809839546849962,3.16,4038.0,2.46,48.2,Business,Low,0,Wednesday,May,0,False,False,False,False,False,False,True,False,False,False,False,False,0.0,Low,3.1095072878128356,1.0612565021243408,4.262628297189424,-1.5626156941458604,-2.285889964854369,0,-1.5300216857597975,1.285555994002765,0
T01811,R0283,Zone_9,-0.2408120325516698,-0.5668432169364529,0.4874045224203853,2023-07-23,0.0,Diya Nair,19.0,Male,Surat,2026-03-02 00:03:47.581311,-0.22243250446568272,-1.4330965567485814,3.55,11037.0,1.83,56.1,Mixed,Low,0,Sunday,July,1,False,False,False,False,False,False,False,False,False,False,False,True,0.0,Low,5.124440056536745,2.0869135565185366,6.4124878167525585,-0.0565457637737237,0.5216544986660485,0,-1.5871201407321611,-1.0991663952706623,1
T01812,R0030,Zone_3,1.096683495963355,0.6597029013743496,1.370193078186772,2023-01-14,0.0,Saanvi Patel,25.0,Female,Mumbai,2025-09-19 00:03:47.581311,1.3405424199616272,-1.4330965567485814,3.72,12971.0,2.11,38.0,Business,Low,0,Saturday,January,0,False,True,False,False,False,True,False,False,False,False,False,False,0.0,Low,5.460733790792328,2.6239436918052106,9.10659101969557,-0.4263475780711049,0.3973443902703131,0,-1.0018609772654345,-1.0991663952706623,0
T01813,R0026,Zone_5,0.9262870324701671,0.35871358843799855,-0.25072706059726024,2023-05-24,0.0,Aarav Kumar,26.0,Female,Surat,2024-02-24 00:03:47.581311,0.5590549577479722,0.6774638268266019,3.17,2590.0,1.31,43.9,Business,Low,0,Wednesday,May,0,False,False,False,False,False,False,False,True,False,False,False,False,0.0,Low,4.71760561531788,2.569554123848285,8.524670081592602,0.42330882555669486,-0.7222918137030796,0,1.0429774414323356,0.09319479936605132,0
T01814,R0189,Zone_1,0.9566316081607347,0.5986836254574281,0.971565235026299,2024-02-12,1.0,Reyansh Gupta,29.0,Female,Delhi,2025-06-22 00:03:47.581311,0.16831122664114473,-0.026056301031792503,3.28,4921.0,2.43,30.9,Residential,Low,0,Monday,February,0,False,True,False,False,False,False,False,False,False,False,False,False,0.0,Low,5.322668457411868,2.579458966729223,8.99166280506559,0.537484753061849,1.283400565946733,0,-0.6842508214816622,-0.204895499293127,0
T01815,R0127,Zone_9,0.7932377390576777,0.3519662646587235,2.026996172438322,2024-01-22,0.0,Vivaan Kumar,38.0,Male,Chennai,2025-12-17 00:03:47.581311,0.5590549577479722,1.3809839546849962,4.83,11037.0,1.83,56.1,Mixed,Low,0,Monday,January,1,True,False,False,False,False,False,False,False,False,False,False,True,0.0,Low,5.6534010450952765,2.5249283241374862,8.511169132381285,-0.1319381222533172,0.8470359557790273,0,-1.3194711330492068,0.4906485309116225,1
T01816,R0190,Zone_6,0.14899905516562384,-0.03321791456684044,0.3117402421614689,2023-09-21,1.0,Saanvi Iyer,35.0,Female,Surat,2024-10-29 00:03:47.581311,0.5590549577479722,-0.7295764288901869,4.12,14627.0,0.54,37.6,Mixed,Low,0,Thursday,September,0,False,True,False,False,False,False,False,False,True,False,False,False,0.0,Low,5.041552396730977,2.2752138961979136,7.7012985917960615,-0.18562945447079532,-0.19072280022913898,0,0.1579513893607004,-0.701712663725091,0
T01817,R0249,Zone_7,0.3310665093090302,0.7881954150840197,1.07181343684945,2023-06-09,1.0,Diya Nair,20.0,Male,Mumbai,2025-09-04 00:03:47.581311,0.16831122664114473,0.6774638268266019,4.49,11070.0,0.64,45.2,Industrial,Low,0,Friday,June,1,True,False,False,False,False,False,False,False,False,True,False,False,0.0,Low,5.359224301451558,2.3523271848888596,9.343982020530648,-0.001720272317331987,0.16802568213342545,0,-0.9483311757288437,0.2422399486956406,1
T01818,R0201,Zone_4,0.08597570565444476,0.6488485109468203,-0.13155914571705307,2024-01-31,1.0,Meera Reddy,37.0,Female,Delhi,2025-10-30 00:03:47.581311,-0.22243250446568272,-0.7295764288901869,3.84,4038.0,2.46,48.2,Business,Low,0,Wednesday,January,0,False,False,False,False,False,False,True,False,False,False,False,False,0.0,Low,4.795542580971757,2.247072383063787,9.086253353280437,0.929260769745434,0.6315876152112011,0,-1.148175768132116,-0.5881544547120707,0
T01819,R0292,Zone_7,0.5411443410129609,1.1795401942819654,0.3343387883129525,2023-08-05,0.0,Diya Patel,37.0,Male,Jaipur,2024-07-10 00:03:47.581311,0.5590549577479722,0.6774638268266019,4.39,11070.0,0.64,45.2,Industrial,Low,0,Saturday,August,1,False,True,False,False,False,False,False,False,False,True,False,False,0.0,Low,5.052608625573679,2.4344901638739844,10.032447358446493,0.42789223196550363,-0.11737633993013644,0,0.5540719207314726,0.09319479936605132,0
T01820,R0247,Zone_4,0.60416769052414,0.5567328732645452,-0.38395337337403,2024-08-01,0.0,Aadhya Das,37.0,Male,Bengaluru,2025-11-09 00:03:47.581311,1.7312861510684545,-0.026056301031792503,4.92,4038.0,2.46,48.2,Business,Low,0,Thursday,August,1,False,False,True,False,False,False,True,False,False,False,False,False,0.0,Low,4.622617099591812,2.457877977400081,8.911789943664516,0.873628505222185,0.835705268246608,0,-1.1838623024898434,-0.5029857979523055,0
T01821,R0151,Zone_4,0.13499386638536168,-0.35063549409620853,0.8150834416168978,2023-11-20,0.0,Meera Reddy,34.0,Female,Hyderabad,2025-10-12 00:03:47.581311,-0.22243250446568272,-0.026056301031792503,5.0,4038.0,2.46,48.2,Business,Low,0,Monday,November,0,False,True,False,False,False,False,True,False,False,False,False,False,0.0,Low,5.26279381047899,2.269028309465203,6.963476143421474,0.5276982449899783,0.6015543411035054,0,-1.0839400062882072,-0.07714251415347918,0
T01822,R0233,Zone_5,0.5784915110936597,0.12930457994265096,1.1871711317390004,2024-08-09,0.0,Ishaan Iyer,30.0,Female,Hyderabad,2026-01-14 00:03:47.581311,-0.6131762355725101,-0.026056301031792503,4.37,2590.0,1.31,43.9,Business,Low,0,Friday,August,0,False,True,False,False,False,False,False,True,False,False,False,False,0.0,Low,5.3996999808366395,2.448415541205585,8.052949770115296,1.9623512204003664,2.1979771188826325,0,-1.4193934292508432,0.09319479936605132,0
T01823,R0212,Zone_6,-0.8196931688025006,-0.5240123790332295,-0.6892965202115182,2024-05-15,1.0,Aadhya Iyer,36.0,Male,Ahmedabad,2026-01-10 00:03:47.581311,-0.6131762355725101,-0.026056301031792503,3.22,14627.0,0.54,37.6,Mixed,Low,0,Wednesday,May,1,False,True,False,False,False,False,False,False,True,False,False,False,0.0,Low,4.3633533694082605,1.7191887763932197,6.52533524043018,-0.8888549520509287,-0.1046132478150123,0,-1.4051188155077523,0.09319479936605132,0
T01824,R0248,Zone_9,-0.3785297222242465,-0.22478323751755894,0.24052854440504934,2023-02-24,1.0,Vivaan Ghosh,18.0,Female,Chennai,2026-04-01 00:03:47.581311,-0.22243250446568272,-1.4330965567485814,3.65,11037.0,1.83,56.1,Mixed,Low,0,Friday,February,0,True,False,False,False,False,False,False,False,False,False,False,True,0.0,Low,5.005890723065499,2.010894999144726,7.264984514780469,0.09077801365228189,0.1379746997273161,0,-1.6941797438053428,-1.0991663952706623,0
T01825,R0093,Zone_6,0.24703537662745811,0.36751444554140056,-0.06152993002669977,2024-08-22,1.0,Diya Patel,33.0,Male,Surat,2024-01-01 00:03:47.581311,-1.0039199666793377,-1.4330965567485814,3.77,14627.0,0.54,37.6,Mixed,Low,0,Thursday,August,1,False,False,True,False,False,False,False,False,True,False,False,False,0.0,Low,4.838660029356445,2.3174737054877963,8.542247947700886,1.1964640094883718,0.8481671881161373,0,1.2356847269640627,-1.0991663952706623,0
T01826,R0010,Zone_6,2.2241011927744494,0.8800176908628479,1.2749375784203438,2023-09-20,0.0,Vivaan Gupta,25.0,Male,Surat,2024-01-30 00:03:47.581311,0.5590549577479722,1.3809839546849962,3.38,14627.0,0.54,37.6,Mixed,Low,0,Wednesday,September,1,False,False,False,False,False,False,False,False,True,False,False,False,0.0,Low,5.429433344405574,2.924236271848921,9.509994742374992,0.81355314264958,0.16741507376964454,0,1.1321937773266537,0.4906485309116225,0
T01827,R0110,Zone_1,0.5948308980039655,1.0991590327375595,1.1782368227953903,2023-06-01,1.0,Vivaan Patel,19.0,Male,Kolkata,2023-09-12 00:03:47.581311,-0.22243250446568272,-0.7295764288901869,4.43,4921.0,2.43,30.9,Residential,Low,0,Thursday,June,1,False,False,False,False,False,False,False,False,False,False,False,False,0.0,Low,5.39662305533216,2.454447442303292,9.894948206029175,0.24231104186188815,0.23799116916143737,0,1.631805258334835,-0.5881544547120707,0
T01828,R0090,Zone_3,-0.1777886830404905,0.36839453125174076,0.5764848380640243,2024-06-13,1.0,Kavya Iyer,33.0,Male,Mumbai,2024-04-02 00:03:47.581311,0.5590549577479722,0.6774638268266019,4.51,12971.0,2.11,38.0,Business,Low,0,Thursday,June,1,False,False,False,False,False,True,False,False,False,False,False,False,0.0,Low,5.163985653752745,2.1198634561787513,8.54400374531753,1.1461774934602955,1.3604244495494093,0,0.9073686108729722,0.09319479936605132,1
T01829,R0090,Zone_3,-0.2781592026323684,-0.04495239070471003,0.5312877457610566,2024-08-17,0.0,Kavya Iyer,33.0,Male,Mumbai,2024-01-01 00:03:47.581311,0.5590549577479722,0.6774638268266019,4.51,12971.0,2.11,38.0,Business,Low,0,Saturday,August,1,False,False,False,False,False,True,False,False,False,False,False,False,0.0,Low,5.1441166854707365,2.066862759472976,7.675285010994705,1.1461774934602955,1.3604244495494093,0,1.2356847269640627,0.09319479936605132,1
T01830,R0168,Zone_4,0.8469242960486822,1.579685830583313,0.6572877792452009,2023-10-27,0.0,Diya Das,23.0,Female,Pune,2024-01-31 00:03:47.581311,-1.0039199666793377,-1.4330965567485814,4.03,4038.0,2.46,48.2,Business,Low,0,Friday,October,0,False,False,True,False,False,False,True,False,False,False,False,False,0.0,Low,5.198552278358462,2.543175557911976,10.690650120549265,-0.64095814256877,-0.5328911995468982,0,1.128625123890881,-1.0991663952706623,0
T01831,R0221,Zone_5,-0.13577311669970446,-0.3829053034753495,-0.28042049914514,2023-09-19,0.0,Diya Patel,21.0,Male,Delhi,2025-01-31 00:03:47.581311,0.16831122664114473,0.6774638268266019,4.41,2590.0,1.31,43.9,Business,Low,0,Tuesday,September,1,True,False,False,False,False,False,False,True,False,False,False,False,0.0,Low,4.697202271434585,2.1412419425852827,6.884039511798287,-0.44221836682108845,-0.5777474999791323,0,-0.17750203360193556,0.2422399486956406,0
T01832,R0209,Zone_3,0.7232117951563672,0.7295230343946726,0.7980031451070554,2024-04-30,0.0,Vivaan Sharma,31.0,Male,Surat,2024-10-23 00:03:47.581311,0.16831122664114473,-1.4330965567485814,3.77,12971.0,2.11,38.0,Business,Low,0,Tuesday,April,1,False,False,True,False,False,True,False,False,False,False,False,False,0.0,Low,5.25603597429143,2.5006159434931803,9.236341266973628,-0.45768736345081856,-1.2266267759443161,0,0.17936330997533675,-1.0991663952706623,0
T01833,R0135,Zone_6,0.576157312963616,0.9501311857866178,-0.4341431677337205,2023-09-17,0.0,Reyansh Patel,38.0,Female,Ahmedabad,2024-09-04 00:03:47.581311,0.16831122664114473,1.3809839546849962,3.47,14627.0,0.54,37.6,Mixed,Low,0,Sunday,September,0,False,False,True,False,False,False,False,False,True,False,False,False,0.0,Low,4.584355046274172,2.4475508632442313,9.634832639957997,0.13750069735024334,-0.1852135518341216,0,0.35422732832820014,0.6893753966844082,0
T01834,R0277,Zone_2,-1.475602843344773,-1.2720852328224057,-1.1676762093833315,2023-03-25,1.0,Kavya Gupta,42.0,Male,Jaipur,2023-08-20 00:03:47.581311,0.5590549577479722,-0.7295764288901869,3.06,6371.0,0.91,58.4,Residential,Low,0,Saturday,March,1,False,False,False,False,True,False,False,False,False,False,False,False,0.0,Low,3.740285242173836,1.0188473201992472,4.132795663954365,0.923554896460998,0.8555936549526215,0,1.7138842873576077,-0.701712663725091,0
T01835,R0121,Zone_5,0.5294733503627423,0.6077778444642771,-0.11920877747147485,2024-05-13,1.0,Diya Iyer,29.0,Female,Pune,2023-11-20 00:03:47.581311,0.9497986888547996,1.3809839546849962,4.17,2590.0,1.31,43.9,Business,Low,0,Monday,May,0,False,False,True,False,False,False,False,True,False,False,False,False,0.0,Low,4.803283067577055,2.4300984132930052,9.008884503644166,-0.8713725304630427,-0.5874988696383137,0,1.385568171266517,0.3316670382933942,0
T01836,R0030,Zone_3,0.5224707559726115,0.7562189676083254,0.39057237989920246,2024-04-25,0.0,Saanvi Patel,25.0,Female,Mumbai,2023-09-21 00:03:47.581311,1.3405424199616272,-0.026056301031792503,3.72,12971.0,2.11,38.0,Business,Low,0,Thursday,April,0,False,False,False,False,False,True,False,False,False,False,False,False,0.0,Low,5.0796014985609785,2.427454075039915,9.285472524325296,-0.4263475780711049,0.3973443902703131,0,1.5996873774128804,-0.4487875618324548,0
T01837,R0144,Zone_4,0.9076134474298176,1.7202061823342991,0.41290815225822686,2024-06-02,1.0,Ishaan Kumar,34.0,Female,Pune,2024-01-24 00:03:47.581311,0.5590549577479722,-0.026056301031792503,3.52,4038.0,2.46,48.2,Business,Low,0,Sunday,June,0,False,False,True,False,False,False,True,False,False,False,False,False,0.0,Low,5.090124002186512,2.563409711275944,10.912378292562991,0.7624808998085651,1.2620660015370258,0,1.15360569794129,-0.3042589321795199,0
T01838,R0288,Zone_4,-0.9994264248158634,-0.8754599393624188,-0.8424936412151804,2023-09-01,0.0,Diya Ghosh,42.0,Male,Ahmedabad,2025-11-15 00:03:47.581311,0.16831122664114473,-0.026056301031792503,4.56,4038.0,2.46,48.2,Business,Low,0,Friday,September,1,False,True,False,False,False,False,True,False,False,False,False,False,0.0,Low,4.202600880991953,1.57069708411767,5.531726674375733,-0.932069926762557,-0.9116905914431296,0,-1.2052742231044797,-0.204895499293127,0
T01839,R0187,Zone_10,1.255408968806325,1.3191804603226114,1.8410837142735006,2024-02-04,1.0,Saanvi Reddy,27.0,Male,Surat,2024-06-23 00:03:47.581311,-0.22243250446568272,1.3809839546849962,4.71,2440.0,1.54,35.4,Industrial,Low,0,Sunday,February,1,True,False,False,True,False,False,False,False,False,False,False,False,0.0,Low,5.602524642581974,2.6720775406433925,10.266937225872184,1.594322393554259,2.141326304672151,0,0.614739029139609,0.9448813669637038,0
T01840,R0226,Zone_6,-0.21513585312118932,0.22083349381803266,0.34498112690754656,2024-05-15,0.0,Aarav Iyer,20.0,Male,Surat,2026-04-06 00:03:47.581311,-0.22243250446568272,0.6774638268266019,3.25,14627.0,0.54,37.6,Mixed,Low,0,Wednesday,May,1,False,False,False,False,False,False,False,False,True,False,False,False,0.0,Low,5.057773300553659,2.1004689088719113,8.244392033376384,-0.28889640702845243,-0.015119442815375127,0,-1.7120230109842065,0.43386942640511234,0
T01841,R0154,Zone_10,2.298795532935847,1.2217843083782953,0.26825117950948585,2023-12-03,1.0,Kavya Patel,18.0,Female,Kolkata,2026-03-16 00:03:47.581311,2.122029882175282,-0.7295764288901869,4.68,2440.0,1.54,35.4,Industrial,Low,0,Sunday,December,0,True,False,False,True,False,False,False,False,False,False,False,False,0.0,Low,5.019925341003349,2.9412760877579323,10.103959619871805,1.5153179942313024,0.8079005153852908,0,-1.6370812888329793,-0.8240061195852668,0
T01842,R0298,Zone_5,2.0233601535906938,0.9375166239384084,2.026996172438322,2023-07-15,1.0,Vivaan Singh,35.0,Male,Ahmedabad,2025-06-22 00:03:47.581311,-0.22243250446568272,-0.026056301031792503,3.88,2590.0,1.31,43.9,Business,Low,0,Saturday,July,1,False,True,False,False,False,False,False,True,False,False,False,False,0.0,Low,5.6534010450952765,2.876948737564024,9.612491872558333,0.5512700493781397,0.10940531162172483,0,-0.6842508214816622,-0.07714251415347918,0
T01843,R0256,Zone_6,-0.7309936398608411,-0.473554131640391,-0.921325778952914,2023-11-27,0.0,Aadhya Sharma,31.0,Female,Delhi,2023-10-01 00:03:47.581311,-0.6131762355725101,-0.026056301031792503,3.65,14627.0,0.54,37.6,Mixed,Low,0,Monday,November,0,False,False,True,False,False,False,False,False,True,False,False,False,0.0,Low,4.108576144468825,1.7850704810772584,6.6558245169174945,-0.6973340413971207,-0.14378400390358864,0,1.5640008430551533,0.09319479936605132,0
T01844,R0236,Zone_1,-1.6203231274074805,-1.4404749654008322,-1.4391215369935941,2024-05-01,1.0,Arjun Gupta,28.0,Male,Ahmedabad,2024-04-23 00:03:47.581311,1.3405424199616272,-0.026056301031792503,3.36,4921.0,2.43,30.9,Residential,Low,0,Wednesday,May,1,False,False,True,False,False,False,False,False,False,False,False,False,0.0,Low,3.065724645374026,0.7654678421395714,3.3674916480965473,-2.0892312330904557,-1.9871584832459817,0,0.8324268887217451,-0.4487875618324548,0
T01845,R0137,Zone_4,0.7932377390576777,-0.07898237150453129,1.2947769997510066,2024-03-03,1.0,Arjun Gupta,27.0,Female,Bengaluru,2024-07-13 00:03:47.581311,-0.22243250446568272,-0.7295764288901869,3.14,4038.0,2.46,48.2,Business,Low,0,Sunday,March,0,False,False,True,False,False,False,True,False,False,False,False,False,0.0,Low,5.4360337399118706,2.5249283241374862,7.599342076785332,2.16257124934028,2.4858117364577574,0,0.5433659604241545,-0.5881544547120707,0
T01846,R0013,Zone_7,-0.9784186416454704,-0.9690423865619275,-0.9323622782361966,2023-03-16,0.0,Ishaan Gupta,43.0,Male,Kolkata,2025-05-09 00:03:47.581311,0.5590549577479722,-0.026056301031792503,3.91,11070.0,0.64,45.2,Industrial,Low,0,Thursday,March,1,False,False,False,False,False,False,False,False,False,True,False,False,0.0,Low,4.0946778400122215,1.589235205116581,5.23545604508337,0.5031910515387956,0.9648604147871388,0,-0.5272300703076624,-0.3042589321795199,0
T01847,R0082,Zone_10,1.3184323183175042,1.7031911919343885,-0.18963215385051685,2023-12-12,0.0,Kavya Singh,26.0,Male,Pune,2024-07-25 00:03:47.581311,-1.7854074288929924,-0.7295764288901869,3.15,2440.0,1.54,35.4,Industrial,Low,0,Tuesday,December,1,True,False,False,True,False,False,False,False,False,False,False,False,0.0,Low,4.758320365481766,2.6905648867611904,10.88577052853862,0.06776744270193463,-1.0168896895459931,0,0.5005421191948818,0.09319479936605132,0
T01848,R0286,Zone_8,0.5971650961340091,1.0090969283794118,-0.35833292860926674,2023-07-26,0.0,Ishaan Nair,26.0,Male,Pune,2025-01-30 00:03:47.581311,-0.6131762355725101,-0.026056301031792503,4.48,4516.0,1.93,31.0,Business,Low,0,Wednesday,July,1,False,True,False,False,False,False,False,False,False,False,True,False,0.0,Low,4.641598542601643,2.4553061800117097,9.73858305915188,-0.6177792015870784,-0.7890822684120105,0,-0.17393338016616283,0.09319479936605132,0
T01849,R0003,Zone_9,-1.7183594488693148,-1.588329364737987,-1.486158045843775,2023-01-21,0.0,Kavya Reddy,34.0,Female,Pune,2025-11-21 00:03:47.581311,0.9497986888547996,1.3809839546849962,3.76,11037.0,1.83,56.1,Mixed,Low,0,Saturday,January,0,True,False,False,False,False,False,False,False,False,False,False,True,0.0,Low,2.8831233291713367,0.5481214085096876,2.5099800796022267,-0.7800317884589186,-1.043168804390227,0,-1.226686143719116,0.3316670382933942,0
T01850,R0271,Zone_2,0.8912740605195119,0.5476386542576963,0.5822658614981246,2023-07-10,1.0,Saanvi Iyer,22.0,Female,Bengaluru,2023-09-15 00:03:47.581311,0.16831122664114473,1.3809839546849962,4.37,6371.0,0.91,58.4,Residential,Low,0,Monday,July,0,True,False,False,False,True,False,False,False,False,False,False,False,0.0,Low,5.1664987919271885,2.558002204858551,8.894380248224156,0.021114913183699048,-0.45899565082452587,0,1.6210992980275167,0.6893753966844082,0
T01851,R0022,Zone_9,0.13966226264544893,-0.2787618277517584,-0.32824532937269835,2023-06-02,1.0,Aarav Nair,43.0,Male,Kolkata,2024-01-05 00:03:47.581311,-0.22243250446568272,-0.7295764288901869,3.32,11037.0,1.83,56.1,Mixed,Low,0,Friday,June,1,False,False,False,False,False,False,False,False,False,False,False,True,0.0,Low,4.663439094112067,2.2710944259026746,7.137226352022191,-0.3697140220735754,-0.39034648064518024,0,1.2214101132209718,-0.5881544547120707,0
T01852,R0238,Zone_10,0.4594474064614324,-0.25793313260704015,-0.44517966701700323,2024-08-06,1.0,Reyansh Patel,30.0,Male,Pune,2024-03-28 00:03:47.581311,-0.6131762355725101,1.3809839546849962,4.91,2440.0,1.54,35.4,Industrial,Low,0,Tuesday,August,1,False,False,False,True,False,False,False,False,False,False,False,False,0.0,Low,4.575741375297279,2.403334996094189,7.1867934435323795,-0.9644811577962785,-1.0019045339115444,0,0.9252118780518358,1.285555994002765,0
T01853,R0285,Zone_5,1.7572615667657145,2.1244588852839015,2.026996172438322,2024-06-24,1.0,Diya Iyer,29.0,Female,Chennai,2024-11-11 00:03:47.581311,0.5590549577479722,-0.7295764288901869,4.97,2590.0,1.31,43.9,Business,Low,0,Monday,June,0,True,False,False,False,False,False,False,True,False,False,False,False,0.0,Low,5.6534010450952765,2.810606789427302,11.526491226735047,-0.6505178187928573,-0.1994641410159006,0,0.11155889469565501,-0.701712663725091,0
T01854,R0097,Zone_2,-0.17312028678040325,-0.06020720968394017,-0.4650190883476661,2024-08-06,1.0,Aarav Iyer,23.0,Female,Bengaluru,2026-02-28 00:03:47.581311,0.16831122664114473,1.3809839546849962,3.28,6371.0,0.91,58.4,Residential,Low,0,Tuesday,August,0,False,False,False,False,True,False,False,False,False,False,False,False,0.0,Low,4.560068212075671,2.122261538862764,7.641334961902927,0.3459638424080422,0.319130592487773,0,-1.5799828338606157,0.6893753966844082,0
T01855,R0282,Zone_10,0.8632636829589876,0.23491486518347607,1.3316967175915118,2023-08-10,1.0,Reyansh Kumar,22.0,Female,Bengaluru,2023-09-02 00:03:47.581311,0.5590549577479722,1.3809839546849962,4.47,2440.0,1.54,35.4,Industrial,Low,0,Thursday,August,0,False,False,True,True,False,False,False,False,False,False,False,False,0.0,Low,5.448201816085329,2.548663615590751,8.273451516749223,1.3124896688656529,0.8859312494478517,0,1.667491792692562,0.4906485309116225,0
T01856,R0245,Zone_6,-0.7193226492106228,-0.55452201699169,-0.9663914843596516,2023-03-07,0.0,Diya Sharma,35.0,Male,Hyderabad,2025-08-18 00:03:47.581311,-1.0039199666793377,-0.7295764288901869,4.73,14627.0,0.54,37.6,Mixed,Low,0,Tuesday,March,1,True,False,False,False,False,False,False,False,True,False,False,False,0.0,Low,4.0505668148762055,1.7934247485471162,6.445153217728808,-0.08702073944698879,0.6704608718864474,0,-0.8876640673207075,-0.383749678488634,0
T01857,R0274,Zone_1,-0.6913122716500987,-0.3600230750065041,-0.23811391855922295,2023-03-13,0.0,Reyansh Nair,27.0,Female,Surat,2023-09-05 00:03:47.581311,-1.394663697786165,0.6774638268266019,3.04,4921.0,2.43,30.9,Residential,Low,0,Monday,March,0,False,False,True,False,False,False,False,False,False,False,False,False,0.0,Low,4.726148112540994,1.81319474994812,6.940461079784253,-0.3133100615733336,-0.3534659978179621,0,1.656785832385244,1.5836462926619435,0
T01858,R0196,Zone_5,-0.2758250045023248,-0.7452072542320682,-0.21262486069068914,2023-02-07,1.0,Vivaan Das,18.0,Male,Hyderabad,2023-09-13 00:03:47.581311,1.7312861510684545,1.3809839546849962,4.93,2590.0,1.31,43.9,Business,Low,0,Tuesday,February,1,False,True,False,False,False,False,False,True,False,False,False,False,0.0,Low,4.743191483885466,2.0681277817795625,5.919459434779497,-0.0564756095939968,-0.034067322116810524,0,1.6282366048990622,0.09319479936605132,0
T01859,R0297,Zone_2,-0.7449988286411031,-0.8068132539558828,-1.0818805661454314,2023-04-22,0.0,Saanvi Gupta,47.0,Female,Pune,2025-11-10 00:03:47.581311,-1.394663697786165,-0.026056301031792503,3.87,6371.0,0.91,58.4,Residential,Low,0,Saturday,April,0,False,False,False,False,True,False,False,False,False,False,False,False,0.0,Low,3.8844462376579116,1.7749523509116738,5.739337940912697,-1.27386109039089,-0.9697856157685915,0,-1.1874309559256162,0.6893753966844082,0
T01860,R0145,Zone_5,0.6415148606048388,0.9495444619797244,-0.3538657741374618,2023-07-08,0.0,Saanvi Nair,36.0,Male,Jaipur,2025-10-15 00:03:47.581311,-1.394663697786165,0.6774638268266019,4.3,2590.0,1.31,43.9,Business,Low,0,Saturday,July,1,False,True,False,False,False,False,False,True,False,False,False,False,0.0,Low,4.644871552839644,2.4714836294558595,9.633794683301073,2.058602754985357,0.991231350437957,0,-1.0946459665955253,1.5836462926619435,0
T01861,R0041,Zone_2,-1.5666365704164762,-1.5431516316071896,-1.3324353772551947,2023-07-12,1.0,Aarav Nair,25.0,Female,Pune,2025-09-11 00:03:47.581311,-1.0039199666793377,-0.7295764288901869,4.74,6371.0,0.91,58.4,Residential,Low,0,Wednesday,July,0,False,True,False,False,True,False,False,False,False,False,False,False,0.0,Low,3.3867603338643857,0.8671004876833833,2.8,0.19819809364975854,0.31379213079300117,0,-0.9733117497792527,-0.383749678488634,0
T01862,R0217,Zone_5,0.9472948156405602,1.7363410870238696,0.006265708427751256,2023-01-05,0.0,Kavya Iyer,39.0,Female,Jaipur,2026-01-16 00:03:47.581311,-1.0039199666793377,0.6774638268266019,3.52,2590.0,1.31,43.9,Business,Low,0,Thursday,January,0,False,False,True,False,False,False,False,True,False,False,False,False,0.0,Low,4.87870262283543,2.5764217586237734,10.937549999885714,0.23355580023199912,0.7901217470262318,0,-1.4265307361223887,1.0470837550754222,0
T01863,R0006,Zone_4,-0.9107268958742039,-0.7305391590597314,-1.1295740094767603,2024-01-19,1.0,Aarav Das,45.0,Female,Jaipur,2025-08-01 00:03:47.581311,-0.22243250446568272,-1.4330965567485814,4.64,4038.0,2.46,48.2,Business,Low,0,Friday,January,0,False,False,False,False,False,False,True,False,False,False,False,False,0.0,Low,3.806884687304841,1.6467336971777973,5.961543424315552,0.5554793001617393,0.8761982439499878,0,-0.8269969589125711,-1.0991663952706623,0
T01864,R0199,Zone_9,0.41976603825069,0.7007735678568924,0.20715627276274223,2024-01-29,1.0,Aarav Das,29.0,Female,Ahmedabad,2024-11-19 00:03:47.581311,0.9497986888547996,-1.4330965567485814,3.91,11037.0,1.83,56.1,Mixed,Low,0,Monday,January,0,False,False,True,False,False,False,False,False,False,False,False,True,0.0,Low,4.988730458708206,2.387844936944869,9.183136719008381,0.24946676819400834,0.9689188944381358,0,0.08300966720947323,-1.0991663952706623,0
T01865,R0213,Zone_5,-1.4079110975735063,-1.3996976608217357,-1.3667273571711087,2023-11-20,0.0,Kavya Ghosh,29.0,Female,Chennai,2026-01-31 00:03:47.581311,0.5590549577479722,1.3809839546849962,3.74,2590.0,1.31,43.9,Business,Low,0,Monday,November,0,False,False,False,False,False,False,False,True,False,False,False,False,0.0,Low,3.2943542860441064,1.1184149159642893,3.5679125549822546,-0.7683768407336619,-0.43676583355062903,0,-1.4800605376589795,0.4906485309116225,0
T01866,R0208,Zone_9,0.5364759447528736,1.261094803440158,-0.4253402456863402,2024-03-08,0.0,Aadhya Iyer,24.0,Male,Chennai,2023-09-26 00:03:47.581311,-0.6131762355725101,1.3809839546849962,4.75,11037.0,1.83,56.1,Mixed,Low,0,Friday,March,1,True,False,False,False,False,False,False,False,False,False,False,True,0.0,Low,4.591172676344238,2.432735777459091,10.170054080485512,0.08544629599305494,-0.9793717079759219,0,1.5818441102340168,1.285555994002765,0
T01867,R0139,Zone_1,1.2437379781561066,1.389587317149828,2.026996172438322,2023-09-06,1.0,Diya Gupta,44.0,Female,Kolkata,2025-10-17 00:03:47.581311,0.16831122664114473,-0.026056301031792503,4.39,4921.0,2.43,30.9,Residential,Low,0,Wednesday,September,0,True,False,False,False,False,False,False,False,False,False,False,False,0.0,Low,5.6534010450952765,2.668616131856803,10.383159442096611,-0.42822260796561756,-0.2510766163965579,0,-1.1017832734670707,-0.204895499293127,0
T01868,R0243,Zone_2,-0.009726417677345878,0.018707142343231682,-0.5851067115014803,2023-08-17,1.0,Ishaan Patel,33.0,Female,Jaipur,2025-09-14 00:03:47.581311,-0.22243250446568272,0.6774638268266019,3.7,6371.0,0.91,58.4,Residential,Low,0,Thursday,August,0,True,False,False,False,True,False,False,False,False,False,False,False,0.0,Low,4.4595662121293,2.2027647577118348,7.815369473031969,-0.11210787411724529,0.18250516746875955,0,-0.9840177100865709,0.43386942640511234,0
T01869,R0172,Zone_4,1.7852719443262388,2.196039189724905,2.026996172438322,2024-06-29,0.0,Reyansh Reddy,31.0,Female,Pune,2024-01-30 00:03:47.581311,1.3405424199616272,-1.4330965567485814,3.72,4038.0,2.46,48.2,Business,Low,0,Saturday,June,0,False,True,False,False,False,False,True,False,False,False,False,False,0.0,Low,5.6534010450952765,2.8178010650613294,11.631852818876277,-0.22277290380971576,-0.04607998782176537,0,1.1321937773266537,-1.0991663952706623,0
T01870,R0295,Zone_1,-0.1847912774306216,0.20088488438365484,-0.858917003243875,2023-12-26,0.0,Kavya Gupta,18.0,Male,Delhi,2025-08-23 00:03:47.581311,0.5590549577479722,1.3809839546849962,3.59,4921.0,2.43,30.9,Residential,Low,0,Tuesday,December,1,True,False,False,False,False,False,False,False,False,False,False,False,0.0,Low,4.1837281233567865,2.1162555148025524,8.203048213926333,-1.836965306330289,-2.371944424784545,0,-0.905507334499571,0.4906485309116225,0
T01871,R0055,Zone_1,0.4594474064614324,1.1692725276613294,1.3398427051577444,2024-04-05,1.0,Kavya Singh,32.0,Female,Delhi,2025-01-04 00:03:47.581311,0.16831122664114473,0.6774638268266019,4.19,4921.0,2.43,30.9,Residential,Low,0,Friday,April,0,False,False,True,False,False,False,False,False,False,False,False,False,0.0,Low,5.450866765008321,2.403334996094189,10.014988766843425,0.5131763297865582,0.1910405673036116,0,-0.08114839083607203,0.2422399486956406,1
T01872,R0197,Zone_5,-1.102131142537785,-1.1333250524920997,-1.238230972658603,2023-04-05,0.0,Saanvi Das,29.0,Male,Bengaluru,2024-03-24 00:03:47.581311,0.9497986888547996,1.3809839546849962,3.87,2590.0,1.31,43.9,Business,Low,0,Wednesday,April,1,False,False,False,False,False,False,False,True,False,False,False,False,0.0,Low,3.6038660797869797,1.4747630091074988,4.670117771534247,-0.5796714511595517,-1.035400764153252,0,0.9394864917949267,0.3316670382933942,0
T01873,R0150,Zone_7,0.4897919821519999,0.1912039415699122,1.2642952398257497,2024-02-02,0.0,Ishaan Gupta,33.0,Female,Pune,2025-09-03 00:03:47.581311,-0.22243250446568272,1.3809839546849962,4.95,11070.0,0.64,45.2,Industrial,Low,0,Friday,February,0,False,False,True,False,False,False,False,False,False,True,False,False,0.0,Low,5.425874699962912,2.4150205223238337,8.182909018191513,-0.09948012176644538,-0.7368624639820931,0,-0.944762522293071,0.9448813669637038,1
T01874,R0281,Zone_5,-0.6843096772599676,-0.6261023214326935,-1.1410046694487317,2023-06-05,1.0,Arjun Iyer,21.0,Female,Jaipur,2024-07-22 00:03:47.581311,-1.0039199666793377,-1.4330965567485814,4.74,2590.0,1.31,43.9,Business,Low,0,Monday,June,0,False,False,False,False,False,False,False,True,False,False,False,False,0.0,Low,3.7873664008285903,1.8180767775454285,6.252999280345393,-0.2744165843328677,-0.7881456961848574,0,0.5112480795022,-1.0991663952706623,0
T01875,R0056,Zone_10,-0.8617087351432867,-0.8845541583692678,-0.9925374767093333,2023-05-26,1.0,Meera Patel,40.0,Male,Hyderabad,2024-01-10 00:03:47.581311,0.5590549577479722,-1.4330965567485814,3.25,2440.0,1.54,35.4,Industrial,Low,0,Friday,May,1,False,False,True,True,False,False,False,False,False,False,False,False,0.0,Low,4.015301354881648,1.6863989535702288,5.503635162326805,-0.432478628202369,-0.8547708734419384,0,1.2035668460421083,-1.0991663952706623,0
T01876,R0017,Zone_4,1.8226191144069377,1.7169792013963852,0.4168497591451137,2023-06-17,0.0,Meera Das,49.0,Female,Mumbai,2025-07-24 00:03:47.581311,-0.22243250446568272,1.3809839546849962,3.83,4038.0,2.46,48.2,Business,Low,0,Saturday,June,0,False,False,False,False,False,False,True,False,False,False,False,False,0.0,Low,5.091969475151227,2.8273136219290276,10.907336980216574,-0.05570391361700346,-0.46075467513350665,0,-0.7984477314263894,0.9448813669637038,0
T01877,R0281,Zone_1,-1.503613220905297,-1.5088282889039215,-1.4065375867286642,2023-05-04,1.0,Arjun Iyer,21.0,Male,Jaipur,2025-09-19 00:03:47.581311,-1.0039199666793377,-0.7295764288901869,4.74,4921.0,2.43,30.9,Residential,Low,0,Thursday,May,1,False,True,False,False,False,False,False,False,False,False,False,False,0.0,Low,3.175132901920282,0.9745596399981308,3.0016662039607267,-0.2744165843328677,-0.7881456961848574,0,-1.0018609772654345,-0.383749678488634,0
T01878,R0097,Zone_10,-0.15444670174005387,-0.6152479310051643,-0.26623071435234796,2024-06-19,1.0,Aarav Iyer,23.0,Male,Bengaluru,2024-08-15 00:03:47.581311,0.16831122664114473,1.3809839546849962,3.28,2440.0,1.54,35.4,Industrial,Low,0,Wednesday,June,1,False,True,False,True,False,False,False,False,False,False,False,False,0.0,Low,4.707004491869359,2.131796772013764,6.282515419798028,0.3459638424080422,0.319130592487773,0,0.4256003970436546,0.6893753966844082,0
T01879,R0195,Zone_3,0.8095771259679835,0.7438977676635625,-0.3420409534768017,2023-03-24,1.0,Aadhya Reddy,33.0,Female,Kolkata,2023-11-11 00:03:47.581311,0.5590549577479722,1.3809839546849962,4.97,12971.0,2.11,38.0,Business,Low,0,Friday,March,0,False,False,True,False,False,True,False,False,False,False,False,False,0.0,Low,4.653484046266642,2.5305171610400525,9.262828941527529,-0.1640219671149804,-0.4615941796508422,0,1.4176860521884715,0.4906485309116225,0
T01880,R0057,Zone_4,0.25170377288754536,0.3044416363003522,-0.14259564500033584,2023-11-17,1.0,Aadhya Reddy,39.0,Male,Bengaluru,2024-04-10 00:03:47.581311,1.7312861510684545,-0.026056301031792503,3.66,4038.0,2.46,48.2,Business,Low,0,Friday,November,1,True,False,False,False,False,False,True,False,False,False,False,False,0.0,Low,4.788574489733284,2.3194422100604686,8.415461959987699,-0.7498795220123965,-0.9787656906524701,0,0.8788193833867904,-0.5029857979523055,0
T01881,R0213,Zone_6,-1.5993153442370875,-1.4387147939801517,-1.486158045843775,2024-08-14,1.0,Kavya Ghosh,29.0,Female,Chennai,2025-04-13 00:03:47.581311,0.5590549577479722,-0.026056301031792503,3.74,14627.0,0.54,37.6,Mixed,Low,0,Wednesday,August,0,False,False,True,False,False,False,False,False,True,False,False,False,0.0,Low,2.8831233291713367,0.8064758658669484,3.3763886032268267,-0.7683768407336619,-0.43676583355062903,0,-0.4344450809775716,-0.3042589321795199,0
T01882,R0022,Zone_8,0.6835304269456248,0.3188163695692425,-0.08596789272539718,2023-05-11,1.0,Aarav Nair,43.0,Female,Kolkata,2025-07-12 00:03:47.581311,-0.22243250446568272,-0.026056301031792503,3.32,4516.0,1.93,31.0,Business,Low,0,Thursday,May,0,False,False,True,False,False,False,False,False,False,False,True,False,0.0,Low,4.8238236720294365,2.4865719291070616,8.444524853418338,-0.3697140220735754,-0.39034648064518024,0,-0.7556238901971166,-0.07714251415347918,0
T01883,R0010,Zone_6,-1.6296599199276554,-1.452502803442148,-1.3818368502375076,2024-05-14,0.0,Vivaan Gupta,25.0,Male,Surat,2025-03-30 00:03:47.581311,0.5590549577479722,-0.7295764288901869,3.38,14627.0,0.54,37.6,Mixed,Low,0,Tuesday,May,1,False,True,False,False,False,False,False,False,True,False,False,False,0.0,Low,3.2507620137305224,0.7466879474879752,3.306055050963308,0.81355314264958,0.16741507376964454,0,-0.3844839328767535,-0.701712663725091,0
T01884,R0265,Zone_1,-0.5395893931972598,-0.26790743732422906,-0.4323037511865067,2023-02-27,0.0,Kavya Das,39.0,Male,Bengaluru,2024-04-01 00:03:47.581311,-1.394663697786165,-0.7295764288901869,3.26,4921.0,2.43,30.9,Residential,Low,0,Monday,February,1,False,True,False,False,False,False,False,False,False,False,False,False,0.0,Low,4.585783472187901,1.9139771019523042,7.163099887618489,1.8435100399433877,0.7253825691363784,0,0.9109372643087449,-0.204895499293127,0
T01885,R0198,Zone_7,-0.30616958019289253,-0.5348667694607586,0.18311247075273332,2023-10-22,0.0,Vivaan Kumar,31.0,Male,Mumbai,2025-06-09 00:03:47.581311,-1.394663697786165,1.3809839546849962,3.85,11070.0,0.64,45.2,Industrial,Low,0,Sunday,October,1,True,False,False,False,False,False,False,False,False,True,False,False,0.0,Low,4.976181866026876,2.0515563381903004,6.496922348312315,0.9934518441953362,0.5667162153598685,0,-0.6378583268166168,2.4779171886394784,0
T01886,R0293,Zone_6,-0.34818514653367877,-0.3805584082477757,0.4545577983629963,2024-08-17,1.0,Arjun Kumar,39.0,Male,Delhi,2024-07-22 00:03:47.581311,-1.394663697786165,-0.026056301031792503,3.2,14627.0,0.54,37.6,Mixed,Low,0,Saturday,August,1,False,False,True,False,False,False,False,False,True,False,False,False,0.0,Low,5.10945446171066,2.028148247292285,6.8898476035395735,-1.4653820010446967,-0.9793717079759219,0,0.5112480795022,0.6893753966844082,1
T01887,R0222,Zone_5,-0.14510990921987915,0.4132789024790914,-0.21420150344544367,2024-01-21,1.0,Aarav Singh,27.0,Female,Surat,2025-07-20 00:03:47.581311,-0.22243250446568272,-0.7295764288901869,3.44,2590.0,1.31,43.9,Business,Low,0,Sunday,January,0,False,True,False,False,False,False,False,True,False,False,False,False,0.0,Low,4.742145641015169,2.136530508663963,8.633075929238663,0.37784891709381246,0.7190902204337829,0,-0.7841731176832984,-0.5881544547120707,0
T01888,R0046,Zone_10,0.7558905689769788,0.7350969105601605,0.6353461675748652,2024-06-29,1.0,Vivaan Singh,31.0,Female,Kolkata,2023-09-12 00:03:47.581311,0.16831122664114473,-1.4330965567485814,3.87,2440.0,1.54,35.4,Industrial,Low,0,Saturday,June,0,False,False,True,True,False,False,False,False,False,False,False,False,0.0,Low,5.189283445523902,2.512035317176253,9.246621004453464,1.1260432438787409,0.8854537812536175,0,1.631805258334835,-1.0991663952706623,0
T01889,R0018,Zone_3,-0.21980424938127657,-0.19104661862118436,0.060397109674328375,2023-08-24,1.0,Aarav Reddy,49.0,Male,Delhi,2024-02-19 00:03:47.581311,-0.6131762355725101,1.3809839546849962,3.29,12971.0,2.11,38.0,Business,Low,0,Thursday,August,1,False,False,True,False,False,True,False,False,False,False,False,False,0.0,Low,4.909561872002819,2.0980179272527715,7.343704787094863,0.5539359082077526,1.4568179323009016,0,1.0608207086111994,1.285555994002765,0
T01890,R0256,Zone_3,0.19334881963645353,-0.28433570391724633,1.1170105291524173,2023-08-01,1.0,Aadhya Sharma,31.0,Female,Delhi,2026-02-09 00:03:47.581311,-0.6131762355725101,0.6774638268266019,3.65,12971.0,2.11,38.0,Business,Low,0,Tuesday,August,0,True,False,False,False,False,True,False,False,False,False,False,False,0.0,Low,5.375278407684165,2.2945529212967815,7.123903424387503,-0.6973340413971207,-0.14378400390358864,0,-1.512178418580934,0.6893753966844082,1
T01892,R0202,Zone_4,1.292756138887024,2.2174546086765163,-0.13352994916049649,2024-07-26,1.0,Aadhya Reddy,27.0,Female,Ahmedabad,2024-01-25 00:03:47.581311,0.16831122664114473,1.3809839546849962,4.72,4038.0,2.46,48.2,Business,Low,0,Friday,July,0,False,False,False,False,False,False,True,False,False,False,False,False,0.0,Low,4.794301834710595,2.683074215032033,11.663189958154673,0.6605001072125638,-0.5075459023056194,0,1.1500370445055175,0.6893753966844082,0
T01893,R0242,Zone_8,0.048628535573745954,-0.24150486601402288,-0.6352965058611707,2023-05-01,1.0,Kavya Iyer,34.0,Female,Ahmedabad,2025-04-29 00:03:47.581311,-0.22243250446568272,0.6774638268266019,4.54,4516.0,1.93,31.0,Business,Low,0,Monday,May,0,False,False,True,False,False,False,False,False,False,False,True,False,0.0,Low,4.414372810713093,2.2300144001592104,7.22564875980005,-2.5568407292322184,-2.7290224243301915,0,-0.49154353594993516,0.43386942640511234,0
T01895,R0184,Zone_2,-0.7636724136814524,-1.059691214726969,-0.7310775532125169,2023-03-11,1.0,Meera Nair,29.0,Female,Surat,2023-10-02 00:03:47.581311,0.16831122664114473,-0.026056301031792503,3.97,6371.0,0.91,58.4,Residential,Low,0,Saturday,March,0,False,True,False,False,True,False,False,False,False,False,False,False,0.0,Low,4.322011202263895,1.7613002617433464,4.931531202375181,0.32607513245553066,0.7142263411364674,0,1.5604321896193805,-0.204895499293127,0
T01896,R0209,Zone_8,0.5854941054837906,0.5215294448509368,-0.290143129466127,2024-07-28,1.0,Vivaan Sharma,31.0,Male,Surat,2023-10-12 00:03:47.581311,0.16831122664114473,0.6774638268266019,3.77,4516.0,1.93,31.0,Business,Low,0,Sunday,July,1,False,False,False,False,False,False,False,False,False,False,True,False,0.0,Low,4.690430029938915,2.451005098112319,8.84420714366189,-0.45768736345081856,-1.2266267759443161,0,1.5247456552616532,0.2422399486956406,0
T01897,R0235,Zone_2,-1.860745534801979,-1.7499717735371383,-1.486158045843775,2023-07-21,0.0,Aarav Ghosh,34.0,Male,Delhi,2024-12-06 00:03:47.581311,0.16831122664114473,-0.026056301031792503,4.06,6371.0,0.91,58.4,Residential,Low,0,Friday,July,1,True,False,False,False,True,False,False,False,False,False,False,False,0.0,Low,2.8831233291713367,0.11332868530700317,0.8888194417315589,-0.6690969840571369,-0.8597934715620631,0,0.022342558801336933,-0.204895499293127,0
T01898,R0265,Zone_6,0.44310801955112666,0.14426603701843463,0.8249374588341145,2024-05-05,1.0,Kavya Das,39.0,Female,Bengaluru,2024-11-07 00:03:47.581311,-1.394663697786165,-1.4330965567485814,3.26,14627.0,0.54,37.6,Mixed,Low,0,Sunday,May,0,False,True,False,False,False,False,False,False,True,False,False,False,0.0,Low,5.266671888712491,2.39698576841553,8.084553172563094,1.8435100399433877,0.7253825691363784,0,0.1258335084387459,-1.0991663952706623,0
T01899,R0177,Zone_10,-0.15211250361001002,-0.6442907594463912,-0.5442453867740884,2024-07-22,1.0,Ishaan Reddy,34.0,Male,Bengaluru,2026-01-06 00:03:47.581311,1.3405424199616272,0.6774638268266019,4.48,2440.0,1.54,35.4,Industrial,Low,0,Monday,July,1,False,True,False,True,False,False,False,False,False,False,False,False,0.0,Low,4.494908791730554,2.132982308607866,6.203224967708329,0.5084887550502762,0.11712398326918608,0,-1.3908442017646614,-0.12359814511335115,0
T01900,R0150,Zone_4,0.048628535573745954,0.586949149319559,-0.483676027612263,2023-06-20,1.0,Ishaan Gupta,33.0,Male,Pune,2023-09-11 00:03:47.581311,-0.22243250446568272,1.3809839546849962,4.95,4038.0,2.46,48.2,Business,Low,0,Tuesday,June,1,True,False,False,False,False,False,True,False,False,False,False,False,0.0,Low,4.545101659521972,2.2300144001592104,8.969392398596462,-0.09948012176644538,-0.7368624639820931,0,1.6353739117706076,0.9448813669637038,0
T01901,R0225,Zone_6,0.4104292457305151,0.062124704053348696,-0.24967596542742385,2023-05-26,1.0,Ishaan Sharma,39.0,Male,Delhi,2026-02-02 00:03:47.581311,-0.6131762355725101,-0.026056301031792503,4.08,14627.0,0.54,37.6,Mixed,Low,0,Friday,May,1,False,True,False,False,False,False,False,False,True,False,False,False,0.0,Low,4.718320283920748,2.3841650799864684,7.909487973314076,-0.02160898226984245,-0.589372014092619,0,-1.487197844530525,0.09319479936605132,0
T01902,R0261,Zone_1,0.30539032987854997,0.8427607291251126,-0.5326833399058875,2023-10-07,0.0,Aarav Kumar,31.0,Female,Pune,2025-04-15 00:03:47.581311,-0.6131762355725101,1.3809839546849962,4.24,4921.0,2.43,30.9,Residential,Low,0,Saturday,October,0,False,True,False,False,False,False,False,False,False,False,False,False,0.0,Low,4.504686647409769,2.341805806147327,9.442986815621422,0.060892333088721017,-0.7171314843730796,0,-0.441582387849117,1.285555994002765,0
T01903,R0227,Zone_4,-1.2725276060309731,-1.2022650998020825,-1.1106542964197041,2023-06-18,0.0,Arjun Nair,25.0,Female,Pune,2024-09-21 00:03:47.581311,-1.0039199666793377,-0.7295764288901869,4.12,4038.0,2.46,48.2,Business,Low,0,Sunday,June,0,False,False,False,False,False,False,True,False,False,False,False,False,0.0,Low,3.8383764652598478,1.2919836816486494,4.411349000022556,-1.43061358957216,-0.9368292918695955,0,0.29356021992006387,-0.383749678488634,0
T01904,R0034,Zone_5,-0.4695634492959497,-0.6357832642464357,0.22305408720651862,2023-07-21,1.0,Arjun Iyer,26.0,Female,Chennai,2024-02-02 00:03:47.581311,-1.7854074288929924,-0.026056301031792503,3.1,2590.0,1.31,43.9,Business,Low,0,Friday,July,0,True,False,False,False,False,False,False,True,False,False,False,False,0.0,Low,4.996941966964253,1.9572739077056285,6.226556030423239,-0.27795235499109194,0.38896031589462265,0,1.1214878170193356,1.285555994002765,1
T01905,R0196,Zone_8,-0.01439481393743354,-0.5841515692398103,0.2619446084904669,2023-12-17,1.0,Vivaan Das,18.0,Male,Hyderabad,2024-03-12 00:03:47.581311,1.7312861510684545,0.6774638268266019,4.93,4516.0,1.93,31.0,Business,Low,0,Sunday,December,1,False,True,False,False,False,False,False,False,False,False,True,False,0.0,Low,5.01674989509611,2.200552367428894,6.366317616958802,-0.0564756095939968,-0.034067322116810524,0,0.9823103330241993,-0.204895499293127,0
T01906,R0295,Zone_4,-1.690349071308791,-1.6308668407377636,-1.4334719004557233,2024-06-13,0.0,Kavya Gupta,18.0,Female,Delhi,2025-07-12 00:03:47.581311,0.5590549577479722,-0.026056301031792503,3.59,4038.0,2.46,48.2,Business,Low,0,Thursday,June,0,True,False,False,False,False,False,True,False,False,False,False,False,0.0,Low,3.0855729775537806,0.6151856390902334,2.202271554554524,-1.836965306330289,-2.371944424784545,0,-0.7556238901971166,-0.3042589321795199,0
T01907,R0237,Zone_8,0.9146160418199486,0.6421011871675452,2.026996172438322,2023-03-10,1.0,Aadhya Nair,40.0,Female,Chennai,2026-02-23 00:03:47.581311,0.5590549577479722,1.3809839546849962,3.71,4516.0,1.93,31.0,Business,Low,0,Friday,March,0,False,False,True,False,False,False,False,False,False,False,True,False,0.0,Low,5.6534010450952765,2.565718292524414,9.07358804442873,0.41938019149200184,0.583473512561381,0,-1.5621395666817521,0.4906485309116225,1
T01908,R0008,Zone_6,2.175083032043532,1.6330776970106187,1.8832589079631876,2024-08-12,0.0,Ishaan Ghosh,28.0,Male,Jaipur,2025-04-21 00:03:47.581311,0.16831122664114473,-1.4330965567485814,4.02,14627.0,0.54,37.6,Mixed,Low,0,Monday,August,1,False,False,True,False,False,False,False,False,True,False,False,False,0.0,Low,5.614295308154665,2.9128939952449864,10.775435026020991,-1.2141949605333575,-0.5317590490017221,0,-0.4629943084637534,-1.0991663952706623,0
T01909,R0232,Zone_5,0.33340070743907385,0.5579063208783319,0.8271710360700169,2023-01-16,0.0,Meera Das,38.0,Female,Jaipur,2024-04-16 00:03:47.581311,2.122029882175282,-0.026056301031792503,3.94,2590.0,1.31,43.9,Business,Low,0,Monday,January,0,False,False,True,False,False,False,False,True,False,False,False,False,0.0,Low,5.2675488328764,2.3532782073095637,8.91403387922662,-0.5435884582884439,-0.5039447609027993,0,0.8574074627721541,-0.5488458438998713,0
T01910,R0183,Zone_4,-0.6376257146590941,-0.8728196822313983,0.011258410484474323,2023-10-11,0.0,Arjun Patel,43.0,Female,Jaipur,2023-10-21 00:03:47.581311,0.16831122664114473,0.6774638268266019,3.79,4038.0,2.46,48.2,Business,Low,0,Wednesday,October,0,False,False,False,False,False,False,True,False,False,False,False,False,0.0,Low,4.881589066161162,1.8500283773520307,5.539855593785816,-0.5121971610984408,-0.7742623902294132,0,1.4926277743396987,0.2422399486956406,1
T01911,R0292,Zone_6,-1.0694523687171738,-0.8273485871971542,-1.0942309343910097,2023-04-16,1.0,Diya Patel,37.0,Male,Jaipur,2023-09-29 00:03:47.581311,0.5590549577479722,-0.7295764288901869,4.39,14627.0,0.54,37.6,Mixed,Low,0,Sunday,April,1,False,False,True,False,False,False,False,False,True,False,False,False,0.0,Low,3.8649313978942956,1.506297153514587,5.678027826631356,0.42789223196550363,-0.11737633993013644,0,1.5711381499266988,-0.701712663725091,0
T01912,R0270,Zone_9,-1.795387987160756,-1.6643100977306915,-1.486158045843775,2023-02-11,0.0,Aadhya Reddy,35.0,Male,Hyderabad,2024-09-27 00:03:47.581311,0.16831122664114473,-1.4330965567485814,3.08,11037.0,1.83,56.1,Mixed,Low,0,Saturday,February,1,False,False,True,False,False,False,False,False,False,False,False,True,0.0,Low,2.8831233291713367,0.33647223662121295,1.9261360284258222,-0.4193831813200574,0.17513261256299836,0,0.27214829930542755,-1.0991663952706623,0
T01913,R0224,Zone_1,0.3754162737798599,-0.15466974259378907,-0.03906277077144559,2023-05-08,0.0,Ishaan Sharma,29.0,Male,Ahmedabad,2024-02-21 00:03:47.581311,-0.22243250446568272,-0.7295764288901869,4.31,4921.0,2.43,30.9,Residential,Low,0,Monday,May,1,False,False,True,False,False,False,False,False,False,False,False,False,0.0,Low,4.852108385868018,2.3702437414678603,7.427651041883968,-1.2570240872564888,-1.856499144946689,0,1.053683401739654,-0.5881544547120707,0
T01914,R0089,Zone_7,1.4514816117299936,0.6230326634435076,0.041477396617271976,2023-12-22,0.0,Saanvi Reddy,48.0,Female,Surat,2024-12-15 00:03:47.581311,0.5590549577479722,-0.026056301031792503,3.91,11070.0,0.64,45.2,Industrial,Low,0,Friday,December,0,False,False,False,False,False,False,False,False,False,True,False,False,0.0,Low,4.898884030671591,2.7285062096695922,9.037698822156003,1.1134388762545167,0.9096210175464279,0,-0.009775322120617573,-0.3042589321795199,0
T01915,R0252,Zone_6,-0.2781592026323684,-0.20454126617973423,0.362849744794766,2023-08-05,1.0,Reyansh Gupta,38.0,Female,Ahmedabad,2026-01-20 00:03:47.581311,3.294261075495764,1.3809839546849962,4.83,14627.0,0.54,37.6,Mixed,Low,0,Saturday,August,0,False,True,False,False,False,False,False,False,True,False,False,False,0.0,Low,5.066385309200747,2.066862759472976,7.312318373812781,-1.0701859680994372,-0.8012439342440127,0,-1.4408053498654794,-0.204895499293127,0
T01916,R0140,Zone_6,-1.7580408170800572,-1.632627012158444,-1.486158045843775,2024-05-21,0.0,Aadhya Nair,29.0,Female,Delhi,2023-10-28 00:03:47.581311,-1.394663697786165,1.3809839546849962,4.92,14627.0,0.54,37.6,Mixed,Low,0,Tuesday,May,0,False,True,False,False,False,False,False,False,True,False,False,False,0.0,Low,2.8831233291713367,0.44468582126144574,2.188606862823929,-2.4274062676365133,-2.275394846661859,0,1.4676472002892897,2.4779171886394784,0
T01917,R0001,Zone_4,-1.039107793026606,-1.004245814975536,-0.8356615226112436,2023-01-09,0.0,Aarav Das,23.0,Male,Pune,2024-01-30 00:03:47.581311,-2.17615115999982,0.6774638268266019,3.76,4038.0,2.46,48.2,Business,Low,0,Monday,January,1,False,False,True,False,False,False,True,False,False,False,False,False,0.0,Low,4.2103482379784065,1.534714366238164,5.119570294468081,1.3720739521801706,0.9520605943493811,0,1.1321937773266537,4.266458980594549,0
T01918,R0024,Zone_9,-0.688978073520055,-0.5583357217364976,-0.3260117521367959,2023-08-27,1.0,Meera Kumar,41.0,Male,Chennai,2024-07-15 00:03:47.581311,-1.394663697786165,1.3809839546849962,3.49,11037.0,1.83,56.1,Mixed,Low,0,Sunday,August,1,False,True,False,False,False,False,False,False,False,False,False,True,0.0,Low,4.665041583025482,1.814824742159051,6.435060217278467,-0.20576370405234942,-0.3474333708254176,0,0.5362286535526091,2.4779171886394784,0
T01919,R0100,Zone_5,-1.5012790227752533,-1.4434085844352993,-1.3756616661147185,2024-01-06,0.0,Ishaan Gupta,28.0,Female,Delhi,2024-01-27 00:03:47.581311,1.7312861510684545,-1.4330965567485814,3.79,2590.0,1.31,43.9,Business,Low,0,Saturday,January,0,True,False,False,False,False,False,False,True,False,False,False,False,0.0,Low,3.26880819361641,0.9783261227936078,3.352610922848042,0.21361798235368046,0.23335159497734753,0,1.142899737633972,-1.0991663952706623,0
T01920,R0174,Zone_3,-0.3831981184843337,-0.5064106648264253,0.06736061517449486,2023-01-03,0.0,Aadhya Patel,32.0,Female,Kolkata,2024-09-07 00:03:47.581311,-0.22243250446568272,1.3809839546849962,3.8,12971.0,2.11,38.0,Business,Low,0,Tuesday,January,0,True,False,False,False,False,True,False,False,False,False,False,False,0.0,Low,4.913463382343982,2.0082140323914683,6.571149062378664,0.4628757829225361,0.05623319425495424,0,0.343521368020882,0.9448813669637038,0
T01921,R0149,Zone_8,1.019654957671914,0.3375915313898336,-0.03249342595996779,2023-08-15,0.0,Diya Reddy,30.0,Male,Jaipur,2025-06-22 00:03:47.581311,-0.22243250446568272,0.6774638268266019,4.57,4516.0,1.93,31.0,Business,Low,0,Tuesday,August,1,False,False,False,False,False,False,False,False,False,False,True,False,0.0,Low,4.85600672231905,2.599722324216582,8.482334584299302,-1.1972527261293666,-1.1747060449986992,0,-0.6842508214816622,0.43386942640511234,0
T01922,R0008,Zone_3,-1.7930537890307126,-1.6704706977030728,-1.486158045843775,2024-03-25,0.0,Ishaan Ghosh,28.0,Male,Jaipur,2025-08-21 00:03:47.581311,0.16831122664114473,-0.026056301031792503,4.02,12971.0,2.11,38.0,Business,Low,0,Monday,March,1,True,False,False,False,False,True,False,False,False,False,False,False,0.0,Low,2.8831233291713367,0.34358970439007697,1.8708286933869707,-1.2141949605333575,-0.5317590490017221,0,-0.8983700276280255,-0.204895499293127,0
T01923,R0204,Zone_8,-0.6749728847397929,-0.42338924615099915,-0.13471243122656235,2023-09-02,0.0,Aarav Kumar,37.0,Male,Hyderabad,2026-02-17 00:03:47.581311,-0.22243250446568272,-0.026056301031792503,3.73,4516.0,1.93,31.0,Business,Low,0,Saturday,September,1,False,False,False,False,False,False,False,False,False,False,True,False,0.0,Low,4.793556647344296,1.824549292051046,6.783067152844648,0.9402048217827945,-0.040288837625756295,0,-1.5407276460671158,-0.07714251415347918,0
T01924,R0142,Zone_2,-1.3939059087932444,-1.458370041511083,-1.2659536077630393,2023-02-25,0.0,Meera Nair,33.0,Male,Kolkata,2023-10-08 00:03:47.581311,-1.394663697786165,1.3809839546849962,3.48,6371.0,0.91,58.4,Residential,Low,0,Saturday,February,1,True,False,False,False,True,False,False,False,False,False,False,False,0.0,Low,3.5447203584143305,1.1378330018213911,3.27566787083184,-0.7729602471424706,-0.8299608915030422,0,1.539020269004744,2.4779171886394784,0
T01925,R0039,Zone_9,-0.9784186416454704,-0.7190980448253087,-0.5262453819906391,2023-04-03,0.0,Aadhya Iyer,24.0,Female,Chennai,2025-04-19 00:03:47.581311,-0.22243250446568272,-0.7295764288901869,4.2,11037.0,1.83,56.1,Mixed,Low,0,Monday,April,0,False,False,False,False,False,False,False,False,False,False,False,True,0.0,Low,4.510089979737821,1.589235205116581,5.994163828258284,-1.9178764602817142,-1.7995492572519067,0,-0.45585700159220793,-0.5881544547120707,0
T01926,R0155,Zone_4,-0.1941280699507963,0.29300052206592986,-0.644099427908551,2024-04-19,0.0,Meera Reddy,23.0,Male,Hyderabad,2023-10-20 00:03:47.581311,0.16831122664114473,-0.026056301031792503,3.14,4038.0,2.46,48.2,Business,Low,0,Friday,April,1,False,True,False,False,False,False,True,False,False,False,False,False,0.0,Low,4.406231323370699,2.1114245875328868,8.392258337301111,-0.2816354494267424,-0.5891103247938563,0,1.4961964277754716,-0.204895499293127,0
T01927,R0150,Zone_10,1.1713778361247527,0.21643306526633144,-0.1330044015755782,2023-02-26,1.0,Ishaan Gupta,33.0,Female,Pune,2025-12-25 00:03:47.581311,-0.22243250446568272,1.3809839546849962,4.95,2440.0,1.54,35.4,Industrial,Low,0,Sunday,February,0,False,False,False,True,False,False,False,False,False,False,False,False,0.0,Low,4.794632850933413,2.6468837658647226,8.235289915965314,-0.09948012176644538,-0.7368624639820931,0,-1.3480203605353887,0.9448813669637038,0
T01928,R0073,Zone_9,0.510799765322393,0.10172856101865786,0.52445562715712,2023-09-03,0.0,Meera Das,41.0,Female,Ahmedabad,2025-10-04 00:03:47.581311,0.5590549577479722,0.6774638268266019,3.01,11037.0,1.83,56.1,Mixed,Low,0,Sunday,September,0,False,False,False,False,False,False,False,False,False,False,False,True,0.0,Low,5.141078590121546,2.423031246069913,7.994373021069257,0.3787843061568347,0.38877667428145524,0,-1.0553907788020254,0.09319479936605132,0
T01929,R0191,Zone_2,-1.403242701313419,-1.2310145663398628,-1.0918659702588778,2023-05-08,1.0,Meera Gupta,33.0,Female,Surat,2023-10-23 00:03:47.581311,1.3405424199616272,1.3809839546849962,4.56,6371.0,0.91,58.4,Residential,Low,0,Monday,May,0,True,False,False,False,True,False,False,False,False,False,False,False,0.0,Low,3.8686978806897723,1.1249295969854831,4.298837052040936,-0.3127743387463294,-0.4040108476384331,0,1.4854904674681533,0.20159127160575266,0
T01930,R0229,Zone_9,0.08830990378448839,0.1504266369908159,-0.10002629062195957,2023-01-29,0.0,Reyansh Ghosh,22.0,Male,Mumbai,2026-01-11 00:03:47.581311,-1.0039199666793377,-0.026056301031792503,4.43,11037.0,1.83,56.1,Mixed,Low,0,Sunday,January,1,False,False,True,False,False,False,False,False,False,False,False,True,0.0,Low,4.8151879700833735,2.248128907197987,8.097530487747484,-0.20959412226542554,0.2550855798956923,0,-1.408687468943525,0.3316670382933942,0
T01931,R0150,Zone_4,-0.4112084960448579,-0.05345988590466534,-0.07545694102703274,2024-02-04,1.0,Ishaan Gupta,33.0,Male,Pune,2023-12-04 00:03:47.581311,-0.22243250446568272,0.6774638268266019,4.95,4038.0,2.46,48.2,Business,Low,0,Sunday,February,1,False,False,True,False,False,False,True,False,False,False,False,False,0.0,Low,4.830231896458205,1.9919755158985601,7.656369897020388,-0.09948012176644538,-0.7368624639820931,0,1.335607023165699,0.43386942640511234,0
T01932,R0161,Zone_3,-0.03540259710782636,0.11698337999788842,-0.8338221060640298,2023-10-05,0.0,Aarav Nair,32.0,Male,Surat,2024-09-23 00:03:47.581311,-0.6131762355725101,1.3809839546849962,4.91,12971.0,2.11,38.0,Business,Low,0,Thursday,October,1,False,True,False,False,False,True,False,False,False,False,False,False,0.0,Low,4.212423850287702,2.190535589185423,8.026830009412185,-1.5056505002078056,-1.169826424991684,0,0.2864229130485184,1.285555994002765,0
T01933,R0115,Zone_4,-0.25481722133193174,-0.6551451498739204,0.12464530193058107,2023-06-17,0.0,Aarav Ghosh,40.0,Male,Bengaluru,2026-02-13 00:03:47.581311,1.3405424199616272,-1.4330965567485814,4.4,4038.0,2.46,48.2,Business,Low,0,Saturday,June,1,False,False,True,False,False,False,True,False,False,False,False,False,0.0,Low,4.944993942842818,2.0794415416798357,6.17332973362026,-0.29616693110921594,-0.21003522005749173,0,-1.5264530323240248,-1.0991663952706623,0
T01934,R0038,Zone_7,0.3450716980892924,0.31793628385890227,0.09271828614679888,2023-01-13,1.0,Aarav Singh,37.0,Female,Kolkata,2024-07-03 00:03:47.581311,-1.0039199666793377,0.6774638268266019,4.07,11070.0,0.64,45.2,Industrial,Low,0,Friday,January,0,False,False,True,False,False,False,False,False,False,True,False,False,0.0,Low,4.927543498229802,2.3580197998821464,8.442748367682173,-1.2644323686356256,-1.2963408051348704,0,0.5790524947818817,1.0470837550754222,0
T01935,R0047,Zone_8,0.1910146215064099,0.31793628385890227,-0.21512121171905066,2023-04-02,1.0,Reyansh Iyer,51.0,Male,Bengaluru,2026-03-06 00:03:47.581311,-0.22243250446568272,-1.4330965567485814,4.86,4516.0,1.93,31.0,Business,Low,0,Sunday,April,1,True,False,False,False,False,False,False,False,False,False,True,False,0.0,Low,4.741535060508608,2.2935443483418965,8.442748367682173,0.4704524343330167,0.9841480310729339,0,-1.601394754475252,-1.0991663952706623,0
T01936,R0052,Zone_3,0.9893103819813461,1.7078849823895361,2.026996172438322,2024-03-05,0.0,Reyansh Singh,23.0,Male,Hyderabad,2024-10-21 00:03:47.581311,-1.7854074288929924,-0.7295764288901869,4.74,12971.0,2.11,38.0,Business,Low,0,Tuesday,March,1,True,False,False,False,False,True,False,False,False,False,False,False,0.0,Low,5.6534010450952765,2.5900171341906173,10.893117092916976,1.2404647110129392,1.149567149310765,0,0.18650061684688218,0.09319479936605132,1
T01937,R0090,Zone_3,0.11398608321496866,0.47635171172013974,0.05934601450449176,2023-03-09,1.0,Kavya Iyer,33.0,Female,Mumbai,2026-02-24 00:03:47.581311,0.5590549577479722,0.6774638268266019,4.51,12971.0,2.11,38.0,Business,Low,0,Thursday,March,0,True,False,False,False,False,True,False,False,False,False,False,False,0.0,Low,4.908971640319756,2.259677591982769,8.756711711595855,1.1461774934602955,1.3604244495494093,0,-1.5657082201175248,0.09319479936605132,0
T01938,R0199,Zone_3,1.9510000115593393,2.0499449618084298,2.026996172438322,2023-08-27,0.0,Aarav Das,29.0,Male,Ahmedabad,2025-02-18 00:03:47.581311,0.9497986888547996,-1.4330965567485814,3.91,12971.0,2.11,38.0,Business,Low,0,Sunday,August,1,False,True,False,False,False,True,False,False,False,False,False,False,0.0,Low,5.6534010450952765,2.859339648648436,11.415778554264268,0.24946676819400834,0.9689188944381358,0,-0.24173779544584456,-1.0991663952706623,0
T01939,R0151,Zone_6,0.5854941054837906,1.0915316232479446,1.6108938720793182,2023-02-12,1.0,Meera Reddy,34.0,Female,Hyderabad,2024-07-16 00:03:47.581311,-0.22243250446568272,-0.026056301031792503,5.0,14627.0,0.54,37.6,Mixed,Low,0,Sunday,February,0,True,False,False,False,False,False,False,False,True,False,False,False,0.0,Low,5.535718789608946,2.451005098112319,9.881801455200362,0.5276982449899783,0.6015543411035054,0,0.5326600001168363,-0.07714251415347918,1
T01940,R0010,Zone_5,1.7035750097747104,1.760396763106502,1.1411857180586558,2024-07-05,0.0,Vivaan Gupta,25.0,Female,Surat,2026-04-01 00:03:47.581311,0.5590549577479722,-0.026056301031792503,3.38,2590.0,1.31,43.9,Business,Low,0,Friday,July,0,False,False,True,False,False,False,False,True,False,False,False,False,0.0,Low,5.383760848365505,2.7966713927557385,10.974971526158964,0.81355314264958,0.16741507376964454,0,-1.6941797438053428,-0.3042589321795199,0
T01941,R0275,Zone_5,0.8189139184881579,0.20147160819054818,-0.34887307208073853,2024-02-02,1.0,Ishaan Das,21.0,Female,Jaipur,2026-03-09 00:03:47.581311,-1.394663697786165,-0.7295764288901869,3.07,2590.0,1.31,43.9,Business,Low,0,Friday,February,0,True,False,False,False,False,False,False,True,False,False,False,False,0.0,Low,4.648516990491458,2.533696813957432,8.204267182387468,0.21852877493454703,-1.6020545078227966,0,-1.61210071478257,-0.204895499293127,0
T01942,R0125,Zone_6,-0.8056879800222387,-0.8593250346728485,-0.5703913791237701,2023-02-25,0.0,Saanvi Ghosh,44.0,Female,Ahmedabad,2026-01-03 00:03:47.581311,-0.6131762355725101,0.6774638268266019,3.89,14627.0,0.54,37.6,Mixed,Low,0,Saturday,February,0,False,False,True,False,False,False,False,False,True,False,False,False,0.0,Low,4.472438473534133,1.7298840655099674,5.58121850495033,0.7091169537631454,1.6511842156771257,0,-1.380138241457343,0.6893753966844082,0
T01943,R0092,Zone_6,1.428139630429557,0.5552660637473116,1.8238720308674286,2023-04-26,1.0,Aarav Nair,21.0,Female,Surat,2024-02-10 00:03:47.581311,-1.394663697786165,0.6774638268266019,4.51,14627.0,0.54,37.6,Mixed,Low,0,Wednesday,April,0,True,False,False,False,False,False,False,False,True,False,False,False,0.0,Low,5.597680943773655,2.7219531062712017,8.908984229416955,0.8476013045435914,-0.2801654479222516,0,1.0929385895331538,1.5836462926619435,0
T01944,R0097,Zone_5,1.3604478846582901,0.5479320161611432,0.7224556797750608,2024-02-09,1.0,Aarav Iyer,23.0,Female,Bengaluru,2026-01-18 00:03:47.581311,0.16831122664114473,0.6774638268266019,3.28,2590.0,1.31,43.9,Business,Low,0,Friday,February,0,False,False,False,False,False,False,False,True,False,False,False,False,0.0,Low,5.225585370381938,2.702702594775615,8.894942383174834,0.3459638424080422,0.319130592487773,0,-1.433668042993934,0.2422399486956406,0
T01945,R0263,Zone_7,-0.40420590165472675,-0.5750573502329613,-0.6426541720500258,2023-05-27,0.0,Ishaan Das,31.0,Female,Chennai,2024-11-14 00:03:47.581311,1.7312861510684545,-0.7295764288901869,3.84,11070.0,0.64,45.2,Industrial,Low,0,Saturday,May,0,True,False,False,False,False,False,False,False,False,True,False,False,0.0,Low,4.4075725416416205,1.9960599327407849,6.390618123468183,0.3692901071671584,-0.09128086669907033,0,0.10085293438833684,-0.8010760966114839,0
T01946,R0143,Zone_5,-0.660967695959531,-0.4154684747579372,-0.10501899267868282,2023-06-27,0.0,Meera Kumar,42.0,Female,Kolkata,2025-09-03 00:03:47.581311,0.16831122664114473,0.6774638268266019,4.56,2590.0,1.31,43.9,Business,Low,0,Tuesday,June,0,False,True,False,False,False,False,False,True,False,False,False,False,0.0,Low,4.8121030512543195,1.8341801851120072,6.802940540677979,-1.1508457362401752,-0.631090797563891,0,-0.944762522293071,0.2422399486956406,0
T01947,R0222,Zone_1,1.6615594434339243,1.7750648582788389,2.026996172438322,2023-04-06,1.0,Aarav Singh,27.0,Male,Surat,2025-05-11 00:03:47.581311,-0.22243250446568272,-0.026056301031792503,3.44,4921.0,2.43,30.9,Residential,Low,0,Thursday,April,1,False,False,True,False,False,False,False,False,False,False,False,False,0.0,Low,5.6534010450952765,2.785628335747585,10.997727037892876,0.37784891709381246,0.7190902204337829,0,-0.5343673771792078,-0.07714251415347918,0
T01948,R0193,Zone_5,1.2087250062054513,0.6218592158297205,1.7606749337810121,2024-03-08,0.0,Kavya Singh,33.0,Male,Chennai,2023-08-28 00:03:47.581311,-0.22243250446568272,-1.4330965567485814,4.41,2590.0,1.31,43.9,Business,Low,0,Friday,March,1,True,False,False,False,False,False,False,True,False,False,False,False,0.0,Low,5.5796920894251505,2.658159431488745,9.035485598461214,-0.046443561893082935,0.49832676689057426,0,1.6853350598714258,-1.0991663952706623,0
T01949,R0283,Zone_1,-1.7253620432594459,-1.6106248693999388,-1.486158045843775,2023-08-21,0.0,Diya Nair,19.0,Male,Surat,2025-10-30 00:03:47.581311,-0.22243250446568272,-0.026056301031792503,3.55,4921.0,2.43,30.9,Residential,Low,0,Monday,August,1,True,False,False,False,False,False,False,False,False,False,False,False,0.0,Low,2.8831233291713367,0.5306282510621704,2.353720459187964,-0.0565457637737237,0.5216544986660485,0,-1.148175768132116,-0.07714251415347918,0
T01950,R0006,Zone_5,0.9799735894611713,0.8011033388356761,0.4210541398244594,2023-06-03,1.0,Aarav Das,45.0,Male,Jaipur,2025-03-27 00:03:47.581311,-0.22243250446568272,-0.026056301031792503,4.64,2590.0,1.31,43.9,Business,Low,0,Saturday,June,1,False,True,False,False,False,False,False,True,False,False,False,False,0.0,Low,5.093934232951563,2.587011872725154,9.367496997597597,0.5554793001617393,0.8761982439499878,0,-0.3737779725694353,-0.07714251415347918,0
T01951,R0231,Zone_4,1.9953497760301695,1.5045851833009485,0.5881782718284546,2024-01-29,0.0,Ishaan Nair,19.0,Female,Mumbai,2023-12-10 00:03:47.581311,-0.22243250446568272,-1.4330965567485814,4.81,4038.0,2.46,48.2,Business,Low,0,Monday,January,0,False,True,False,False,False,False,True,False,False,False,False,False,0.0,Low,5.169062530690774,2.8701690505786455,10.570241246064349,0.22294848825732738,-0.8422150340045316,0,1.3141951025510625,-1.0991663952706623,0
T01952,R0176,Zone_10,0.6858646250756685,0.13957224656328696,1.2214631116549142,2024-02-14,0.0,Kavya Gupta,43.0,Male,Mumbai,2023-11-01 00:03:47.581311,-0.6131762355725101,-0.026056301031792503,3.95,2440.0,1.54,35.4,Industrial,Low,0,Wednesday,February,1,False,True,False,True,False,False,False,False,False,False,False,False,0.0,Low,5.411422812653309,2.4874035299865875,8.07465169527454,4.175154357338968,3.600907222673888,0,1.4533725865461988,0.09319479936605132,0
T01953,R0089,Zone_8,-1.7440356282997953,-1.6751644881582208,-1.486158045843775,2024-08-09,0.0,Saanvi Reddy,48.0,Female,Surat,2025-04-03 00:03:47.581311,0.5590549577479722,-0.7295764288901869,3.91,4516.0,1.93,31.0,Business,Low,0,Friday,August,0,False,False,True,False,False,False,False,False,False,False,True,False,0.0,Low,2.8831233291713367,0.4824261492442927,1.8275666882497066,1.1134388762545167,0.9096210175464279,0,-0.3987585466198444,-0.701712663725091,0
T01954,R0121,Zone_5,-0.9364030753046844,-0.6539717022601335,-1.0025228808227795,2024-02-18,1.0,Diya Iyer,29.0,Male,Pune,2024-12-29 00:03:47.581311,0.9497986888547996,-1.4330965567485814,4.17,2590.0,1.31,43.9,Business,Low,0,Sunday,February,1,False,False,False,False,False,False,False,True,False,False,False,False,0.0,Low,4.001498011855749,1.6253112615903906,6.176568626672903,-0.8713725304630427,-0.5874988696383137,0,-0.059736470221435696,-1.0991663952706623,0
T01955,R0108,Zone_5,0.44544221768117026,0.21789987478356546,1.4925142785764884,2023-08-30,0.0,Reyansh Gupta,18.0,Male,Pune,2024-02-14 00:03:47.581311,-0.22243250446568272,-0.026056301031792503,4.88,2590.0,1.31,43.9,Business,Low,0,Wednesday,August,1,True,False,False,False,False,False,False,True,False,False,False,False,0.0,Low,5.499542453761224,2.3978952727983707,8.238325072488946,-1.0979144076364031,-0.16523859122475718,0,1.078663975790063,-0.07714251415347918,1
T01956,R0278,Zone_1,-0.2734908063722811,0.023987656605272918,0.1703679418184664,2023-04-28,0.0,Aarav Reddy,20.0,Male,Mumbai,2024-07-11 00:03:47.581311,0.5590549577479722,1.3809839546849962,4.27,4921.0,2.43,30.9,Residential,Low,0,Friday,April,1,False,False,True,False,False,False,False,False,False,False,False,False,0.0,Low,4.969466017058185,2.0693912058263346,7.826876771739798,1.6189231259117443,3.0677772554880267,0,0.5505032672956999,0.4906485309116225,0
T01957,R0162,Zone_3,1.470155196770343,0.4414416452099778,2.026996172438322,2023-09-06,1.0,Meera Patel,30.0,Female,Hyderabad,2026-03-14 00:03:47.581311,-0.6131762355725101,-0.026056301031792503,4.28,12971.0,2.11,38.0,Business,Low,0,Wednesday,September,0,True,False,False,False,False,True,False,False,False,False,False,False,0.0,Low,5.6534010450952765,2.733717947850788,8.688498144098322,0.44982710549337585,0.5025610177998875,0,-1.6299439819614339,0.09319479936605132,0
T01958,R0299,Zone_1,0.8329191072684201,0.8940990622282914,0.4085723846826517,2024-06-09,1.0,Ishaan Gupta,33.0,Male,Kolkata,2025-04-04 00:03:47.581311,-1.394663697786165,-0.7295764288901869,3.92,4921.0,2.43,30.9,Residential,Low,0,Sunday,June,1,True,False,False,False,False,False,False,False,False,False,False,False,0.0,Low,5.088090040500373,2.5384474167160302,9.535197952848174,-0.3648733836724352,-0.44907900371349363,0,-0.4023272000556171,-0.204895499293127,0
T01959,R0046,Zone_1,2.270785155375323,2.711476054080819,0.6264118586312553,2023-12-11,0.0,Vivaan Singh,31.0,Female,Kolkata,2026-04-03 00:03:47.581311,0.16831122664114473,0.6774638268266019,3.87,4921.0,2.43,30.9,Residential,Low,0,Monday,December,0,True,False,False,False,False,False,False,False,False,False,False,False,0.0,Low,5.185484558273693,2.9349201341572337,12.36406082159094,1.1260432438787409,0.8854537812536175,0,-1.7013170506768882,0.2422399486956406,0
T01960,R0089,Zone_10,1.169043637994709,0.21173927481118376,1.7278282097236233,2023-11-29,0.0,Saanvi Reddy,48.0,Female,Surat,2025-06-16 00:03:47.581311,0.5590549577479722,-0.026056301031792503,3.91,2440.0,1.54,35.4,Industrial,Low,0,Wednesday,November,0,False,True,False,True,False,False,False,False,False,False,False,False,0.0,Low,5.570212986067941,2.6461747973841225,8.225569889071517,1.1134388762545167,0.9096210175464279,0,-0.6628389008670259,-0.3042589321795199,0
T01961,R0247,Zone_7,0.6228412755644894,-0.07839564769763772,0.9104703282795554,2024-06-30,0.0,Aadhya Das,37.0,Male,Bengaluru,2026-01-08 00:03:47.581311,1.7312861510684545,0.6774638268266019,4.92,11070.0,0.64,45.2,Industrial,Low,0,Sunday,June,1,False,True,False,False,False,False,False,False,False,True,False,False,0.0,Low,5.299716387461744,2.464703942470481,7.600657866263946,0.873628505222185,0.835705268246608,0,-1.3979815086362068,-0.204895499293127,0
T01962,R0003,Zone_1,-0.3878665147444212,-0.501130150564384,-0.39407016438370596,2024-02-28,1.0,Kavya Reddy,34.0,Male,Pune,2025-10-06 00:03:47.581311,0.9497986888547996,1.3809839546849962,3.76,4921.0,2.43,30.9,Residential,Low,0,Wednesday,February,1,True,False,False,False,False,False,False,False,False,False,False,False,0.0,Low,4.6150215020384655,2.005525858729668,6.584831053261731,-0.7800317884589186,-1.043168804390227,0,-1.0625280856735708,0.3316670382933942,0
T01963,R0145,Zone_8,1.6172096789630943,1.4825830405424434,2.026996172438322,2023-12-17,0.0,Saanvi Nair,36.0,Male,Jaipur,2025-01-16 00:03:47.581311,-1.394663697786165,-0.026056301031792503,4.3,4516.0,1.93,31.0,Business,Low,0,Sunday,December,1,False,False,True,False,False,False,False,False,False,False,True,False,0.0,Low,5.6534010450952765,2.7738379416402132,10.534704552098269,2.058602754985357,0.991231350437957,0,-0.1239722320653447,0.6893753966844082,0
T01964,R0267,Zone_7,-0.01439481393743354,-0.3295134370480436,-0.4023475388461679,2023-11-01,1.0,Arjun Iyer,37.0,Female,Jaipur,2025-10-04 00:03:47.581311,-1.0039199666793377,-1.4330965567485814,4.5,11070.0,0.64,45.2,Industrial,Low,0,Wednesday,November,0,False,False,False,False,False,False,False,False,False,True,False,False,0.0,Low,4.608763721498222,2.200552367428894,7.014983962918233,0.79338615445082,0.2100640020116088,0,-1.0553907788020254,-1.0991663952706623,0
T01965,R0143,Zone_4,-1.2188410490399688,-0.9514406723551235,-0.9183038803396342,2023-02-21,0.0,Meera Kumar,42.0,Male,Kolkata,2024-12-14 00:03:47.581311,0.16831122664114473,0.6774638268266019,4.56,4038.0,2.46,48.2,Business,Low,0,Tuesday,February,1,False,False,True,False,False,False,True,False,False,False,False,False,0.0,Low,4.112348186661675,1.3532545070416904,5.292447448959697,-1.1508457362401752,-0.631090797563891,0,-0.0062066686848448495,0.2422399486956406,0
T01966,R0289,Zone_10,0.0346233467934838,-0.12151984750430805,-0.5968001452659107,2024-06-11,1.0,Aarav Gupta,21.0,Female,Chennai,2025-07-22 00:03:47.581311,0.16831122664114473,1.3809839546849962,4.17,2440.0,1.54,35.4,Industrial,Low,0,Tuesday,June,0,False,True,False,True,False,False,False,False,False,False,False,False,0.0,Low,4.449217884214205,2.2235418856535927,7.503332592921628,0.1028796096551321,0.7679001936249273,0,-0.7913104245548439,0.6893753966844082,0
T01967,R0252,Zone_5,-0.12877052230957337,-0.445684750812951,0.7349374349168685,2024-05-19,0.0,Reyansh Gupta,38.0,Female,Ahmedabad,2025-02-14 00:03:47.581311,3.294261075495764,-1.4330965567485814,4.83,2590.0,1.31,43.9,Business,Low,0,Sunday,May,0,True,False,False,False,False,False,False,True,False,False,False,False,0.0,Low,5.230680717832225,2.1447610078004784,6.726812023536855,-1.0701859680994372,-0.8012439342440127,0,-0.22746318170275368,-1.0991663952706623,1
T01968,R0010,Zone_3,-1.1814938789592702,-1.166181585678134,-0.9950338277376949,2023-12-05,0.0,Vivaan Gupta,25.0,Male,Surat,2025-12-07 00:03:47.581311,0.5590549577479722,-1.4330965567485814,3.38,12971.0,2.11,38.0,Business,Low,0,Tuesday,December,1,False,False,True,False,False,True,False,False,False,False,False,False,0.0,Low,4.0118683403978626,1.3937663759585914,4.548626166217664,0.81355314264958,0.16741507376964454,0,-1.2837845986914795,-1.0991663952706623,0
T01969,R0120,Zone_5,0.9449606175105165,1.1437500420614637,0.18587159557355412,2023-06-08,0.0,Ishaan Gupta,18.0,Male,Surat,2025-08-19 00:03:47.581311,0.16831122664114473,-1.4330965567485814,4.55,2590.0,1.31,43.9,Business,Low,0,Thursday,June,1,False,True,False,False,False,False,False,True,False,False,False,False,0.0,Low,4.9776298924822715,2.5756610130564646,9.971459271340379,0.25535971929104845,-0.10707863647178281,0,-0.8912327207564801,-1.0991663952706623,0
T01970,R0088,Zone_9,-0.1847912774306216,0.05977780882577465,-0.7871797579025375,2023-12-07,1.0,Diya Iyer,22.0,Female,Jaipur,2023-10-07 00:03:47.581311,0.16831122664114473,-1.4330965567485814,4.78,11037.0,1.83,56.1,Mixed,Low,0,Thursday,December,0,True,False,False,False,False,False,False,False,False,False,False,True,0.0,Low,4.263665306838804,2.1162555148025524,7.904429138147801,-0.1829285185513184,-0.6036960599196656,0,1.542588922440517,-1.0991663952706623,0
T01971,R0159,Zone_9,0.440773821421083,0.8107842816494183,0.20163802312110105,2024-08-18,1.0,Ishaan Singh,43.0,Female,Bengaluru,2025-04-24 00:03:47.581311,-1.394663697786165,-0.026056301031792503,4.9,11037.0,1.83,56.1,Mixed,Low,0,Sunday,August,0,False,False,True,False,False,False,False,False,False,False,False,True,0.0,Low,4.985864345104336,2.3960754360813845,9.385094565320053,-1.2370301460343884,-0.6941028260819054,0,-0.4737002687710716,0.6893753966844082,0
T01972,R0196,Zone_9,-0.9317346790445971,-1.1145498906715088,-0.6015300735301747,2024-01-22,1.0,Vivaan Das,18.0,Female,Hyderabad,2023-09-17 00:03:47.581311,1.7312861510684545,-0.026056301031792503,4.93,11037.0,1.83,56.1,Mixed,Low,0,Monday,January,0,False,False,True,False,False,False,False,False,False,False,False,True,0.0,Low,4.44500143383527,1.62924053973028,4.738143096192854,-0.0564756095939968,-0.034067322116810524,0,1.6139619911559713,-0.5029857979523055,0
T01973,R0232,Zone_2,-0.2128016549911457,-0.5818046740122365,-0.2645226847013638,2023-12-24,1.0,Meera Das,38.0,Male,Jaipur,2025-12-23 00:03:47.581311,2.122029882175282,-0.026056301031792503,3.94,6371.0,0.91,58.4,Residential,Low,0,Sunday,December,1,False,False,False,False,True,False,False,False,False,False,False,False,0.0,Low,4.70817793606232,2.1016921506146558,6.372597586541928,-0.5435884582884439,-0.5039447609027993,0,-1.3408830536638432,-0.5488458438998713,0
T01974,R0175,Zone_9,0.881937267999337,0.3736750455137822,1.9359450533512395,2023-08-15,1.0,Diya Patel,35.0,Female,Chennai,2024-01-07 00:03:47.581311,-0.22243250446568272,1.3809839546849962,3.48,11037.0,1.83,56.1,Mixed,Low,0,Tuesday,August,0,True,False,False,False,False,False,False,False,False,False,False,True,0.0,Low,5.628807460063128,2.554899021608035,8.554530963179689,-0.20976249229676938,-0.10616370772046754,0,1.2142728063494264,0.9448813669637038,1
T01975,R0194,Zone_6,-0.30850377832293635,-0.4383507032267826,-0.6745811878338079,2024-07-25,1.0,Arjun Iyer,30.0,Male,Jaipur,2025-01-23 00:03:47.581311,-0.6131762355725101,1.3809839546849962,4.06,14627.0,0.54,37.6,Mixed,Low,0,Thursday,July,1,False,True,False,False,False,False,False,False,True,False,False,False,0.0,Low,4.377516479195996,2.050270164379556,6.745368781616021,-0.48518780190367305,-0.5252994552585641,0,-0.14895280611575376,1.285555994002765,0
T01976,R0044,Zone_10,-0.44855566612555664,-0.7108839115288001,-0.780216252402371,2023-12-14,0.0,Arjun Gupta,36.0,Female,Hyderabad,2025-05-06 00:03:47.581311,0.9497986888547996,1.3809839546849962,3.21,2440.0,1.54,35.4,Industrial,Low,0,Thursday,December,0,False,False,True,True,False,False,False,False,False,False,False,False,0.0,Low,4.2710950739666,1.969905654611529,6.017474553332153,1.2577507008975908,0.8630421587826856,0,-0.5165241100003443,0.3316670382933942,0
T01978,R0240,Zone_4,0.347405896219336,1.0299256235241299,-0.23049347857790875,2023-07-23,0.0,Aarav Iyer,30.0,Female,Delhi,2025-11-20 00:03:47.581311,0.16831122664114473,-0.7295764288901869,4.07,4038.0,2.46,48.2,Business,Low,0,Sunday,July,0,False,False,True,False,False,False,True,False,False,False,False,False,0.0,Low,4.731274062783817,2.3589654264301534,9.77496803063826,2.0173520973060755,0.750380783728771,0,-1.2231174902833433,-0.6520309472818946,0
T01979,R0050,Zone_7,0.8352533053984637,1.1636986514958414,0.9649958902148211,2023-02-16,0.0,Diya Das,49.0,Male,Ahmedabad,2026-02-08 00:03:47.581311,-0.22243250446568272,1.3809839546849962,3.42,11070.0,0.64,45.2,Industrial,Low,0,Thursday,February,1,False,False,False,False,False,False,False,False,False,True,False,False,0.0,Low,5.320225618596917,2.5392369943330477,10.005498488331304,0.2911383509516494,0.027994361053062782,0,-1.508609765145161,0.9448813669637038,0
T01980,R0284,Zone_3,0.8492584941787259,1.3722789648464706,0.3005723559819567,2023-01-19,1.0,Vivaan Das,28.0,Female,Surat,2025-08-10 00:03:47.581311,-0.22243250446568272,-0.026056301031792503,4.95,12971.0,2.11,38.0,Business,Low,0,Thursday,January,0,False,True,False,False,False,True,False,False,False,False,False,False,0.0,Low,5.036043098030789,2.543961412569315,10.354709073653398,0.35932821364597145,0.3313020962633371,0,-0.8591148398345256,-0.07714251415347918,0
T01981,R0112,Zone_4,0.09064410191453201,0.04012256129484351,0.19651393416814816,2024-04-16,1.0,Meera Nair,41.0,Male,Delhi,2024-04-09 00:03:47.581311,0.9497986888547996,-0.026056301031792503,3.24,4038.0,2.46,48.2,Business,Low,0,Tuesday,April,1,False,False,False,False,False,False,True,False,False,False,False,False,0.0,Low,4.983195578337474,2.2491843162669305,7.861933604400384,0.5075780262443694,-0.49438155326572436,0,0.8823880368225632,-0.383749678488634,0
T01982,R0009,Zone_3,0.5948308980039655,0.044816351749991185,1.0099302087253292,2023-08-26,0.0,Diya Patel,42.0,Male,Ahmedabad,2024-12-10 00:03:47.581311,-0.22243250446568272,-0.7295764288901869,4.11,12971.0,2.11,38.0,Business,Low,0,Saturday,August,1,False,True,False,False,False,True,False,False,False,False,False,False,0.0,Low,5.336816665698646,2.454447442303292,7.87210264160726,0.6935427258638249,0.03073324454087231,0,0.008067945058246042,-0.5881544547120707,0
T01983,R0243,Zone_6,-1.1581518976588334,-1.2342415472777768,-1.2777784284236995,2024-07-01,1.0,Ishaan Patel,33.0,Female,Jaipur,2024-01-10 00:03:47.581311,-0.22243250446568272,-0.7295764288901869,3.7,14627.0,0.54,37.6,Mixed,Low,0,Monday,July,0,False,True,False,False,False,False,False,False,True,False,False,False,0.0,Low,3.5183876490735586,1.4182774069729414,4.286023798347368,-0.11210787411724529,0.18250516746875955,0,1.2035668460421083,-0.5881544547120707,0
T01984,R0144,Zone_5,1.668562037824055,1.6134224494796874,1.9686603905123992,2023-05-15,1.0,Ishaan Kumar,34.0,Male,Pune,2025-01-30 00:03:47.581311,0.5590549577479722,1.3809839546849962,3.52,2590.0,1.31,43.9,Business,Low,0,Monday,May,1,False,False,False,False,False,False,False,True,False,False,False,False,0.0,Low,5.637713894686496,2.787477334733532,10.744300814850634,0.7624808998085651,1.2620660015370258,0,-0.17393338016616283,0.4906485309116225,0
T01985,R0143,Zone_2,1.4328080266896441,1.1628185657855012,1.0486893431130484,2024-04-20,0.0,Meera Kumar,42.0,Male,Kolkata,2025-12-29 00:03:47.581311,0.16831122664114473,0.6774638268266019,4.56,6371.0,0.91,58.4,Residential,Low,0,Saturday,April,1,True,False,False,False,True,False,False,False,False,False,False,False,0.0,Low,5.350909816667207,2.7232671669070703,10.00399920031984,-1.1508457362401752,-0.631090797563891,0,-1.3622949742784796,0.2422399486956406,0
T01986,R0045,Zone_9,0.2003514140265844,0.635647225291717,0.24906869265997056,2023-03-09,1.0,Saanvi Iyer,34.0,Female,Ahmedabad,2025-10-15 00:03:47.581311,0.5590549577479722,-0.7295764288901869,4.88,11037.0,1.83,56.1,Mixed,Low,0,Thursday,March,0,False,False,False,False,False,False,False,False,False,False,False,True,0.0,Low,5.010235214074916,2.2975725511705014,9.061456836513653,0.9628412371079327,1.2276882915521163,0,-1.0946459665955253,-0.701712663725091,0
T01987,R0077,Zone_5,-0.01439481393743354,-0.13706802838698487,0.6541344937356918,2023-09-08,0.0,Reyansh Das,28.0,Male,Mumbai,2025-10-12 00:03:47.581311,2.5127736132821092,-1.4330965567485814,3.79,2590.0,1.31,43.9,Business,Low,0,Friday,September,1,False,True,False,False,False,False,False,True,False,False,False,False,0.0,Low,5.197225504986763,2.200552367428894,7.467931440499437,1.4133246098594512,1.137265784680176,0,-1.0839400062882072,-1.0991663952706623,0
T01988,R0104,Zone_9,-1.468600248954642,-1.3131558993049488,-1.3319098296702765,2024-02-28,0.0,Diya Gupta,52.0,Male,Kolkata,2025-08-31 00:03:47.581311,0.5590549577479722,-0.026056301031792503,3.7,11037.0,1.83,56.1,Mixed,Low,0,Wednesday,February,1,False,False,False,False,False,False,False,False,False,False,False,True,0.0,Low,3.3881121421135,1.0296194171811581,3.9597979746446663,-1.7112490162600968,-1.464277387544063,0,-0.9340565619857528,-0.3042589321795199,0
T01989,R0185,Zone_8,1.1807146286449275,1.811735096209681,1.3788646133379225,2023-02-17,0.0,Vivaan Sharma,27.0,Male,Delhi,2024-02-27 00:03:47.581311,-0.22243250446568272,-1.4330965567485814,4.05,4516.0,1.93,31.0,Business,Low,0,Friday,February,1,True,False,False,False,False,False,False,False,False,False,True,False,0.0,Low,5.463535150858622,2.649714624089247,11.054410884348384,-1.0869703555990426,-0.7481013307079293,0,1.0322714811250175,-1.0991663952706623,0
T01990,R0153,Zone_5,-0.32017476897315467,-0.7569417303699376,-0.25821611368234504,2023-04-02,1.0,Aadhya Ghosh,20.0,Female,Mumbai,2024-02-14 00:03:47.581311,-1.0039199666793377,-0.026056301031792503,4.54,2590.0,1.31,43.9,Business,Low,0,Sunday,April,0,False,True,False,False,False,False,False,True,False,False,False,False,0.0,Low,4.712498763740616,2.0438143640366846,5.885575587824865,-1.3693268981629414,-1.249269786847839,0,1.078663975790063,0.3316670382933942,0
T01991,R0051,Zone_3,0.6905330213357561,1.153137622971759,-0.47539865314980106,2024-02-26,0.0,Aarav Nair,21.0,Male,Kolkata,2023-10-18 00:03:47.581311,0.9497986888547996,-0.026056301031792503,4.02,12971.0,2.11,38.0,Business,Low,0,Monday,February,1,True,False,False,False,False,True,False,False,False,False,False,False,0.0,Low,4.551769409260976,2.489064659936664,9.987492177719089,-1.280932631707338,-0.588556645330157,0,1.503333734647017,-0.383749678488634,0
T01992,R0100,Zone_8,-1.7020200619590093,-1.6120916789171724,-1.486158045843775,2023-04-05,1.0,Ishaan Gupta,28.0,Female,Delhi,2026-01-15 00:03:47.581311,1.7312861510684545,-0.7295764288901869,3.79,4516.0,1.93,31.0,Business,Low,0,Wednesday,April,0,False,True,False,False,False,False,False,False,False,False,True,False,0.0,Low,2.8831233291713367,0.5877866649021191,2.3430749027719964,0.21361798235368046,0.23335159497734753,0,-1.4229620826866158,-0.8010760966114839,0
T01993,R0294,Zone_4,0.7162092007662364,0.49630032115451755,-0.27805553501300806,2023-09-06,0.0,Arjun Reddy,24.0,Female,Surat,2024-05-26 00:03:47.581311,-0.22243250446568272,-0.7295764288901869,3.2,4038.0,2.46,48.2,Business,Low,0,Wednesday,September,0,True,False,False,False,False,False,True,False,False,False,False,False,0.0,Low,4.698842661850726,2.498151876538021,8.795453370918409,0.003225597353399086,-0.35171877904125626,0,0.7146613253412452,-0.5881544547120707,0
T01994,R0260,Zone_10,-0.22680684377140764,-0.5642029598054322,-0.7301578449389101,2023-12-11,1.0,Reyansh Das,55.0,Male,Mumbai,2024-10-31 00:03:47.581311,-0.6131762355725101,-1.4330965567485814,4.24,2440.0,1.54,35.4,Industrial,Low,0,Monday,December,1,False,False,True,True,False,False,False,False,False,False,False,False,0.0,Low,4.322939892214555,2.0943301541735866,6.419501538281613,-1.0568040583165752,-0.4993508953180304,0,0.15081408248915495,-1.0991663952706623,0
T01995,R0207,Zone_7,-0.007392219547302255,-0.32569973230323596,0.4525869949195529,2023-02-13,1.0,Ishaan Iyer,31.0,Male,Mumbai,2025-04-08 00:03:47.581311,0.16831122664114473,-0.026056301031792503,3.93,11070.0,0.64,45.2,Industrial,Low,0,Monday,February,1,False,True,False,False,False,False,False,False,False,True,False,False,0.0,Low,5.108548144618925,2.203869120054888,7.024243731534378,-0.09306101432145507,0.7916588273284412,0,-0.416601813798708,-0.204895499293127,0
T01996,R0171,Zone_6,-1.6763438825285288,-1.5842222980897327,-1.4171799253232582,2023-03-20,0.0,Kavya Singh,23.0,Male,Jaipur,2023-09-21 00:03:47.581311,-1.394663697786165,-1.4330965567485814,4.3,14627.0,0.54,37.6,Mixed,Low,0,Monday,March,1,False,True,False,False,False,False,False,False,True,False,False,False,0.0,Low,3.1406980438041767,0.6471032420585384,2.5377155080899043,-2.982816908532554,-3.0474058242556894,0,1.5996873774128804,-1.0991663952706623,0
T01997,R0287,Zone_5,0.7722299558872846,1.2493603273022884,0.8378133746646109,2024-06-25,1.0,Saanvi Singh,18.0,Female,Delhi,2023-10-14 00:03:47.581311,-0.6131762355725101,0.6774638268266019,3.33,2590.0,1.31,43.9,Business,Low,0,Tuesday,June,0,False,False,False,False,False,False,False,True,False,False,False,False,0.0,Low,5.271716684750857,2.517696472610991,10.15036945140422,-0.8122465877894053,-0.3043785946183545,0,1.517608348390108,0.6893753966844082,0
T01998,R0254,Zone_9,-0.7356620361209284,-0.6196483595568653,-0.9398513313212814,2024-03-23,0.0,Meera Kumar,18.0,Male,Delhi,2025-03-11 00:03:47.581311,-0.22243250446568272,-1.4330965567485814,3.68,11037.0,1.83,56.1,Mixed,Low,0,Saturday,March,1,False,False,False,False,False,False,False,False,False,False,False,True,0.0,Low,4.085135623136791,1.7817091333745536,6.270566162636353,2.165938649967161,1.4389443564364945,0,-0.31667951759707175,-1.0991663952706623,0
T01999,R0267,Zone_2,-0.07741816344861262,-0.2643870944828683,-0.7234571132312027,2023-10-29,1.0,Arjun Iyer,37.0,Male,Jaipur,2025-12-29 00:03:47.581311,-1.0039199666793377,1.3809839546849962,4.5,6371.0,0.91,58.4,Residential,Low,0,Sunday,October,1,False,True,False,False,True,False,False,False,False,False,False,False,0.0,Low,4.3296801543016725,2.1701959049483,7.1714712576988,0.79338615445082,0.2100640020116088,0,-1.3622949742784796,1.7625004718574506,0
T02000,R0202,Zone_10,0.9169502399499921,1.5843796210384606,0.25051394851849584,2024-02-03,0.0,Aadhya Reddy,27.0,Male,Ahmedabad,2025-07-17 00:03:47.581311,0.16831122664114473,-1.4330965567485814,4.72,2440.0,1.54,35.4,Industrial,Low,0,Saturday,February,1,False,False,False,True,False,False,False,False,False,False,False,False,0.0,Low,5.010968571886377,2.5664866367804233,10.698130677833394,0.6605001072125638,-0.5075459023056194,0,-0.7734671573759803,-1.0991663952706623,0
